ABORT_PENALTY,BB_ALWAYS_RETIRE_READ,BB_AUTORETIRE,BB_DYNAMIC_TS,BB_LAST_RETIRE,BB_OPT_RAW,BB_PRECOMMIT,CC_ALG,COMPILE_ONLY,CPU_FREQ,FIRST_HS,FIXED_HS,FLIP_RATIO,LATCH,LONG_TXN_RATIO,MAX_RUNTIME,MAX_TXN_PER_PART,NDEBUG,NUM_HS,OUTPUT_TO_FILE,PF_ABORT,PF_BASIC,PF_CS,POS_HS,READ_PERC,REQ_PER_QUERY,SECOND_HS,SPECIFIED_RATIO,SYNTHETIC_YCSB,SYNTH_TABLE_SIZE,TERMINATE_BY_COUNT,THREAD_CNT,UNSET_NUMA,WORKLOAD,WW_STARV_FREE,YSPECIFIED_RATIO,ZIPF_THETA,abort_cnt,abort_cnt_long,abort_length,cascading_abort_cnt,cascading_abort_times,commit_latency,cycle_detect,deadlock_cnt,dl_detect_time,dl_wait_time,latency,lock_acquire_cnt,lock_directly_cnt,max_abort_length,run_time,throughput,time_abort,time_cleanup,time_commit,time_copy,time_get_cs,time_get_latch,time_index,time_man,time_query,time_release_cs,time_release_latch,time_retire_cs,time_retire_latch,time_semaphore_cs,time_ts_alloc,time_wait,txn_cnt,txn_cnt_long,user_abort_cnt,wait_cnt
50000,true,false,true,0,true,false,BAMBOO,false,2.8,WR,0,0,LH_MCSLOCK,0,10,1000000,true,1,true,false,true,false,SPECIFIED,1,4,WR,0,true,100000000,false,1,false,YCSB,false,0,0, 0, 0, 0, 0, 0, 5711,0,0,0,0, 5711, 0, 0, 0, 10,175074, 0, 0.17238, 0.046022, 0, 0, 0, 0.352251, 1.52364, 0.0440634, 0, 0, 0, 0, 0, 0, 0, 1750742, 0, 0, 0
50000,true,false,true,0,true,false,BAMBOO,false,2.8,WR,0,0,LH_MCSLOCK,0,10,1000000,true,1,true,false,true,false,SPECIFIED,1,16,WR,0,true,100000000,false,1,false,YCSB,false,0,0, 0, 0, 0, 0, 0, 25933,0,0,0,0, 25933, 0, 0, 0, 10,38560.6, 0, 0.103312, 0.00950509, 0, 0, 0, 0.21215, 1.49463, 0.00942349, 0, 0, 0, 0, 0, 0, 0, 385607, 0, 0, 0
50000,true,false,true,0,true,false,BAMBOO,false,2.8,WR,0,0,LH_MCSLOCK,0,10,1000000,true,1,true,false,true,false,SPECIFIED,1,64,WR,0,true,100000000,false,1,false,YCSB,false,0,0, 0, 0, 0, 0, 0, 106859,0,0,0,0, 106859, 0, 0, 0, 10.0001,9358.12, 0, 0.0894074, 0.00230694, 0, 0, 0, 0.176794, 1.49591, 0.00317761, 0, 0, 0, 0, 0, 0, 0, 93582, 0, 0, 0
50000,true,false,true,0,true,false,BAMBOO,false,2.8,WR,0,0,LH_MCSLOCK,0,10,1000000,true,1,true,false,true,false,SPECIFIED,1,4,WR,0,true,100000000,false,2,false,YCSB,false,0,0, 0, 0, 0, 0, 0, 7238,0,0,0,0, 7238, 0, 0, 0, 19.8859,276301, 0, 2.07975, 0.617571, 0, 0, 0, 0.400822, 11.4774, 0.0598071, 0, 0, 0, 0, 0, 0, 0.160186, 2747251, 0, 0, 151762
50000,true,false,true,0,true,false,BAMBOO,false,2.8,WR,0,0,LH_MCSLOCK,0,10,1000000,true,1,true,false,true,false,SPECIFIED,1,16,WR,0,true,100000000,false,2,false,YCSB,false,0,0, 0, 0, 0, 0, 0, 28202,0,0,0,0, 28202, 0, 0, 0, 19.9968,70915.7, 0, 0.759053, 0.149635, 0, 0, 0, 0.306968, 11.1741, 0.0181765, 0, 0, 0, 0, 0, 0, 0.0110451, 709043, 0, 0, 8211
50000,true,false,true,0,true,false,BAMBOO,false,2.8,WR,0,0,LH_MCSLOCK,0,10,1000000,true,1,true,false,true,false,SPECIFIED,1,64,WR,0,true,100000000,false,2,false,YCSB,false,0,0, 0, 0, 0, 0, 0, 111877,0,0,0,0, 111877, 0, 0, 0, 19.9974,17876.7, 0, 0.428985, 0.0561977, 0, 0, 0, 0.292684, 11.1634, 0.0127752, 0, 0, 0, 0, 0, 0, 0.000240962, 178744, 0, 0, 150
50000,true,false,true,0,true,false,BAMBOO,false,2.8,WR,0,0,LH_MCSLOCK,0,10,1000000,true,1,true,false,true,false,SPECIFIED,1,4,WR,0,true,100000000,false,4,false,YCSB,false,0,0, 0, 0, 0, 0, 0, 9403,0,0,0,0, 9403, 0, 0, 0, 39.9145,425373, 0, 7.30621, 1.04125, 0, 0, 0, 0.574047, 23.2374, 0.0884823, 0, 0, 0, 0, 0, 0, 1.51106, 4244644, 0, 0, 1234187
50000,true,false,true,0,true,false,BAMBOO,false,2.8,WR,0,0,LH_MCSLOCK,0,10,1000000,true,1,true,false,true,false,SPECIFIED,1,16,WR,0,true,100000000,false,4,false,YCSB,false,0,0, 0, 0, 0, 0, 0, 22859,0,0,0,0, 22859, 0, 0, 0, 39.9551,174980, 0, 2.25535, 0.462732, 0, 0, 0, 0.608805, 21.833, 0.0405316, 0, 0, 0, 0, 0, 0, 0.148347, 1747835, 0, 0, 153078
50000,true,false,true,0,true,false,BAMBOO,false,2.8,WR,0,0,LH_MCSLOCK,0,10,1000000,true,1,true,false,true,false,SPECIFIED,1,64,WR,0,true,100000000,false,4,false,YCSB,false,0,0, 0, 0, 0, 0, 0, 88254,0,0,0,0, 88254, 0, 0, 0, 39.9872,45323.3, 0, 1.18418, 0.187115, 0, 0, 0, 0.647162, 21.4351, 0.0290923, 0, 0, 0, 0, 0, 0, 0.00230472, 453089, 0, 0, 1931
50000,true,false,true,0,true,false,BAMBOO,false,2.8,WR,0,0,LH_MCSLOCK,0,10,1000000,true,1,true,false,true,false,SPECIFIED,1,4,WR,0,true,100000000,false,8,false,YCSB,false,0,0, 0, 0, 0, 0, 0, 20918,0,0,0,0, 20918, 0, 0, 0, 79.9988,382437, 0, 19.8896, 8.92424, 0, 0, 0, 0.467243, 37.6651, 0.0878413, 0, 0, 0, 0, 0, 0, 24.3529, 3824314, 0, 0, 3814299
50000,true,false,true,0,true,false,BAMBOO,false,2.8,WR,0,0,LH_MCSLOCK,0,10,1000000,true,1,true,false,true,false,SPECIFIED,1,16,WR,0,true,100000000,false,8,false,YCSB,false,0,0, 0, 0, 0, 0, 0, 27540,0,0,0,0, 27540, 0, 0, 0, 79.9151,290480, 0, 6.93252, 1.90159, 0, 0, 0, 1.14038, 44.7017, 0.0725492, 0, 0, 0, 0, 0, 0, 1.88732, 2901716, 0, 0, 1350642
50000,true,false,true,0,true,false,BAMBOO,false,2.8,WR,0,0,LH_MCSLOCK,0,10,1000000,true,1,true,false,true,false,SPECIFIED,1,64,WR,0,true,100000000,false,8,false,YCSB,false,0,0, 0, 0, 0, 0, 0, 92727,0,0,0,0, 92727, 0, 0, 0, 79.9793,86274.3, 0, 2.81368, 0.723164, 0, 0, 0, 1.32383, 43.7316, 0.0541027, 0, 0, 0, 0, 0, 0, 0.0832449, 862520, 0, 0, 94100
50000,true,false,true,0,true,false,BAMBOO,false,2.8,WR,0,0,LH_MCSLOCK,0,10,1000000,true,1,true,false,true,false,SPECIFIED,1,4,WR,0,true,100000000,false,16,false,YCSB,false,0,0, 0, 0, 0, 0, 0, 53379,0,0,0,0, 53379, 0, 0, 0, 160,299740, 0, 24.6386, 14.0117, 0, 0, 0, 0.481256, 39.8878, 0.0704624, 0, 0, 0, 0, 0, 0, 103.919, 2997405, 0, 0, 2997216
50000,true,false,true,0,true,false,BAMBOO,false,2.8,WR,0,0,LH_MCSLOCK,0,10,1000000,true,1,true,false,true,false,SPECIFIED,1,16,WR,0,true,100000000,false,16,false,YCSB,false,0,0, 0, 0, 0, 0, 0, 52276,0,0,0,0, 52276, 0, 0, 0, 159.995,306067, 0, 44.2822, 33.5544, 0, 0, 0, 1.13831, 86.9905, 0.0787849, 0, 0, 0, 0, 0, 0, 32.8013, 3060583, 0, 0, 3043683
50000,true,false,true,0,true,false,BAMBOO,false,2.8,WR,0,0,LH_MCSLOCK,0,10,1000000,true,1,true,false,true,false,SPECIFIED,1,64,WR,0,true,100000000,false,16,false,YCSB,false,0,0, 0, 0, 0, 0, 0, 96267,0,0,0,0, 96267, 0, 0, 0, 159.947,166203, 0, 7.76109, 2.54438, 0, 0, 0, 2.33961, 88.0153, 0.107662, 0, 0, 0, 0, 0, 0, 0.734996, 1661484, 0, 0, 594654
50000,true,false,true,0,true,false,BAMBOO,false,2.8,WR,0,0,LH_MCSLOCK,0,10,1000000,true,1,true,false,true,false,SPECIFIED,1,4,WR,0,true,100000000,false,32,false,YCSB,false,0,0, 0, 0, 0, 0, 0, 122132,0,0,0,0, 122132, 0, 0, 0, 320.001,262011, 0, 24.5495, 14.1419, 0, 0, 0, 0.345608, 41.0992, 0.0626194, 0, 0, 0, 0, 0, 0, 263.425, 2620115, 0, 0, 2619998
50000,true,false,true,0,true,false,BAMBOO,false,2.8,WR,0,0,LH_MCSLOCK,0,10,1000000,true,1,true,false,true,false,SPECIFIED,1,16,WR,0,true,100000000,false,32,false,YCSB,false,0,0, 0, 0, 0, 0, 0, 136925,0,0,0,0, 136925, 0, 0, 0, 320,233704, 0, 106.83, 96.3515, 0, 0, 0, 0.881417, 142.064, 0.06121, 0, 0, 0, 0, 0, 0, 144.803, 2337047, 0, 0, 2336341
50000,true,false,true,0,true,false,BAMBOO,false,2.8,WR,0,0,LH_MCSLOCK,0,10,1000000,true,1,true,false,true,false,SPECIFIED,1,64,WR,0,true,100000000,false,32,false,YCSB,false,0,0, 0, 0, 0, 0, 0, 141364,0,0,0,0, 141364, 0, 0, 0, 319.943,226365, 0, 98.4507, 87.9852, 0, 0, 0, 3.51233, 211.433, 0.137364, 0, 0, 0, 0, 0, 0, 5.42292, 2263241, 0, 0, 2115964
50000,true,false,true,0,true,false,BAMBOO,false,2.8,WR,0,0,LH_MCSLOCK,0,10,1000000,true,1,true,false,true,false,SPECIFIED,1,4,WR,0,true,100000000,false,64,false,YCSB,false,0,0, 0, 0, 0, 0, 0, 317849,0,0,0,0, 317849, 0, 0, 0, 639.978,201353, 0, 17.4443, 7.0808, 0, 0, 0, 0.265133, 36.2691, 0.0514298, 0, 0, 0, 0, 0, 0, 589.426, 2013462, 0, 0, 2013461
50000,true,false,true,0,true,false,BAMBOO,false,2.8,WR,0,0,LH_MCSLOCK,0,10,1000000,true,1,true,false,true,false,SPECIFIED,1,16,WR,0,true,100000000,false,64,false,YCSB,false,0,0, 0, 0, 0, 0, 0, 337101,0,0,0,0, 337101, 0, 0, 0, 639.988,189854, 0, 88.5014, 78.1017, 0, 0, 0, 1.00247, 121.663, 0.0504596, 0, 0, 0, 0, 0, 0, 489.483, 1898505, 0, 0, 1898407
50000,true,false,true,0,true,false,BAMBOO,false,2.8,WR,0,0,LH_MCSLOCK,0,10,1000000,true,1,true,false,true,false,SPECIFIED,1,64,WR,0,true,100000000,false,64,false,YCSB,false,0,0, 0, 0, 0, 0, 0, 535280,0,0,0,0, 535280, 0, 0, 0, 639.951,119564, 0, 516.604, 506.381, 0, 0, 0, 2.87381, 583.033, 0.0588737, 0, 0, 0, 0, 0, 0, 1.53554, 1195543, 0, 0, 945863
50000,true,false,true,0,true,false,BAMBOO,false,2.8,WR,0,0,LH_MCSLOCK,0,10,1000000,true,1,true,false,true,false,SPECIFIED,1,4,WR,0,true,100000000,false,120,false,YCSB,false,0,0, 0, 0, 0, 0, 0, 986035,0,0,0,0, 986035, 0, 0, 0, 1199.94,121699, 0, 117.237, 107.098, 0, 0, 0, 0.282425, 137.538, 0.0429283, 0, 0, 0, 0, 0, 0, 1049.33, 1216938, 0, 0, 1216936
50000,true,false,true,0,true,false,BAMBOO,false,2.8,WR,0,0,LH_MCSLOCK,0,10,1000000,true,1,true,false,true,false,SPECIFIED,1,16,WR,0,true,100000000,false,120,false,YCSB,false,0,0, 0, 0, 0, 0, 0, 1098080,0,0,0,0, 1098080, 0, 0, 0, 1199.96,109282, 0, 1050.61, 1040.52, 0, 0, 0, 0.957266, 1077.9, 0.0348018, 0, 0, 0, 0, 0, 0, 100.681, 1092778, 0, 0, 1090780
50000,true,false,true,0,true,false,BAMBOO,false,2.8,WR,0,0,LH_MCSLOCK,0,10,1000000,true,1,true,false,true,false,SPECIFIED,1,64,WR,0,true,100000000,false,120,false,YCSB,false,0,0, 0, 0, 0, 0, 0, 3135989,0,0,0,0, 3135989, 0, 0, 0, 1199.91,38265.4, 0, 1156.96, 1146.99, 0, 0, 0, 1.34365, 1182.72, 0.0173134, 0, 0, 0, 0, 0, 0, 0.215101, 382627, 0, 0, 11473
50000,true,false,true,0.15,true,false,BAMBOO,false,2.8,WR,0,0,LH_MCSLOCK,0,10,1000000,true,1,true,false,true,false,SPECIFIED,1,4,WR,0,true,100000000,false,1,false,YCSB,false,0,0, 0, 0, 0, 0, 0, 5570,0,0,0,0, 5570, 0, 0, 0, 10,179517, 0, 0.167396, 0.0440646, 0, 0, 0, 0.353104, 1.52052, 0.0422392, 0, 0, 0, 0, 0, 0, 0, 1795168, 0, 0, 0
50000,true,false,true,0.15,true,false,BAMBOO,false,2.8,WR,0,0,LH_MCSLOCK,0,10,1000000,true,1,true,false,true,false,SPECIFIED,1,16,WR,0,true,100000000,false,1,false,YCSB,false,0,0, 0, 0, 0, 0, 0, 25627,0,0,0,0, 25627, 0, 0, 0, 10,39021.2, 0, 0.105455, 0.00964829, 0, 0, 0, 0.20154, 1.49551, 0.00961467, 0, 0, 0, 0, 0, 0, 0, 390213, 0, 0, 0
50000,true,false,true,0.15,true,false,BAMBOO,false,2.8,WR,0,0,LH_MCSLOCK,0,10,1000000,true,1,true,false,true,false,SPECIFIED,1,64,WR,0,true,100000000,false,1,false,YCSB,false,0,0, 0, 0, 0, 0, 0, 106234,0,0,0,0, 106234, 0, 0, 0, 10,9413.17, 0, 0.0908371, 0.00231675, 0, 0, 0, 0.164352, 1.49633, 0.00305785, 0, 0, 0, 0, 0, 0, 0, 94132, 0, 0, 0
50000,true,false,true,0.15,true,false,BAMBOO,false,2.8,WR,0,0,LH_MCSLOCK,0,10,1000000,true,1,true,false,true,false,SPECIFIED,1,4,WR,0,true,100000000,false,2,false,YCSB,false,0,0, 0, 0, 0, 0, 0, 7329,0,0,0,0, 7329, 0, 0, 0, 19.9926,272875, 0, 2.11883, 0.589747, 0, 0, 0, 0.410912, 11.4172, 0.0600489, 0, 0, 0, 0, 0, 0, 0.118341, 2727741, 0, 0, 85860
50000,true,false,true,0.15,true,false,BAMBOO,false,2.8,WR,0,0,LH_MCSLOCK,0,10,1000000,true,1,true,false,true,false,SPECIFIED,1,16,WR,0,true,100000000,false,2,false,YCSB,false,0,0, 0, 0, 0, 0, 0, 28021,0,0,0,0, 28021, 0, 0, 0, 19.9952,71373.7, 0, 0.799667, 0.20072, 0, 0, 0, 0.301138, 11.2398, 0.0173737, 0, 0, 0, 0, 0, 0, 0.0108553, 713564, 0, 0, 10142
50000,true,false,true,0.15,true,false,BAMBOO,false,2.8,WR,0,0,LH_MCSLOCK,0,10,1000000,true,1,true,false,true,false,SPECIFIED,1,64,WR,0,true,100000000,false,2,false,YCSB,false,0,0, 0, 0, 0, 0, 0, 111309,0,0,0,0, 111309, 0, 0, 0, 19.995,17968, 0, 0.42923, 0.0538522, 0, 0, 0, 0.270956, 11.1691, 0.0132738, 0, 0, 0, 0, 0, 0, 0.000314176, 179635, 0, 0, 226
50000,true,false,true,0.15,true,false,BAMBOO,false,2.8,WR,0,0,LH_MCSLOCK,0,10,1000000,true,1,true,false,true,false,SPECIFIED,1,4,WR,0,true,100000000,false,4,false,YCSB,false,0,0, 0, 0, 0, 0, 0, 9666,0,0,0,0, 9666, 0, 0, 0, 39.8849,413779, 0, 7.49279, 1.04095, 0, 0, 0, 0.564938, 23.2451, 0.0915658, 0, 0, 0, 0, 0, 0, 1.57014, 4125882, 0, 0, 1250880
50000,true,false,true,0.15,true,false,BAMBOO,false,2.8,WR,0,0,LH_MCSLOCK,0,10,1000000,true,1,true,false,true,false,SPECIFIED,1,16,WR,0,true,100000000,false,4,false,YCSB,false,0,0, 0, 0, 0, 0, 0, 23160,0,0,0,0, 23160, 0, 0, 0, 39.9917,172709, 0, 2.2541, 0.491233, 0, 0, 0, 0.617354, 21.8529, 0.0405805, 0, 0, 0, 0, 0, 0, 0.166315, 1726734, 0, 0, 165864
50000,true,false,true,0.15,true,false,BAMBOO,false,2.8,WR,0,0,LH_MCSLOCK,0,10,1000000,true,1,true,false,true,false,SPECIFIED,1,64,WR,0,true,100000000,false,4,false,YCSB,false,0,0, 0, 0, 0, 0, 0, 87898,0,0,0,0, 87898, 0, 0, 0, 39.9871,45506.8, 0, 1.28342, 0.261351, 0, 0, 0, 0.639498, 21.5052, 0.0282147, 0, 0, 0, 0, 0, 0, 0.00480932, 454921, 0, 0, 4176
50000,true,false,true,0.15,true,false,BAMBOO,false,2.8,WR,0,0,LH_MCSLOCK,0,10,1000000,true,1,true,false,true,false,SPECIFIED,1,4,WR,0,true,100000000,false,8,false,YCSB,false,0,0, 0, 0, 0, 0, 0, 21177,0,0,0,0, 21177, 0, 0, 0, 79.9984,377754, 0, 20.2752, 9.29875, 0, 0, 0, 0.454825, 38.0143, 0.0858747, 0, 0, 0, 0, 0, 0, 24.0187, 3777465, 0, 0, 3767300
50000,true,false,true,0.15,true,false,BAMBOO,false,2.8,WR,0,0,LH_MCSLOCK,0,10,1000000,true,1,true,false,true,false,SPECIFIED,1,16,WR,0,true,100000000,false,8,false,YCSB,false,0,0, 0, 0, 0, 0, 0, 27816,0,0,0,0, 27816, 0, 0, 0, 79.9118,287604, 0, 6.87346, 1.87987, 0, 0, 0, 1.21521, 44.6657, 0.0709282, 0, 0, 0, 0, 0, 0, 1.87571, 2872869, 0, 0, 1323554
50000,true,false,true,0.15,true,false,BAMBOO,false,2.8,WR,0,0,LH_MCSLOCK,0,10,1000000,true,1,true,false,true,false,SPECIFIED,1,64,WR,0,true,100000000,false,8,false,YCSB,false,0,0, 0, 0, 0, 0, 0, 92753,0,0,0,0, 92753, 0, 0, 0, 79.9721,86250.4, 0, 2.85681, 0.754531, 0, 0, 0, 1.32812, 43.7533, 0.054065, 0, 0, 0, 0, 0, 0, 0.103349, 862203, 0, 0, 117027
50000,true,false,true,0.15,true,false,BAMBOO,false,2.8,WR,0,0,LH_MCSLOCK,0,10,1000000,true,1,true,false,true,false,SPECIFIED,1,4,WR,0,true,100000000,false,16,false,YCSB,false,0,0, 0, 0, 0, 0, 0, 52944,0,0,0,0, 52944, 0, 0, 0, 160,302204, 0, 24.4839, 13.8652, 0, 0, 0, 0.489689, 39.8223, 0.0712, 0, 0, 0, 0, 0, 0, 103.951, 3022042, 0, 0, 3021963
50000,true,false,true,0.15,true,false,BAMBOO,false,2.8,WR,0,0,LH_MCSLOCK,0,10,1000000,true,1,true,false,true,false,SPECIFIED,1,16,WR,0,true,100000000,false,16,false,YCSB,false,0,0, 0, 0, 0, 0, 0, 52550,0,0,0,0, 52550, 0, 0, 0, 159.998,304468, 0, 42.8059, 32.0529, 0, 0, 0, 1.22868, 85.3144, 0.0779286, 0, 0, 0, 0, 0, 0, 34.5481, 3044635, 0, 0, 3033366
50000,true,false,true,0.15,true,false,BAMBOO,false,2.8,WR,0,0,LH_MCSLOCK,0,10,1000000,true,1,true,false,true,false,SPECIFIED,1,64,WR,0,true,100000000,false,16,false,YCSB,false,0,0, 0, 0, 0, 0, 0, 96252,0,0,0,0, 96252, 0, 0, 0, 159.951,166230, 0, 7.80404, 2.57837, 0, 0, 0, 2.30812, 88.0235, 0.107876, 0, 0, 0, 0, 0, 0, 0.739513, 1661795, 0, 0, 608452
50000,true,false,true,0.15,true,false,BAMBOO,false,2.8,WR,0,0,LH_MCSLOCK,0,10,1000000,true,1,true,false,true,false,SPECIFIED,1,4,WR,0,true,100000000,false,32,false,YCSB,false,0,0, 0, 0, 0, 0, 0, 122652,0,0,0,0, 122652, 0, 0, 0, 320,260900, 0, 22.2635, 11.8876, 0, 0, 0, 0.337789, 38.8973, 0.0627087, 0, 0, 0, 0, 0, 0, 265.678, 2609003, 0, 0, 2608963
50000,true,false,true,0.15,true,false,BAMBOO,false,2.8,WR,0,0,LH_MCSLOCK,0,10,1000000,true,1,true,false,true,false,SPECIFIED,1,16,WR,0,true,100000000,false,32,false,YCSB,false,0,0, 0, 0, 0, 0, 0, 136722,0,0,0,0, 136722, 0, 0, 0, 319.999,234051, 0, 139.974, 129.455, 0, 0, 0, 0.868144, 175.361, 0.060927, 0, 0, 0, 0, 0, 0, 111.709, 2340501, 0, 0, 2339186
50000,true,false,true,0.15,true,false,BAMBOO,false,2.8,WR,0,0,LH_MCSLOCK,0,10,1000000,true,1,true,false,true,false,SPECIFIED,1,64,WR,0,true,100000000,false,32,false,YCSB,false,0,0, 0, 0, 0, 0, 0, 142222,0,0,0,0, 142222, 0, 0, 0, 319.937,225000, 0, 99.569, 89.0977, 0, 0, 0, 3.76776, 211.778, 0.140058, 0, 0, 0, 0, 0, 0, 5.7739, 2249563, 0, 0, 2092542
50000,true,false,true,0.15,true,false,BAMBOO,false,2.8,WR,0,0,LH_MCSLOCK,0,10,1000000,true,1,true,false,true,false,SPECIFIED,1,4,WR,0,true,100000000,false,64,false,YCSB,false,0,0, 0, 0, 0, 0, 0, 321731,0,0,0,0, 321731, 0, 0, 0, 639.991,198924, 0, 17.7836, 7.41337, 0, 0, 0, 0.278765, 36.6237, 0.050841, 0, 0, 0, 0, 0, 0, 589.114, 1989209, 0, 0, 1989207
50000,true,false,true,0.15,true,false,BAMBOO,false,2.8,WR,0,0,LH_MCSLOCK,0,10,1000000,true,1,true,false,true,false,SPECIFIED,1,16,WR,0,true,100000000,false,64,false,YCSB,false,0,0, 0, 0, 0, 0, 0, 338960,0,0,0,0, 338960, 0, 0, 0, 639.984,188813, 0, 272.257, 261.866, 0, 0, 0, 0.918367, 305.258, 0.0508032, 0, 0, 0, 0, 0, 0, 306.036, 1888082, 0, 0, 1886411
50000,true,false,true,0.15,true,false,BAMBOO,false,2.8,WR,0,0,LH_MCSLOCK,0,10,1000000,true,1,true,false,true,false,SPECIFIED,1,64,WR,0,true,100000000,false,64,false,YCSB,false,0,0, 0, 0, 0, 0, 0, 522363,0,0,0,0, 522363, 0, 0, 0, 639.954,122520, 0, 513.742, 503.514, 0, 0, 0, 2.27921, 581.606, 0.0594715, 0, 0, 0, 0, 0, 0, 1.55814, 1225113, 0, 0, 1001687
50000,true,false,true,0.15,true,false,BAMBOO,false,2.8,WR,0,0,LH_MCSLOCK,0,10,1000000,true,1,true,false,true,false,SPECIFIED,1,4,WR,0,true,100000000,false,120,false,YCSB,false,0,0, 0, 0, 0, 0, 0, 1012857,0,0,0,0, 1012857, 0, 0, 0, 1199.84,118477, 0, 35.2543, 25.0968, 0, 0, 0, 0.298538, 54.2244, 0.0419798, 0, 0, 0, 0, 0, 0, 1132.62, 1184608, 0, 0, 1184607
50000,true,false,true,0.15,true,false,BAMBOO,false,2.8,WR,0,0,LH_MCSLOCK,0,10,1000000,true,1,true,false,true,false,SPECIFIED,1,16,WR,0,true,100000000,false,120,false,YCSB,false,0,0, 0, 0, 0, 0, 0, 1130138,0,0,0,0, 1130138, 0, 0, 0, 1199.83,106182, 0, 998.349, 988.369, 0, 0, 0, 1.02268, 1027.76, 0.0335212, 0, 0, 0, 0, 0, 0, 151.077, 1061662, 0, 0, 1060059
50000,true,false,true,0.15,true,false,BAMBOO,false,2.8,WR,0,0,LH_MCSLOCK,0,10,1000000,true,1,true,false,true,false,SPECIFIED,1,64,WR,0,true,100000000,false,120,false,YCSB,false,0,0, 0, 0, 0, 0, 0, 3224038,0,0,0,0, 3224038, 0, 0, 0, 1199.88,37220.4, 0, 1158, 1148.2, 0, 0, 0, 1.85399, 1183.22, 0.0165517, 0, 0, 0, 0, 0, 0, 0.120584, 372166, 0, 0, 10655
50000,true,false,true,0,true,false,BAMBOO,false,2.8,WR,0,0,LH_MCSLOCK,0,10,1000000,true,1,true,false,true,false,SPECIFIED,1,4,WR,0,true,100000000,false,1,false,YCSB,false,0,0, 0, 0, 0, 0, 0, 5529,0,0,0,0, 5529, 0, 0, 0, 10,180848, 0, 0.167449, 0.0449963, 0, 0, 0, 0.351291, 1.5315, 0.0425101, 0, 0, 0, 0, 0, 0, 0, 1808483, 0, 0, 0
50000,true,false,true,0,true,false,BAMBOO,false,2.8,WR,0,0,LH_MCSLOCK,0,10,1000000,true,1,true,false,true,false,SPECIFIED,1,16,WR,0,true,100000000,false,1,false,YCSB,false,0,0, 0, 0, 0, 0, 0, 25924,0,0,0,0, 25924, 0, 0, 0, 10,38573.7, 0, 0.103231, 0.00950259, 0, 0, 0, 0.208833, 1.49982, 0.00947123, 0, 0, 0, 0, 0, 0, 0, 385737, 0, 0, 0
50000,true,false,true,0,true,false,BAMBOO,false,2.8,WR,0,0,LH_MCSLOCK,0,10,1000000,true,1,true,false,true,false,SPECIFIED,1,64,WR,0,true,100000000,false,1,false,YCSB,false,0,0, 0, 0, 0, 0, 0, 106718,0,0,0,0, 106718, 0, 0, 0, 10,9370.47, 0, 0.089387, 0.00230505, 0, 0, 0, 0.171928, 1.49664, 0.00305449, 0, 0, 0, 0, 0, 0, 0, 93705, 0, 0, 0
50000,true,false,true,0,true,false,BAMBOO,false,2.8,WR,0,0,LH_MCSLOCK,0,10,1000000,true,1,true,false,true,false,SPECIFIED,1,4,WR,0,true,100000000,false,2,false,YCSB,false,0,0, 0, 0, 0, 0, 0, 7553,0,0,0,0, 7553, 0, 0, 0, 19.9867,264783, 0, 2.38439, 0.689633, 0, 0, 0, 0.377728, 11.6547, 0.0594549, 0, 0, 0, 0, 0, 0, 0.229992, 2646072, 0, 0, 178849
50000,true,false,true,0,true,false,BAMBOO,false,2.8,WR,0,0,LH_MCSLOCK,0,10,1000000,true,1,true,false,true,false,SPECIFIED,1,16,WR,0,true,100000000,false,2,false,YCSB,false,0,0, 0, 0, 0, 0, 0, 28219,0,0,0,0, 28219, 0, 0, 0, 19.9954,70872.3, 0, 0.773756, 0.157408, 0, 0, 0, 0.302328, 11.191, 0.0178106, 0, 0, 0, 0, 0, 0, 0.0101082, 708561, 0, 0, 7583
50000,true,false,true,0,true,false,BAMBOO,false,2.8,WR,0,0,LH_MCSLOCK,0,10,1000000,true,1,true,false,true,false,SPECIFIED,1,64,WR,0,true,100000000,false,2,false,YCSB,false,0,0, 0, 0, 0, 0, 0, 111497,0,0,0,0, 111497, 0, 0, 0, 19.9986,17937.6, 0, 0.442261, 0.058076, 0, 0, 0, 0.279076, 11.1878, 0.0124681, 0, 0, 0, 0, 0, 0, 0.000183328, 179363, 0, 0, 110
50000,true,false,true,0,true,false,BAMBOO,false,2.8,WR,0,0,LH_MCSLOCK,0,10,1000000,true,1,true,false,true,false,SPECIFIED,1,4,WR,0,true,100000000,false,4,false,YCSB,false,0,0, 0, 0, 0, 0, 0, 9561,0,0,0,0, 9561, 0, 0, 0, 39.8777,418330, 0, 7.3885, 1.02006, 0, 0, 0, 0.554618, 23.2162, 0.0867989, 0, 0, 0, 0, 0, 0, 1.55755, 4170508, 0, 0, 1253622
50000,true,false,true,0,true,false,BAMBOO,false,2.8,WR,0,0,LH_MCSLOCK,0,10,1000000,true,1,true,false,true,false,SPECIFIED,1,16,WR,0,true,100000000,false,4,false,YCSB,false,0,0, 0, 0, 0, 0, 0, 23291,0,0,0,0, 23291, 0, 0, 0, 39.9521,171736, 0, 2.33316, 0.520763, 0, 0, 0, 0.609432, 21.8692, 0.0400808, 0, 0, 0, 0, 0, 0, 0.177158, 1715304, 0, 0, 177330
50000,true,false,true,0,true,false,BAMBOO,false,2.8,WR,0,0,LH_MCSLOCK,0,10,1000000,true,1,true,false,true,false,SPECIFIED,1,64,WR,0,true,100000000,false,4,false,YCSB,false,0,0, 0, 0, 0, 0, 0, 88404,0,0,0,0, 88404, 0, 0, 0, 39.9845,45246.8, 0, 1.27609, 0.261957, 0, 0, 0, 0.643239, 21.5097, 0.0283189, 0, 0, 0, 0, 0, 0, 0.00425917, 452293, 0, 0, 3688
50000,true,false,true,0,true,false,BAMBOO,false,2.8,WR,0,0,LH_MCSLOCK,0,10,1000000,true,1,true,false,true,false,SPECIFIED,1,4,WR,0,true,100000000,false,8,false,YCSB,false,0,0, 0, 0, 0, 0, 0, 20976,0,0,0,0, 20976, 0, 0, 0, 79.9991,381385, 0, 19.7997, 8.84169, 0, 0, 0, 0.4577, 37.4894, 0.0869099, 0, 0, 0, 0, 0, 0, 24.6023, 3813812, 0, 0, 3804332
50000,true,false,true,0,true,false,BAMBOO,false,2.8,WR,0,0,LH_MCSLOCK,0,10,1000000,true,1,true,false,true,false,SPECIFIED,1,16,WR,0,true,100000000,false,8,false,YCSB,false,0,0, 0, 0, 0, 0, 0, 28078,0,0,0,0, 28078, 0, 0, 0, 79.9071,284915, 0, 7.14717, 1.97565, 0, 0, 0, 1.19627, 44.7863, 0.0708281, 0, 0, 0, 0, 0, 0, 1.99619, 2845835, 0, 0, 1367920
50000,true,false,true,0,true,false,BAMBOO,false,2.8,WR,0,0,LH_MCSLOCK,0,10,1000000,true,1,true,false,true,false,SPECIFIED,1,64,WR,0,true,100000000,false,8,false,YCSB,false,0,0, 0, 0, 0, 0, 0, 91893,0,0,0,0, 91893, 0, 0, 0, 79.9731,87056.9, 0, 2.90111, 0.779953, 0, 0, 0, 1.29241, 43.7688, 0.0547289, 0, 0, 0, 0, 0, 0, 0.100406, 870277, 0, 0, 109623
50000,true,false,true,0,true,false,BAMBOO,false,2.8,WR,0,0,LH_MCSLOCK,0,10,1000000,true,1,true,false,true,false,SPECIFIED,1,4,WR,0,true,100000000,false,16,false,YCSB,false,0,0, 0, 0, 0, 0, 0, 53942,0,0,0,0, 53942, 0, 0, 0, 160,296610, 0, 24.7012, 14.0823, 0, 0, 0, 0.470158, 39.8894, 0.0699294, 0, 0, 0, 0, 0, 0, 103.966, 2966097, 0, 0, 2965784
50000,true,false,true,0,true,false,BAMBOO,false,2.8,WR,0,0,LH_MCSLOCK,0,10,1000000,true,1,true,false,true,false,SPECIFIED,1,16,WR,0,true,100000000,false,16,false,YCSB,false,0,0, 0, 0, 0, 0, 0, 52476,0,0,0,0, 52476, 0, 0, 0, 159.998,304898, 0, 42.2859, 31.5303, 0, 0, 0, 1.13541, 84.8133, 0.0780609, 0, 0, 0, 0, 0, 0, 35.0964, 3048934, 0, 0, 3039320
50000,true,false,true,0,true,false,BAMBOO,false,2.8,WR,0,0,LH_MCSLOCK,0,10,1000000,true,1,true,false,true,false,SPECIFIED,1,64,WR,0,true,100000000,false,16,false,YCSB,false,0,0, 0, 0, 0, 0, 0, 95826,0,0,0,0, 95826, 0, 0, 0, 159.948,166968, 0, 7.94986, 2.74564, 0, 0, 0, 2.40887, 88.1269, 0.107049, 0, 0, 0, 0, 0, 0, 0.696168, 1669143, 0, 0, 582502
50000,true,false,true,0,true,false,BAMBOO,false,2.8,WR,0,0,LH_MCSLOCK,0,10,1000000,true,1,true,false,true,false,SPECIFIED,1,4,WR,0,true,100000000,false,32,false,YCSB,false,0,0, 0, 0, 0, 0, 0, 123107,0,0,0,0, 123107, 0, 0, 0, 320,259935, 0, 23.6075, 13.1749, 0, 0, 0, 0.406761, 39.9736, 0.0626166, 0, 0, 0, 0, 0, 0, 264.608, 2599347, 0, 0, 2599231
50000,true,false,true,0,true,false,BAMBOO,false,2.8,WR,0,0,LH_MCSLOCK,0,10,1000000,true,1,true,false,true,false,SPECIFIED,1,16,WR,0,true,100000000,false,32,false,YCSB,false,0,0, 0, 0, 0, 0, 0, 137850,0,0,0,0, 137850, 0, 0, 0, 320,232136, 0, 134.848, 124.371, 0, 0, 0, 0.863506, 170.303, 0.0609616, 0, 0, 0, 0, 0, 0, 116.779, 2321358, 0, 0, 2319019
50000,true,false,true,0,true,false,BAMBOO,false,2.8,WR,0,0,LH_MCSLOCK,0,10,1000000,true,1,true,false,true,false,SPECIFIED,1,64,WR,0,true,100000000,false,32,false,YCSB,false,0,0, 0, 0, 0, 0, 0, 141646,0,0,0,0, 141646, 0, 0, 0, 319.939,225915, 0, 98.8115, 88.3135, 0, 0, 0, 3.56401, 211.445, 0.138521, 0, 0, 0, 0, 0, 0, 5.72084, 2258718, 0, 0, 2102129
50000,true,false,true,0,true,false,BAMBOO,false,2.8,WR,0,0,LH_MCSLOCK,0,10,1000000,true,1,true,false,true,false,SPECIFIED,1,4,WR,0,true,100000000,false,64,false,YCSB,false,0,0, 0, 0, 0, 0, 0, 316344,0,0,0,0, 316344, 0, 0, 0, 639.977,202311, 0, 17.1618, 6.79885, 0, 0, 0, 0.281598, 35.9935, 0.0534786, 0, 0, 0, 0, 0, 0, 589.69, 2023040, 0, 0, 2023038
50000,true,false,true,0,true,false,BAMBOO,false,2.8,WR,0,0,LH_MCSLOCK,0,10,1000000,true,1,true,false,true,false,SPECIFIED,1,16,WR,0,true,100000000,false,64,false,YCSB,false,0,0, 0, 0, 0, 0, 0, 344224,0,0,0,0, 344224, 0, 0, 0, 639.982,185925, 0, 94.9537, 84.5753, 0, 0, 0, 1.8625, 128.104, 0.053509, 0, 0, 0, 0, 0, 0, 482.925, 1859200, 0, 0, 1859092
50000,true,false,true,0,true,false,BAMBOO,false,2.8,WR,0,0,LH_MCSLOCK,0,10,1000000,true,1,true,false,true,false,SPECIFIED,1,64,WR,0,true,100000000,false,64,false,YCSB,false,0,0, 0, 0, 0, 0, 0, 532773,0,0,0,0, 532773, 0, 0, 0, 639.968,120126, 0, 515.688, 505.456, 0, 0, 0, 1.96968, 582.567, 0.059387, 0, 0, 0, 0, 0, 0, 1.54496, 1201200, 0, 0, 986840
50000,true,false,true,0,true,false,BAMBOO,false,2.8,WR,0,0,LH_MCSLOCK,0,10,1000000,true,1,true,false,true,false,SPECIFIED,1,4,WR,0,true,100000000,false,120,false,YCSB,false,0,0, 0, 0, 0, 0, 0, 1004027,0,0,0,0, 1004027, 0, 0, 0, 1199.95,119519, 0, 46.1645, 36.003, 0, 0, 0, 0.322506, 65.1303, 0.04238, 0, 0, 0, 0, 0, 0, 1121.79, 1195133, 0, 0, 1195131
50000,true,false,true,0,true,false,BAMBOO,false,2.8,WR,0,0,LH_MCSLOCK,0,10,1000000,true,1,true,false,true,false,SPECIFIED,1,16,WR,0,true,100000000,false,120,false,YCSB,false,0,0, 0, 0, 0, 0, 0, 1094835,0,0,0,0, 1094835, 0, 0, 0, 1199.89,109605, 0, 1084.48, 1074.47, 0, 0, 0, 0.982189, 1112.91, 0.034911, 0, 0, 0, 0, 0, 0, 65.6795, 1095951, 0, 0, 1093862
50000,true,false,true,0,true,false,BAMBOO,false,2.8,WR,0,0,LH_MCSLOCK,0,10,1000000,true,1,true,false,true,false,SPECIFIED,1,64,WR,0,true,100000000,false,120,false,YCSB,false,0,0, 0, 0, 0, 0, 0, 3115287,0,0,0,0, 3115287, 0, 0, 0, 1199.91,38519.7, 0, 1156.4, 1146.41, 0, 0, 0, 3.3507, 1182.35, 0.0174745, 0, 0, 0, 0, 0, 0, 0.261514, 385168, 0, 0, 12116
50000,true,false,true,0.15,true,false,BAMBOO,false,2.8,WR,0,0,LH_MCSLOCK,0,10,1000000,true,1,true,false,true,false,SPECIFIED,1,4,WR,0,true,100000000,false,1,false,YCSB,false,0,0, 0, 0, 0, 0, 0, 5583,0,0,0,0, 5583, 0, 0, 0, 10,179113, 0, 0.165122, 0.0438195, 0, 0, 0, 0.361279, 1.51971, 0.0420735, 0, 0, 0, 0, 0, 0, 0, 1791134, 0, 0, 0
50000,true,false,true,0.15,true,false,BAMBOO,false,2.8,WR,0,0,LH_MCSLOCK,0,10,1000000,true,1,true,false,true,false,SPECIFIED,1,16,WR,0,true,100000000,false,1,false,YCSB,false,0,0, 0, 0, 0, 0, 0, 25687,0,0,0,0, 25687, 0, 0, 0, 10,38928.7, 0, 0.104853, 0.00960963, 0, 0, 0, 0.208004, 1.5052, 0.00952386, 0, 0, 0, 0, 0, 0, 0, 389288, 0, 0, 0
50000,true,false,true,0.15,true,false,BAMBOO,false,2.8,WR,0,0,LH_MCSLOCK,0,10,1000000,true,1,true,false,true,false,SPECIFIED,1,64,WR,0,true,100000000,false,1,false,YCSB,false,0,0, 0, 0, 0, 0, 0, 106377,0,0,0,0, 106377, 0, 0, 0, 10.0001,9400.44, 0, 0.092308, 0.00235418, 0, 0, 0, 0.175903, 1.49826, 0.00313389, 0, 0, 0, 0, 0, 0, 0, 94005, 0, 0, 0
50000,true,false,true,0.15,true,false,BAMBOO,false,2.8,WR,0,0,LH_MCSLOCK,0,10,1000000,true,1,true,false,true,false,SPECIFIED,1,4,WR,0,true,100000000,false,2,false,YCSB,false,0,0, 0, 0, 0, 0, 0, 7280,0,0,0,0, 7280, 0, 0, 0, 19.8684,274700, 0, 1.97179, 0.623396, 0, 0, 0, 0.408424, 11.2289, 0.0596331, 0, 0, 0, 0, 0, 0, 0.153523, 2728925, 0, 0, 138636
50000,true,false,true,0.15,true,false,BAMBOO,false,2.8,WR,0,0,LH_MCSLOCK,0,10,1000000,true,1,true,false,true,false,SPECIFIED,1,16,WR,0,true,100000000,false,2,false,YCSB,false,0,0, 0, 0, 0, 0, 0, 27961,0,0,0,0, 27961, 0, 0, 0, 19.9987,71528.1, 0, 0.800254, 0.198518, 0, 0, 0, 0.300813, 11.2381, 0.0170703, 0, 0, 0, 0, 0, 0, 0.00955973, 715236, 0, 0, 8659
50000,true,false,true,0.15,true,false,BAMBOO,false,2.8,WR,0,0,LH_MCSLOCK,0,10,1000000,true,1,true,false,true,false,SPECIFIED,1,64,WR,0,true,100000000,false,2,false,YCSB,false,0,0, 0, 0, 0, 0, 0, 111145,0,0,0,0, 111145, 0, 0, 0, 19.9957,17994.5, 0, 0.422509, 0.0491407, 0, 0, 0, 0.280471, 11.1729, 0.0125948, 0, 0, 0, 0, 0, 0, 0.000212231, 179906, 0, 0, 177
50000,true,false,true,0.15,true,false,BAMBOO,false,2.8,WR,0,0,LH_MCSLOCK,0,10,1000000,true,1,true,false,true,false,SPECIFIED,1,4,WR,0,true,100000000,false,4,false,YCSB,false,0,0, 0, 0, 0, 0, 0, 9564,0,0,0,0, 9564, 0, 0, 0, 39.8699,418197, 0, 7.38507, 1.06084, 0, 0, 0, 0.565796, 23.19, 0.0867757, 0, 0, 0, 0, 0, 0, 1.56788, 4168364, 0, 0, 1236515
50000,true,false,true,0.15,true,false,BAMBOO,false,2.8,WR,0,0,LH_MCSLOCK,0,10,1000000,true,1,true,false,true,false,SPECIFIED,1,16,WR,0,true,100000000,false,4,false,YCSB,false,0,0, 0, 0, 0, 0, 0, 23463,0,0,0,0, 23463, 0, 0, 0, 39.964,170479, 0, 2.39428, 0.545854, 0, 0, 0, 0.610452, 21.9248, 0.0397344, 0, 0, 0, 0, 0, 0, 0.211844, 1703255, 0, 0, 212052
50000,true,false,true,0.15,true,false,BAMBOO,false,2.8,WR,0,0,LH_MCSLOCK,0,10,1000000,true,1,true,false,true,false,SPECIFIED,1,64,WR,0,true,100000000,false,4,false,YCSB,false,0,0, 0, 0, 0, 0, 0, 87571,0,0,0,0, 87571, 0, 0, 0, 39.9848,45677.2, 0, 1.17446, 0.162383, 0, 0, 0, 0.645617, 21.4126, 0.0286528, 0, 0, 0, 0, 0, 0, 0.00216189, 456599, 0, 0, 1699
50000,true,false,true,0.15,true,false,BAMBOO,false,2.8,WR,0,0,LH_MCSLOCK,0,10,1000000,true,1,true,false,true,false,SPECIFIED,1,4,WR,0,true,100000000,false,8,false,YCSB,false,0,0, 0, 0, 0, 0, 0, 20413,0,0,0,0, 20413, 0, 0, 0, 79.9989,391903, 0, 19.889, 8.92505, 0, 0, 0, 0.452052, 37.7837, 0.0899697, 0, 0, 0, 0, 0, 0, 24.0201, 3918975, 0, 0, 3908964
50000,true,false,true,0.15,true,false,BAMBOO,false,2.8,WR,0,0,LH_MCSLOCK,0,10,1000000,true,1,true,false,true,false,SPECIFIED,1,16,WR,0,true,100000000,false,8,false,YCSB,false,0,0, 0, 0, 0, 0, 0, 27670,0,0,0,0, 27670, 0, 0, 0, 79.8965,289117, 0, 6.86306, 1.91534, 0, 0, 0, 1.21764, 44.6568, 0.0718686, 0, 0, 0, 0, 0, 0, 1.87715, 2887429, 0, 0, 1332745
50000,true,false,true,0.15,true,false,BAMBOO,false,2.8,WR,0,0,LH_MCSLOCK,0,10,1000000,true,1,true,false,true,false,SPECIFIED,1,64,WR,0,true,100000000,false,8,false,YCSB,false,0,0, 0, 0, 0, 0, 0, 91797,0,0,0,0, 91797, 0, 0, 0, 79.9732,87148.5, 0, 2.99081, 0.853211, 0, 0, 0, 1.32354, 43.7623, 0.0540532, 0, 0, 0, 0, 0, 0, 0.104664, 871193, 0, 0, 108819
50000,true,false,true,0.15,true,false,BAMBOO,false,2.8,WR,0,0,LH_MCSLOCK,0,10,1000000,true,1,true,false,true,false,SPECIFIED,1,4,WR,0,true,100000000,false,16,false,YCSB,false,0,0, 0, 0, 0, 0, 0, 53188,0,0,0,0, 53188, 0, 0, 0, 160,300819, 0, 26.6841, 16.0406, 0, 0, 0, 0.489929, 41.9745, 0.0709199, 0, 0, 0, 0, 0, 0, 101.808, 3008190, 0, 0, 3008037
50000,true,false,true,0.15,true,false,BAMBOO,false,2.8,WR,0,0,LH_MCSLOCK,0,10,1000000,true,1,true,false,true,false,SPECIFIED,1,16,WR,0,true,100000000,false,16,false,YCSB,false,0,0, 0, 0, 0, 0, 0, 52627,0,0,0,0, 52627, 0, 0, 0, 159.998,304026, 0, 42.5045, 31.7592, 0, 0, 0, 1.1343, 84.9324, 0.0772277, 0, 0, 0, 0, 0, 0, 35.0394, 3040227, 0, 0, 3030980
50000,true,false,true,0.15,true,false,BAMBOO,false,2.8,WR,0,0,LH_MCSLOCK,0,10,1000000,true,1,true,false,true,false,SPECIFIED,1,64,WR,0,true,100000000,false,16,false,YCSB,false,0,0, 0, 0, 0, 0, 0, 97077,0,0,0,0, 97077, 0, 0, 0, 159.954,164816, 0, 8.5179, 2.99668, 0, 0, 0, 2.41114, 88.4631, 0.104548, 0, 0, 0, 0, 0, 0, 0.897994, 1647689, 0, 0, 668839
50000,true,false,true,0.15,true,false,BAMBOO,false,2.8,WR,0,0,LH_MCSLOCK,0,10,1000000,true,1,true,false,true,false,SPECIFIED,1,4,WR,0,true,100000000,false,32,false,YCSB,false,0,0, 0, 0, 0, 0, 0, 122015,0,0,0,0, 122015, 0, 0, 0, 320,262261, 0, 24.5019, 14.0935, 0, 0, 0, 0.334744, 40.9485, 0.0632321, 0, 0, 0, 0, 0, 0, 263.202, 2622615, 0, 0, 2622474
50000,true,false,true,0.15,true,false,BAMBOO,false,2.8,WR,0,0,LH_MCSLOCK,0,10,1000000,true,1,true,false,true,false,SPECIFIED,1,16,WR,0,true,100000000,false,32,false,YCSB,false,0,0, 0, 0, 0, 0, 0, 139156,0,0,0,0, 139156, 0, 0, 0, 320,229957, 0, 117.124, 106.63, 0, 0, 0, 0.885568, 152.174, 0.0611352, 0, 0, 0, 0, 0, 0, 135.077, 2299571, 0, 0, 2299040
50000,true,false,true,0.15,true,false,BAMBOO,false,2.8,WR,0,0,LH_MCSLOCK,0,10,1000000,true,1,true,false,true,false,SPECIFIED,1,64,WR,0,true,100000000,false,32,false,YCSB,false,0,0, 0, 0, 0, 0, 0, 139738,0,0,0,0, 139738, 0, 0, 0, 319.926,228999, 0, 96.75, 86.2688, 0, 0, 0, 3.5653, 210.463, 0.139283, 0, 0, 0, 0, 0, 0, 5.51573, 2289461, 0, 0, 2140052
50000,true,false,true,0.15,true,false,BAMBOO,false,2.8,WR,0,0,LH_MCSLOCK,0,10,1000000,true,1,true,false,true,false,SPECIFIED,1,4,WR,0,true,100000000,false,64,false,YCSB,false,0,0, 0, 0, 0, 0, 0, 323999,0,0,0,0, 323999, 0, 0, 0, 639.981,197531, 0, 18.017, 7.65594, 0, 0, 0, 0.277331, 36.8639, 0.0509779, 0, 0, 0, 0, 0, 0, 588.87, 1975256, 0, 0, 1975255
50000,true,false,true,0.15,true,false,BAMBOO,false,2.8,WR,0,0,LH_MCSLOCK,0,10,1000000,true,1,true,false,true,false,SPECIFIED,1,16,WR,0,true,100000000,false,64,false,YCSB,false,0,0, 0, 0, 0, 0, 0, 340759,0,0,0,0, 340759, 0, 0, 0, 639.988,187816, 0, 134.352, 123.968, 0, 0, 0, 1.22779, 167.378, 0.049849, 0, 0, 0, 0, 0, 0, 443.889, 1878122, 0, 0, 1877975
50000,true,false,true,0.15,true,false,BAMBOO,false,2.8,WR,0,0,LH_MCSLOCK,0,10,1000000,true,1,true,false,true,false,SPECIFIED,1,64,WR,0,true,100000000,false,64,false,YCSB,false,0,0, 0, 0, 0, 0, 0, 533334,0,0,0,0, 533334, 0, 0, 0, 639.953,120000, 0, 515.862, 505.638, 0, 0, 0, 2.43423, 582.708, 0.0584481, 0, 0, 0, 0, 0, 0, 1.54308, 1199909, 0, 0, 976902
50000,true,false,true,0.15,true,false,BAMBOO,false,2.8,WR,0,0,LH_MCSLOCK,0,10,1000000,true,1,true,false,true,false,SPECIFIED,1,4,WR,0,true,100000000,false,120,false,YCSB,false,0,0, 0, 0, 0, 0, 0, 987315,0,0,0,0, 987315, 0, 0, 0, 1199.91,121542, 0, 22.4599, 12.2505, 0, 0, 0, 0.32201, 41.5764, 0.0432982, 0, 0, 0, 0, 0, 0, 1145.07, 1215324, 0, 0, 1215323
50000,true,false,true,0.15,true,false,BAMBOO,false,2.8,WR,0,0,LH_MCSLOCK,0,10,1000000,true,1,true,false,true,false,SPECIFIED,1,16,WR,0,true,100000000,false,120,false,YCSB,false,0,0, 0, 0, 0, 0, 0, 1123867,0,0,0,0, 1123867, 0, 0, 0, 1199.88,106774, 0, 1060.05, 1049.9, 0, 0, 0, 0.92935, 1087.2, 0.0333774, 0, 0, 0, 0, 0, 0, 91.5492, 1067636, 0, 0, 1066017
50000,true,false,true,0.15,true,false,BAMBOO,false,2.8,WR,0,0,LH_MCSLOCK,0,10,1000000,true,1,true,false,true,false,SPECIFIED,1,64,WR,0,true,100000000,false,120,false,YCSB,false,0,0, 0, 0, 0, 0, 0, 3125297,0,0,0,0, 3125297, 0, 0, 0, 1200.05,38396.3, 0, 1156.97, 1146.95, 0, 0, 0, 1.50412, 1182.9, 0.016291, 0, 0, 0, 0, 0, 0, 0.129373, 383981, 0, 0, 10939
50000,true,false,true,0,true,false,BAMBOO,false,2.8,WR,0,0,LH_MCSLOCK,0,10,1000000,true,1,true,false,true,false,SPECIFIED,1,4,WR,0,true,100000000,false,1,false,YCSB,false,0,0, 0, 0, 0, 0, 0, 5549,0,0,0,0, 5549, 0, 0, 0, 10,180191, 0, 0.164128, 0.04404, 0, 0, 0, 0.356474, 1.52647, 0.0421216, 0, 0, 0, 0, 0, 0, 0, 1801914, 0, 0, 0
50000,true,false,true,0,true,false,BAMBOO,false,2.8,WR,0,0,LH_MCSLOCK,0,10,1000000,true,1,true,false,true,false,SPECIFIED,1,16,WR,0,true,100000000,false,1,false,YCSB,false,0,0, 0, 0, 0, 0, 0, 25676,0,0,0,0, 25676, 0, 0, 0, 10,38946.5, 0, 0.104115, 0.00957872, 0, 0, 0, 0.198949, 1.5037, 0.00943728, 0, 0, 0, 0, 0, 0, 0, 389466, 0, 0, 0
50000,true,false,true,0,true,false,BAMBOO,false,2.8,WR,0,0,LH_MCSLOCK,0,10,1000000,true,1,true,false,true,false,SPECIFIED,1,64,WR,0,true,100000000,false,1,false,YCSB,false,0,0, 0, 0, 0, 0, 0, 107226,0,0,0,0, 107226, 0, 0, 0, 10.0001,9326.04, 0, 0.0895156, 0.00229136, 0, 0, 0, 0.176142, 1.497, 0.00306873, 0, 0, 0, 0, 0, 0, 0, 93261, 0, 0, 0
50000,true,false,true,0,true,false,BAMBOO,false,2.8,WR,0,0,LH_MCSLOCK,0,10,1000000,true,1,true,false,true,false,SPECIFIED,1,4,WR,0,true,100000000,false,2,false,YCSB,false,0,0, 0, 0, 0, 0, 0, 7372,0,0,0,0, 7372, 0, 0, 0, 19.902,271294, 0, 2.19606, 0.672672, 0, 0, 0, 0.422221, 11.5782, 0.0588732, 0, 0, 0, 0, 0, 0, 0.173519, 2699643, 0, 0, 166169
50000,true,false,true,0,true,false,BAMBOO,false,2.8,WR,0,0,LH_MCSLOCK,0,10,1000000,true,1,true,false,true,false,SPECIFIED,1,16,WR,0,true,100000000,false,2,false,YCSB,false,0,0, 0, 0, 0, 0, 0, 28039,0,0,0,0, 28039, 0, 0, 0, 19.9571,71327.4, 0, 0.766898, 0.173504, 0, 0, 0, 0.303519, 11.192, 0.0174626, 0, 0, 0, 0, 0, 0, 0.00937428, 711744, 0, 0, 6963
50000,true,false,true,0,true,false,BAMBOO,false,2.8,WR,0,0,LH_MCSLOCK,0,10,1000000,true,1,true,false,true,false,SPECIFIED,1,64,WR,0,true,100000000,false,2,false,YCSB,false,0,0, 0, 0, 0, 0, 0, 112188,0,0,0,0, 112188, 0, 0, 0, 19.9976,17827.2, 0, 0.41444, 0.0469847, 0, 0, 0, 0.297255, 11.1542, 0.0122521, 0, 0, 0, 0, 0, 0, 0.00022734, 178250, 0, 0, 155
50000,true,false,true,0,true,false,BAMBOO,false,2.8,WR,0,0,LH_MCSLOCK,0,10,1000000,true,1,true,false,true,false,SPECIFIED,1,4,WR,0,true,100000000,false,4,false,YCSB,false,0,0, 0, 0, 0, 0, 0, 9629,0,0,0,0, 9629, 0, 0, 0, 39.8835,415375, 0, 7.47043, 1.02078, 0, 0, 0, 0.562519, 23.2476, 0.0861308, 0, 0, 0, 0, 0, 0, 1.60364, 4141648, 0, 0, 1274911
50000,true,false,true,0,true,false,BAMBOO,false,2.8,WR,0,0,LH_MCSLOCK,0,10,1000000,true,1,true,false,true,false,SPECIFIED,1,16,WR,0,true,100000000,false,4,false,YCSB,false,0,0, 0, 0, 0, 0, 0, 23352,0,0,0,0, 23352, 0, 0, 0, 39.9539,171291, 0, 2.24116, 0.478617, 0, 0, 0, 0.611254, 21.8031, 0.0402138, 0, 0, 0, 0, 0, 0, 0.159007, 1710935, 0, 0, 159616
50000,true,false,true,0,true,false,BAMBOO,false,2.8,WR,0,0,LH_MCSLOCK,0,10,1000000,true,1,true,false,true,false,SPECIFIED,1,64,WR,0,true,100000000,false,4,false,YCSB,false,0,0, 0, 0, 0, 0, 0, 88659,0,0,0,0, 88659, 0, 0, 0, 39.9883,45116.4, 0, 1.25001, 0.236459, 0, 0, 0, 0.638808, 21.4871, 0.0283673, 0, 0, 0, 0, 0, 0, 0.00383377, 451032, 0, 0, 3072
50000,true,false,true,0,true,false,BAMBOO,false,2.8,WR,0,0,LH_MCSLOCK,0,10,1000000,true,1,true,false,true,false,SPECIFIED,1,4,WR,0,true,100000000,false,8,false,YCSB,false,0,0, 0, 0, 0, 0, 0, 20748,0,0,0,0, 20748, 0, 0, 0, 79.9986,385578, 0, 19.8094, 8.83137, 0, 0, 0, 0.465048, 37.6066, 0.0875519, 0, 0, 0, 0, 0, 0, 24.3513, 3855716, 0, 0, 3845188
50000,true,false,true,0,true,false,BAMBOO,false,2.8,WR,0,0,LH_MCSLOCK,0,10,1000000,true,1,true,false,true,false,SPECIFIED,1,16,WR,0,true,100000000,false,8,false,YCSB,false,0,0, 0, 0, 0, 0, 0, 27662,0,0,0,0, 27662, 0, 0, 0, 79.9108,289200, 0, 7.04611, 1.96129, 0, 0, 0, 1.15942, 44.6697, 0.0726182, 0, 0, 0, 0, 0, 0, 1.92276, 2888780, 0, 0, 1358510
50000,true,false,true,0,true,false,BAMBOO,false,2.8,WR,0,0,LH_MCSLOCK,0,10,1000000,true,1,true,false,true,false,SPECIFIED,1,64,WR,0,true,100000000,false,8,false,YCSB,false,0,0, 0, 0, 0, 0, 0, 93185,0,0,0,0, 93185, 0, 0, 0, 79.9692,85849.8, 0, 2.88754, 0.770369, 0, 0, 0, 1.31206, 43.763, 0.0543435, 0, 0, 0, 0, 0, 0, 0.111858, 858168, 0, 0, 116334
50000,true,false,true,0,true,false,BAMBOO,false,2.8,WR,0,0,LH_MCSLOCK,0,10,1000000,true,1,true,false,true,false,SPECIFIED,1,4,WR,0,true,100000000,false,16,false,YCSB,false,0,0, 0, 0, 0, 0, 0, 53485,0,0,0,0, 53485, 0, 0, 0, 160,299147, 0, 25.2937, 14.6691, 0, 0, 0, 0.471899, 40.6397, 0.0703748, 0, 0, 0, 0, 0, 0, 103.179, 2991466, 0, 0, 2991281
50000,true,false,true,0,true,false,BAMBOO,false,2.8,WR,0,0,LH_MCSLOCK,0,10,1000000,true,1,true,false,true,false,SPECIFIED,1,16,WR,0,true,100000000,false,16,false,YCSB,false,0,0, 0, 0, 0, 0, 0, 51450,0,0,0,0, 51450, 0, 0, 0, 159.997,310976, 0, 43.4401, 32.6908, 0, 0, 0, 1.25222, 86.7027, 0.0792342, 0, 0, 0, 0, 0, 0, 32.5644, 3109707, 0, 0, 3090467
50000,true,false,true,0,true,false,BAMBOO,false,2.8,WR,0,0,LH_MCSLOCK,0,10,1000000,true,1,true,false,true,false,SPECIFIED,1,64,WR,0,true,100000000,false,16,false,YCSB,false,0,0, 0, 0, 0, 0, 0, 95869,0,0,0,0, 95869, 0, 0, 0, 159.948,166893, 0, 7.93023, 2.66092, 0, 0, 0, 2.29617, 88.0846, 0.10592, 0, 0, 0, 0, 0, 0, 0.749085, 1668390, 0, 0, 611917
50000,true,false,true,0,true,false,BAMBOO,false,2.8,WR,0,0,LH_MCSLOCK,0,10,1000000,true,1,true,false,true,false,SPECIFIED,1,4,WR,0,true,100000000,false,32,false,YCSB,false,0,0, 0, 0, 0, 0, 0, 122327,0,0,0,0, 122327, 0, 0, 0, 320,261593, 0, 24.1397, 13.7236, 0, 0, 0, 0.332014, 40.6758, 0.0626628, 0, 0, 0, 0, 0, 0, 263.919, 2615933, 0, 0, 2615892
50000,true,false,true,0,true,false,BAMBOO,false,2.8,WR,0,0,LH_MCSLOCK,0,10,1000000,true,1,true,false,true,false,SPECIFIED,1,16,WR,0,true,100000000,false,32,false,YCSB,false,0,0, 0, 0, 0, 0, 0, 135295,0,0,0,0, 135295, 0, 0, 0, 320,236519, 0, 127.075, 116.592, 0, 0, 0, 0.884711, 162.578, 0.0622918, 0, 0, 0, 0, 0, 0, 124.254, 2365189, 0, 0, 2363455
50000,true,false,true,0,true,false,BAMBOO,false,2.8,WR,0,0,LH_MCSLOCK,0,10,1000000,true,1,true,false,true,false,SPECIFIED,1,64,WR,0,true,100000000,false,32,false,YCSB,false,0,0, 0, 0, 0, 0, 0, 142037,0,0,0,0, 142037, 0, 0, 0, 319.925,225292, 0, 99.021, 88.5522, 0, 0, 0, 3.41874, 211.622, 0.156466, 0, 0, 0, 0, 0, 0, 5.47309, 2252398, 0, 0, 2109063
50000,true,false,true,0,true,false,BAMBOO,false,2.8,WR,0,0,LH_MCSLOCK,0,10,1000000,true,1,true,false,true,false,SPECIFIED,1,4,WR,0,true,100000000,false,64,false,YCSB,false,0,0, 0, 0, 0, 0, 0, 319183,0,0,0,0, 319183, 0, 0, 0, 639.983,200512, 0, 16.9093, 6.5388, 0, 0, 0, 0.252376, 35.65, 0.0527746, 0, 0, 0, 0, 0, 0, 590.083, 2005066, 0, 0, 2005065
50000,true,false,true,0,true,false,BAMBOO,false,2.8,WR,0,0,LH_MCSLOCK,0,10,1000000,true,1,true,false,true,false,SPECIFIED,1,16,WR,0,true,100000000,false,64,false,YCSB,false,0,0, 0, 0, 0, 0, 0, 348462,0,0,0,0, 348462, 0, 0, 0, 639.996,183664, 0, 141.074, 130.701, 0, 0, 0, 1.01482, 173.635, 0.0492699, 0, 0, 0, 0, 0, 0, 438.078, 1836625, 0, 0, 1836615
50000,true,false,true,0,true,false,BAMBOO,false,2.8,WR,0,0,LH_MCSLOCK,0,10,1000000,true,1,true,false,true,false,SPECIFIED,1,64,WR,0,true,100000000,false,64,false,YCSB,false,0,0, 0, 0, 0, 0, 0, 514178,0,0,0,0, 514178, 0, 0, 0, 639.941,124470, 0, 511.848, 501.613, 0, 0, 0, 2.91249, 580.516, 0.0619478, 0, 0, 0, 0, 0, 0, 1.56112, 1244589, 0, 0, 1037878
50000,true,false,true,0,true,false,BAMBOO,false,2.8,WR,0,0,LH_MCSLOCK,0,10,1000000,true,1,true,false,true,false,SPECIFIED,1,4,WR,0,true,100000000,false,120,false,YCSB,false,0,0, 0, 0, 0, 0, 0, 1009550,0,0,0,0, 1009550, 0, 0, 0, 1199.92,118865, 0, 156.685, 146.495, 0, 0, 0, 0.30053, 177.597, 0.0414407, 0, 0, 0, 0, 0, 0, 1009.3, 1188568, 0, 0, 1188564
50000,true,false,true,0,true,false,BAMBOO,false,2.8,WR,0,0,LH_MCSLOCK,0,10,1000000,true,1,true,false,true,false,SPECIFIED,1,16,WR,0,true,100000000,false,120,false,YCSB,false,0,0, 0, 0, 0, 0, 0, 1111332,0,0,0,0, 1111332, 0, 0, 0, 1199.88,107978, 0, 847.037, 836.988, 0, 0, 0, 0.806935, 874.163, 0.0354003, 0, 0, 0, 0, 0, 0, 304.507, 1079675, 0, 0, 1077987
50000,true,false,true,0,true,false,BAMBOO,false,2.8,WR,0,0,LH_MCSLOCK,0,10,1000000,true,1,true,false,true,false,SPECIFIED,1,64,WR,0,true,100000000,false,120,false,YCSB,false,0,0, 0, 0, 0, 0, 0, 3116071,0,0,0,0, 3116071, 0, 0, 0, 1199.97,38510, 0, 1137.73, 1127.75, 0, 0, 0, 1.65085, 1164.67, 0.0176927, 0, 0, 0, 0, 0, 0, 18.1537, 385091, 0, 0, 11753
50000,true,false,true,0.15,true,false,BAMBOO,false,2.8,WR,0,0,LH_MCSLOCK,0,10,1000000,true,1,true,false,true,false,SPECIFIED,1,4,WR,0,true,100000000,false,1,false,YCSB,false,0,0, 0, 0, 0, 0, 0, 5593,0,0,0,0, 5593, 0, 0, 0, 10,178778, 0, 0.164537, 0.0436137, 0, 0, 0, 0.362709, 1.52293, 0.0419627, 0, 0, 0, 0, 0, 0, 0, 1787781, 0, 0, 0
50000,true,false,true,0.15,true,false,BAMBOO,false,2.8,WR,0,0,LH_MCSLOCK,0,10,1000000,true,1,true,false,true,false,SPECIFIED,1,16,WR,0,true,100000000,false,1,false,YCSB,false,0,0, 0, 0, 0, 0, 0, 25761,0,0,0,0, 25761, 0, 0, 0, 10,38817.2, 0, 0.104324, 0.00954632, 0, 0, 0, 0.200825, 1.49642, 0.00953614, 0, 0, 0, 0, 0, 0, 0, 388172, 0, 0, 0
50000,true,false,true,0.15,true,false,BAMBOO,false,2.8,WR,0,0,LH_MCSLOCK,0,10,1000000,true,1,true,false,true,false,SPECIFIED,1,64,WR,0,true,100000000,false,1,false,YCSB,false,0,0, 0, 0, 0, 0, 0, 105872,0,0,0,0, 105872, 0, 0, 0, 10.0001,9445.29, 0, 0.0901713, 0.0023237, 0, 0, 0, 0.172066, 1.49812, 0.00314063, 0, 0, 0, 0, 0, 0, 0, 94454, 0, 0, 0
50000,true,false,true,0.15,true,false,BAMBOO,false,2.8,WR,0,0,LH_MCSLOCK,0,10,1000000,true,1,true,false,true,false,SPECIFIED,1,4,WR,0,true,100000000,false,2,false,YCSB,false,0,0, 0, 0, 0, 0, 0, 7165,0,0,0,0, 7165, 0, 0, 0, 19.8559,279131, 0, 1.94268, 0.619506, 0, 0, 0, 0.407227, 11.2369, 0.0608795, 0, 0, 0, 0, 0, 0, 0.128364, 2771199, 0, 0, 117154
50000,true,false,true,0.15,true,false,BAMBOO,false,2.8,WR,0,0,LH_MCSLOCK,0,10,1000000,true,1,true,false,true,false,SPECIFIED,1,16,WR,0,true,100000000,false,2,false,YCSB,false,0,0, 0, 0, 0, 0, 0, 28270,0,0,0,0, 28270, 0, 0, 0, 19.9632,70744.7, 0, 0.761952, 0.163455, 0, 0, 0, 0.304777, 11.1589, 0.0172071, 0, 0, 0, 0, 0, 0, 0.00993989, 706145, 0, 0, 8472
50000,true,false,true,0.15,true,false,BAMBOO,false,2.8,WR,0,0,LH_MCSLOCK,0,10,1000000,true,1,true,false,true,false,SPECIFIED,1,64,WR,0,true,100000000,false,2,false,YCSB,false,0,0, 0, 0, 0, 0, 0, 108661,0,0,0,0, 108661, 0, 0, 0, 19.9956,18405.8, 0, 0.455266, 0.047579, 0, 0, 0, 0.275402, 11.1885, 0.0128655, 0, 0, 0, 0, 0, 0, 7.019e-05, 184018, 0, 0, 49
50000,true,false,true,0.15,true,false,BAMBOO,false,2.8,WR,0,0,LH_MCSLOCK,0,10,1000000,true,1,true,false,true,false,SPECIFIED,1,4,WR,0,true,100000000,false,4,false,YCSB,false,0,0, 0, 0, 0, 0, 0, 9558,0,0,0,0, 9558, 0, 0, 0, 39.902,418481, 0, 7.47406, 1.03906, 0, 0, 0, 0.560688, 23.2963, 0.0861968, 0, 0, 0, 0, 0, 0, 1.51686, 4174556, 0, 0, 1222552
50000,true,false,true,0.15,true,false,BAMBOO,false,2.8,WR,0,0,LH_MCSLOCK,0,10,1000000,true,1,true,false,true,false,SPECIFIED,1,16,WR,0,true,100000000,false,4,false,YCSB,false,0,0, 0, 0, 0, 0, 0, 23419,0,0,0,0, 23419, 0, 0, 0, 39.994,170794, 0, 2.27771, 0.493736, 0, 0, 0, 0.62286, 21.8556, 0.040309, 0, 0, 0, 0, 0, 0, 0.178124, 1707688, 0, 0, 177998
50000,true,false,true,0.15,true,false,BAMBOO,false,2.8,WR,0,0,LH_MCSLOCK,0,10,1000000,true,1,true,false,true,false,SPECIFIED,1,64,WR,0,true,100000000,false,4,false,YCSB,false,0,0, 0, 0, 0, 0, 0, 93101,0,0,0,0, 93101, 0, 0, 0, 39.9863,42963.7, 0, 1.65153, 0.620088, 0, 0, 0, 0.61973, 21.6446, 0.028082, 0, 0, 0, 0, 0, 0, 0.0177202, 429490, 0, 0, 16576
50000,true,false,true,0.15,true,false,BAMBOO,false,2.8,WR,0,0,LH_MCSLOCK,0,10,1000000,true,1,true,false,true,false,SPECIFIED,1,4,WR,0,true,100000000,false,8,false,YCSB,false,0,0, 0, 0, 0, 0, 0, 20768,0,0,0,0, 20768, 0, 0, 0, 79.9971,385205, 0, 20.5058, 9.52518, 0, 0, 0, 0.485057, 38.3984, 0.0875418, 0, 0, 0, 0, 0, 0, 23.4114, 3851912, 0, 0, 3839749
50000,true,false,true,0.15,true,false,BAMBOO,false,2.8,WR,0,0,LH_MCSLOCK,0,10,1000000,true,1,true,false,true,false,SPECIFIED,1,16,WR,0,true,100000000,false,8,false,YCSB,false,0,0, 0, 0, 0, 0, 0, 27941,0,0,0,0, 27941, 0, 0, 0, 79.8916,286317, 0, 7.04339, 1.98727, 0, 0, 0, 1.14863, 44.65, 0.0716422, 0, 0, 0, 0, 0, 0, 1.92263, 2859295, 0, 0, 1338496
50000,true,false,true,0.15,true,false,BAMBOO,false,2.8,WR,0,0,LH_MCSLOCK,0,10,1000000,true,1,true,false,true,false,SPECIFIED,1,64,WR,0,true,100000000,false,8,false,YCSB,false,0,0, 0, 0, 0, 0, 0, 92443,0,0,0,0, 92443, 0, 0, 0, 79.9761,86539.7, 0, 2.85734, 0.727215, 0, 0, 0, 1.28836, 43.7425, 0.0567384, 0, 0, 0, 0, 0, 0, 0.0995452, 865138, 0, 0, 104148
50000,true,false,true,0.15,true,false,BAMBOO,false,2.8,WR,0,0,LH_MCSLOCK,0,10,1000000,true,1,true,false,true,false,SPECIFIED,1,4,WR,0,true,100000000,false,16,false,YCSB,false,0,0, 0, 0, 0, 0, 0, 53275,0,0,0,0, 53275, 0, 0, 0, 160,300325, 0, 26.7918, 16.1082, 0, 0, 0, 0.471252, 42.2139, 0.0704055, 0, 0, 0, 0, 0, 0, 101.59, 3003249, 0, 0, 3003116
50000,true,false,true,0.15,true,false,BAMBOO,false,2.8,WR,0,0,LH_MCSLOCK,0,10,1000000,true,1,true,false,true,false,SPECIFIED,1,16,WR,0,true,100000000,false,16,false,YCSB,false,0,0, 0, 0, 0, 0, 0, 52552,0,0,0,0, 52552, 0, 0, 0, 159.996,304459, 0, 44.3292, 33.5938, 0, 0, 0, 1.14849, 86.9354, 0.0767412, 0, 0, 0, 0, 0, 0, 32.9491, 3044517, 0, 0, 3031621
50000,true,false,true,0.15,true,false,BAMBOO,false,2.8,WR,0,0,LH_MCSLOCK,0,10,1000000,true,1,true,false,true,false,SPECIFIED,1,64,WR,0,true,100000000,false,16,false,YCSB,false,0,0, 0, 0, 0, 0, 0, 96499,0,0,0,0, 96499, 0, 0, 0, 159.945,165804, 0, 8.01959, 2.66748, 0, 0, 0, 2.32025, 88.171, 0.107326, 0, 0, 0, 0, 0, 0, 0.790961, 1657472, 0, 0, 627021
50000,true,false,true,0.15,true,false,BAMBOO,false,2.8,WR,0,0,LH_MCSLOCK,0,10,1000000,true,1,true,false,true,false,SPECIFIED,1,4,WR,0,true,100000000,false,32,false,YCSB,false,0,0, 0, 0, 0, 0, 0, 122408,0,0,0,0, 122408, 0, 0, 0, 319.998,261420, 0, 23.3963, 13.0144, 0, 0, 0, 0.348958, 39.8786, 0.0630147, 0, 0, 0, 0, 0, 0, 264.65, 2614187, 0, 0, 2614009
50000,true,false,true,0.15,true,false,BAMBOO,false,2.8,WR,0,0,LH_MCSLOCK,0,10,1000000,true,1,true,false,true,false,SPECIFIED,1,16,WR,0,true,100000000,false,32,false,YCSB,false,0,0, 0, 0, 0, 0, 0, 136114,0,0,0,0, 136114, 0, 0, 0, 320,235096, 0, 96.0854, 85.612, 0, 0, 0, 0.930975, 131.805, 0.0613104, 0, 0, 0, 0, 0, 0, 154.834, 2350957, 0, 0, 2348469
50000,true,false,true,0.15,true,false,BAMBOO,false,2.8,WR,0,0,LH_MCSLOCK,0,10,1000000,true,1,true,false,true,false,SPECIFIED,1,64,WR,0,true,100000000,false,32,false,YCSB,false,0,0, 0, 0, 0, 0, 0, 147470,0,0,0,0, 147470, 0, 0, 0, 319.944,216992, 0, 105.268, 94.808, 0, 0, 0, 3.38736, 214.773, 0.129029, 0, 0, 0, 0, 0, 0, 5.63882, 2169542, 0, 0, 2044753
50000,true,false,true,0.15,true,false,BAMBOO,false,2.8,WR,0,0,LH_MCSLOCK,0,10,1000000,true,1,true,false,true,false,SPECIFIED,1,4,WR,0,true,100000000,false,64,false,YCSB,false,0,0, 0, 0, 0, 0, 0, 326482,0,0,0,0, 326482, 0, 0, 0, 639.989,196029, 0, 27.1409, 16.8179, 0, 0, 0, 0.381975, 45.774, 0.0558054, 0, 0, 0, 0, 0, 0, 579.743, 1960254, 0, 0, 1960253
50000,true,false,true,0.15,true,false,BAMBOO,false,2.8,WR,0,0,LH_MCSLOCK,0,10,1000000,true,1,true,false,true,false,SPECIFIED,1,16,WR,0,true,100000000,false,64,false,YCSB,false,0,0, 0, 0, 0, 0, 0, 338885,0,0,0,0, 338885, 0, 0, 0, 639.982,188854, 0, 191.762, 181.386, 0, 0, 0, 1.14974, 224.71, 0.0497709, 0, 0, 0, 0, 0, 0, 386.468, 1888489, 0, 0, 1888186
50000,true,false,true,0.15,true,false,BAMBOO,false,2.8,WR,0,0,LH_MCSLOCK,0,10,1000000,true,1,true,false,true,false,SPECIFIED,1,64,WR,0,true,100000000,false,64,false,YCSB,false,0,0, 0, 0, 0, 0, 0, 521970,0,0,0,0, 521970, 0, 0, 0, 639.947,122612, 0, 513.557, 503.324, 0, 0, 0, 2.22713, 581.493, 0.0601711, 0, 0, 0, 0, 0, 0, 1.56871, 1226021, 0, 0, 1016787
50000,true,false,true,0.15,true,false,BAMBOO,false,2.8,WR,0,0,LH_MCSLOCK,0,10,1000000,true,1,true,false,true,false,SPECIFIED,1,4,WR,0,true,100000000,false,120,false,YCSB,false,0,0, 0, 0, 0, 0, 0, 973022,0,0,0,0, 973022, 0, 0, 0, 1199.92,123327, 0, 22.2788, 12.0345, 0, 0, 0, 0.317287, 41.4346, 0.0434378, 0, 0, 0, 0, 0, 0, 1145.33, 1233185, 0, 0, 1233184
50000,true,false,true,0.15,true,false,BAMBOO,false,2.8,WR,0,0,LH_MCSLOCK,0,10,1000000,true,1,true,false,true,false,SPECIFIED,1,16,WR,0,true,100000000,false,120,false,YCSB,false,0,0, 0, 0, 0, 0, 0, 1116419,0,0,0,0, 1116419, 0, 0, 0, 1199.84,107487, 0, 1110.87, 1100.72, 0, 0, 0, 1.00354, 1139.88, 0.0332244, 0, 0, 0, 0, 0, 0, 38.7372, 1074723, 0, 0, 1072856
50000,true,false,true,0.15,true,false,BAMBOO,false,2.8,WR,0,0,LH_MCSLOCK,0,10,1000000,true,1,true,false,true,false,SPECIFIED,1,64,WR,0,true,100000000,false,120,false,YCSB,false,0,0, 0, 0, 0, 0, 0, 3165670,0,0,0,0, 3165670, 0, 0, 0, 1200.04,37906.7, 0, 1146.45, 1136.44, 0, 0, 0, 1.15296, 1172.67, 0.0174953, 0, 0, 0, 0, 0, 0, 10.616, 379080, 0, 0, 10266
50000,true,false,true,0,true,false,BAMBOO,false,2.8,WR,0,0,LH_MCSLOCK,0,10,1000000,true,1,true,false,true,false,SPECIFIED,1,4,WR,0,true,100000000,false,1,false,YCSB,false,0,0, 0, 0, 0, 0, 0, 5597,0,0,0,0, 5597, 0, 0, 0, 10,178663, 0, 0.169432, 0.0455742, 0, 0, 0, 0.348176, 1.51945, 0.0434887, 0, 0, 0, 0, 0, 0, 0, 1786633, 0, 0, 0
50000,true,false,true,0,true,false,BAMBOO,false,2.8,WR,0,0,LH_MCSLOCK,0,10,1000000,true,1,true,false,true,false,SPECIFIED,1,16,WR,0,true,100000000,false,1,false,YCSB,false,0,0, 0, 0, 0, 0, 0, 25722,0,0,0,0, 25722, 0, 0, 0, 10,38877.1, 0, 0.10524, 0.00969765, 0, 0, 0, 0.19869, 1.49777, 0.00967732, 0, 0, 0, 0, 0, 0, 0, 388771, 0, 0, 0
50000,true,false,true,0,true,false,BAMBOO,false,2.8,WR,0,0,LH_MCSLOCK,0,10,1000000,true,1,true,false,true,false,SPECIFIED,1,64,WR,0,true,100000000,false,1,false,YCSB,false,0,0, 0, 0, 0, 0, 0, 106596,0,0,0,0, 106596, 0, 0, 0, 10.0001,9381.13, 0, 0.0897398, 0.00230654, 0, 0, 0, 0.173076, 1.49616, 0.00295899, 0, 0, 0, 0, 0, 0, 0, 93812, 0, 0, 0
50000,true,false,true,0,true,false,BAMBOO,false,2.8,WR,0,0,LH_MCSLOCK,0,10,1000000,true,1,true,false,true,false,SPECIFIED,1,4,WR,0,true,100000000,false,2,false,YCSB,false,0,0, 0, 0, 0, 0, 0, 7297,0,0,0,0, 7297, 0, 0, 0, 19.9888,274052, 0, 2.12784, 0.601384, 0, 0, 0, 0.422111, 11.4374, 0.0591208, 0, 0, 0, 0, 0, 0, 0.129889, 2738992, 0, 0, 94672
50000,true,false,true,0,true,false,BAMBOO,false,2.8,WR,0,0,LH_MCSLOCK,0,10,1000000,true,1,true,false,true,false,SPECIFIED,1,16,WR,0,true,100000000,false,2,false,YCSB,false,0,0, 0, 0, 0, 0, 0, 28287,0,0,0,0, 28287, 0, 0, 0, 19.9727,70703.8, 0, 0.76986, 0.171436, 0, 0, 0, 0.30022, 11.169, 0.0172581, 0, 0, 0, 0, 0, 0, 0.0137607, 706072, 0, 0, 12389
50000,true,false,true,0,true,false,BAMBOO,false,2.8,WR,0,0,LH_MCSLOCK,0,10,1000000,true,1,true,false,true,false,SPECIFIED,1,64,WR,0,true,100000000,false,2,false,YCSB,false,0,0, 0, 0, 0, 0, 0, 111556,0,0,0,0, 111556, 0, 0, 0, 19.9988,17928.1, 0, 0.454591, 0.0715352, 0, 0, 0, 0.29729, 11.1976, 0.0122423, 0, 0, 0, 0, 0, 0, 0.00015259, 179270, 0, 0, 95
50000,true,false,true,0,true,false,BAMBOO,false,2.8,WR,0,0,LH_MCSLOCK,0,10,1000000,true,1,true,false,true,false,SPECIFIED,1,4,WR,0,true,100000000,false,4,false,YCSB,false,0,0, 0, 0, 0, 0, 0, 9868,0,0,0,0, 9868, 0, 0, 0, 39.9141,405329, 0, 7.47357, 1.01982, 0, 0, 0, 0.576818, 23.2398, 0.0865018, 0, 0, 0, 0, 0, 0, 1.57652, 4044587, 0, 0, 1231514
50000,true,false,true,0,true,false,BAMBOO,false,2.8,WR,0,0,LH_MCSLOCK,0,10,1000000,true,1,true,false,true,false,SPECIFIED,1,16,WR,0,true,100000000,false,4,false,YCSB,false,0,0, 0, 0, 0, 0, 0, 23242,0,0,0,0, 23242, 0, 0, 0, 39.9475,172102, 0, 2.31305, 0.520985, 0, 0, 0, 0.614713, 21.8544, 0.0416597, 0, 0, 0, 0, 0, 0, 0.177046, 1718762, 0, 0, 179239
50000,true,false,true,0,true,false,BAMBOO,false,2.8,WR,0,0,LH_MCSLOCK,0,10,1000000,true,1,true,false,true,false,SPECIFIED,1,64,WR,0,true,100000000,false,4,false,YCSB,false,0,0, 0, 0, 0, 0, 0, 87933,0,0,0,0, 87933, 0, 0, 0, 39.9883,45489.1, 0, 1.18778, 0.175705, 0, 0, 0, 0.642579, 21.4428, 0.028348, 0, 0, 0, 0, 0, 0, 0.00270628, 454758, 0, 0, 2284
50000,true,false,true,0,true,false,BAMBOO,false,2.8,WR,0,0,LH_MCSLOCK,0,10,1000000,true,1,true,false,true,false,SPECIFIED,1,4,WR,0,true,100000000,false,8,false,YCSB,false,0,0, 0, 0, 0, 0, 0, 20867,0,0,0,0, 20867, 0, 0, 0, 79.9988,383376, 0, 19.8035, 8.88349, 0, 0, 0, 0.473032, 37.6303, 0.087195, 0, 0, 0, 0, 0, 0, 24.3678, 3833705, 0, 0, 3823574
50000,true,false,true,0,true,false,BAMBOO,false,2.8,WR,0,0,LH_MCSLOCK,0,10,1000000,true,1,true,false,true,false,SPECIFIED,1,16,WR,0,true,100000000,false,8,false,YCSB,false,0,0, 0, 0, 0, 0, 0, 27776,0,0,0,0, 27776, 0, 0, 0, 79.8923,288009, 0, 6.99066, 1.92941, 0, 0, 0, 1.17307, 44.7007, 0.0755203, 0, 0, 0, 0, 0, 0, 1.93482, 2876216, 0, 0, 1351805
50000,true,false,true,0,true,false,BAMBOO,false,2.8,WR,0,0,LH_MCSLOCK,0,10,1000000,true,1,true,false,true,false,SPECIFIED,1,64,WR,0,true,100000000,false,8,false,YCSB,false,0,0, 0, 0, 0, 0, 0, 93133,0,0,0,0, 93133, 0, 0, 0, 79.967,85897.8, 0, 2.90572, 0.798797, 0, 0, 0, 1.35296, 43.7618, 0.0540273, 0, 0, 0, 0, 0, 0, 0.110446, 858623, 0, 0, 111159
50000,true,false,true,0,true,false,BAMBOO,false,2.8,WR,0,0,LH_MCSLOCK,0,10,1000000,true,1,true,false,true,false,SPECIFIED,1,4,WR,0,true,100000000,false,16,false,YCSB,false,0,0, 0, 0, 0, 0, 0, 53887,0,0,0,0, 53887, 0, 0, 0, 159.999,296913, 0, 24.0433, 13.4287, 0, 0, 0, 0.496387, 39.1899, 0.0697229, 0, 0, 0, 0, 0, 0, 104.721, 2969118, 0, 0, 2968934
50000,true,false,true,0,true,false,BAMBOO,false,2.8,WR,0,0,LH_MCSLOCK,0,10,1000000,true,1,true,false,true,false,SPECIFIED,1,16,WR,0,true,100000000,false,16,false,YCSB,false,0,0, 0, 0, 0, 0, 0, 52404,0,0,0,0, 52404, 0, 0, 0, 159.997,305318, 0, 44.9399, 34.1622, 0, 0, 0, 1.13018, 87.5584, 0.0774102, 0, 0, 0, 0, 0, 0, 32.3159, 3053129, 0, 0, 3044691
50000,true,false,true,0,true,false,BAMBOO,false,2.8,WR,0,0,LH_MCSLOCK,0,10,1000000,true,1,true,false,true,false,SPECIFIED,1,64,WR,0,true,100000000,false,16,false,YCSB,false,0,0, 0, 0, 0, 0, 0, 96532,0,0,0,0, 96532, 0, 0, 0, 159.943,165747, 0, 7.9407, 2.59459, 0, 0, 0, 2.30301, 88.1238, 0.106795, 0, 0, 0, 0, 0, 0, 0.765052, 1656879, 0, 0, 609126
50000,true,false,true,0,true,false,BAMBOO,false,2.8,WR,0,0,LH_MCSLOCK,0,10,1000000,true,1,true,false,true,false,SPECIFIED,1,4,WR,0,true,100000000,false,32,false,YCSB,false,0,0, 0, 0, 0, 0, 0, 122846,0,0,0,0, 122846, 0, 0, 0, 319.994,260488, 0, 23.0859, 12.675, 0, 0, 0, 0.330016, 39.5965, 0.0626795, 0, 0, 0, 0, 0, 0, 265.008, 2604835, 0, 0, 2604764
50000,true,false,true,0,true,false,BAMBOO,false,2.8,WR,0,0,LH_MCSLOCK,0,10,1000000,true,1,true,false,true,false,SPECIFIED,1,16,WR,0,true,100000000,false,32,false,YCSB,false,0,0, 0, 0, 0, 0, 0, 138498,0,0,0,0, 138498, 0, 0, 0, 319.998,231050, 0, 102.199, 91.7208, 0, 0, 0, 0.909584, 137.282, 0.0605514, 0, 0, 0, 0, 0, 0, 149.852, 2310484, 0, 0, 2308879
50000,true,false,true,0,true,false,BAMBOO,false,2.8,WR,0,0,LH_MCSLOCK,0,10,1000000,true,1,true,false,true,false,SPECIFIED,1,64,WR,0,true,100000000,false,32,false,YCSB,false,0,0, 0, 0, 0, 0, 0, 141326,0,0,0,0, 141326, 0, 0, 0, 319.932,226427, 0, 98.1652, 87.6872, 0, 0, 0, 3.51101, 211.205, 0.140102, 0, 0, 0, 0, 0, 0, 5.57521, 2263783, 0, 0, 2115150
50000,true,false,true,0,true,false,BAMBOO,false,2.8,WR,0,0,LH_MCSLOCK,0,10,1000000,true,1,true,false,true,false,SPECIFIED,1,4,WR,0,true,100000000,false,64,false,YCSB,false,0,0, 0, 0, 0, 0, 0, 311958,0,0,0,0, 311958, 0, 0, 0, 639.979,205155, 0, 17.9305, 7.58653, 0, 0, 0, 0.407593, 36.7843, 0.0589706, 0, 0, 0, 0, 0, 0, 588.536, 2051489, 0, 0, 2051487
50000,true,false,true,0,true,false,BAMBOO,false,2.8,WR,0,0,LH_MCSLOCK,0,10,1000000,true,1,true,false,true,false,SPECIFIED,1,16,WR,0,true,100000000,false,64,false,YCSB,false,0,0, 0, 0, 0, 0, 0, 340915,0,0,0,0, 340915, 0, 0, 0, 639.989,187730, 0, 243.961, 233.577, 0, 0, 0, 0.839335, 276.84, 0.0499986, 0, 0, 0, 0, 0, 0, 334.512, 1877266, 0, 0, 1876341
50000,true,false,true,0,true,false,BAMBOO,false,2.8,WR,0,0,LH_MCSLOCK,0,10,1000000,true,1,true,false,true,false,SPECIFIED,1,64,WR,0,true,100000000,false,64,false,YCSB,false,0,0, 0, 0, 0, 0, 0, 527628,0,0,0,0, 527628, 0, 0, 0, 639.972,121298, 0, 514.986, 504.758, 0, 0, 0, 2.64197, 582.181, 0.0596374, 0, 0, 0, 0, 0, 0, 1.52603, 1212923, 0, 0, 992332
50000,true,false,true,0,true,false,BAMBOO,false,2.8,WR,0,0,LH_MCSLOCK,0,10,1000000,true,1,true,false,true,false,SPECIFIED,1,4,WR,0,true,100000000,false,120,false,YCSB,false,0,0, 0, 0, 0, 0, 0, 1012363,0,0,0,0, 1012363, 0, 0, 0, 1199.89,118535, 0, 83.6201, 73.4172, 0, 0, 0, 0.341504, 104.402, 0.0416387, 0, 0, 0, 0, 0, 0, 1082.2, 1185232, 0, 0, 1185180
50000,true,false,true,0,true,false,BAMBOO,false,2.8,WR,0,0,LH_MCSLOCK,0,10,1000000,true,1,true,false,true,false,SPECIFIED,1,16,WR,0,true,100000000,false,120,false,YCSB,false,0,0, 0, 0, 0, 0, 0, 1149706,0,0,0,0, 1149706, 0, 0, 0, 1199.78,104374, 0, 947.079, 937.269, 0, 0, 0, 0.91001, 974.965, 0.0336641, 0, 0, 0, 0, 0, 0, 204.187, 1043550, 0, 0, 1042006
50000,true,false,true,0,true,false,BAMBOO,false,2.8,WR,0,0,LH_MCSLOCK,0,10,1000000,true,1,true,false,true,false,SPECIFIED,1,64,WR,0,true,100000000,false,120,false,YCSB,false,0,0, 0, 0, 0, 0, 0, 3147334,0,0,0,0, 3147334, 0, 0, 0, 1200,38127.5, 0, 1157.06, 1147.09, 0, 0, 0, 1.35072, 1182.79, 0.0171757, 0, 0, 0, 0, 0, 0, 0.306372, 381274, 0, 0, 11414
50000,true,false,true,0.15,true,false,BAMBOO,false,2.8,WR,0,0,LH_MCSLOCK,0,10,1000000,true,1,true,false,true,false,SPECIFIED,1,4,WR,0,true,100000000,false,1,false,YCSB,false,0,0, 0, 0, 0, 0, 0, 5553,0,0,0,0, 5553, 0, 0, 0, 10,180072, 0, 0.171094, 0.044016, 0, 0, 0, 0.356476, 1.53593, 0.0418516, 0, 0, 0, 0, 0, 0, 0, 1800721, 0, 0, 0
50000,true,false,true,0.15,true,false,BAMBOO,false,2.8,WR,0,0,LH_MCSLOCK,0,10,1000000,true,1,true,false,true,false,SPECIFIED,1,16,WR,0,true,100000000,false,1,false,YCSB,false,0,0, 0, 0, 0, 0, 0, 25946,0,0,0,0, 25946, 0, 0, 0, 10,38541.4, 0, 0.10739, 0.0098098, 0, 0, 0, 0.204759, 1.49828, 0.00977225, 0, 0, 0, 0, 0, 0, 0, 385415, 0, 0, 0
50000,true,false,true,0.15,true,false,BAMBOO,false,2.8,WR,0,0,LH_MCSLOCK,0,10,1000000,true,1,true,false,true,false,SPECIFIED,1,64,WR,0,true,100000000,false,1,false,YCSB,false,0,0, 0, 0, 0, 0, 0, 107211,0,0,0,0, 107211, 0, 0, 0, 10.0001,9327.33, 0, 0.0899523, 0.00230952, 0, 0, 0, 0.178926, 1.49734, 0.00311343, 0, 0, 0, 0, 0, 0, 0, 93274, 0, 0, 0
50000,true,false,true,0.15,true,false,BAMBOO,false,2.8,WR,0,0,LH_MCSLOCK,0,10,1000000,true,1,true,false,true,false,SPECIFIED,1,4,WR,0,true,100000000,false,2,false,YCSB,false,0,0, 0, 0, 0, 0, 0, 7385,0,0,0,0, 7385, 0, 0, 0, 19.907,270786, 0, 2.1618, 0.63999, 0, 0, 0, 0.398748, 11.5431, 0.0587485, 0, 0, 0, 0, 0, 0, 0.18396, 2695264, 0, 0, 174037
50000,true,false,true,0.15,true,false,BAMBOO,false,2.8,WR,0,0,LH_MCSLOCK,0,10,1000000,true,1,true,false,true,false,SPECIFIED,1,16,WR,0,true,100000000,false,2,false,YCSB,false,0,0, 0, 0, 0, 0, 0, 28174,0,0,0,0, 28174, 0, 0, 0, 19.9596,70985.7, 0, 0.7539, 0.162972, 0, 0, 0, 0.296886, 11.1608, 0.0189154, 0, 0, 0, 0, 0, 0, 0.0110624, 708423, 0, 0, 9533
50000,true,false,true,0.15,true,false,BAMBOO,false,2.8,WR,0,0,LH_MCSLOCK,0,10,1000000,true,1,true,false,true,false,SPECIFIED,1,64,WR,0,true,100000000,false,2,false,YCSB,false,0,0, 0, 0, 0, 0, 0, 112275,0,0,0,0, 112275, 0, 0, 0, 19.9951,17813.3, 0, 0.429849, 0.060553, 0, 0, 0, 0.299772, 11.1737, 0.0124364, 0, 0, 0, 0, 0, 0, 0.000367183, 178090, 0, 0, 307
50000,true,false,true,0.15,true,false,BAMBOO,false,2.8,WR,0,0,LH_MCSLOCK,0,10,1000000,true,1,true,false,true,false,SPECIFIED,1,4,WR,0,true,100000000,false,4,false,YCSB,false,0,0, 0, 0, 0, 0, 0, 9745,0,0,0,0, 9745, 0, 0, 0, 39.9029,410453, 0, 7.46781, 1.0461, 0, 0, 0, 0.550451, 23.1858, 0.0850053, 0, 0, 0, 0, 0, 0, 1.62821, 4094566, 0, 0, 1278136
50000,true,false,true,0.15,true,false,BAMBOO,false,2.8,WR,0,0,LH_MCSLOCK,0,10,1000000,true,1,true,false,true,false,SPECIFIED,1,16,WR,0,true,100000000,false,4,false,YCSB,false,0,0, 0, 0, 0, 0, 0, 23421,0,0,0,0, 23421, 0, 0, 0, 39.9568,170781, 0, 2.30306, 0.500621, 0, 0, 0, 0.638056, 21.8427, 0.039735, 0, 0, 0, 0, 0, 0, 0.188795, 1705963, 0, 0, 184947
50000,true,false,true,0.15,true,false,BAMBOO,false,2.8,WR,0,0,LH_MCSLOCK,0,10,1000000,true,1,true,false,true,false,SPECIFIED,1,64,WR,0,true,100000000,false,4,false,YCSB,false,0,0, 0, 0, 0, 0, 0, 88079,0,0,0,0, 88079, 0, 0, 0, 39.9861,45413.6, 0, 1.19887, 0.187898, 0, 0, 0, 0.636215, 21.4891, 0.028304, 0, 0, 0, 0, 0, 0, 0.00317551, 453978, 0, 0, 2731
50000,true,false,true,0.15,true,false,BAMBOO,false,2.8,WR,0,0,LH_MCSLOCK,0,10,1000000,true,1,true,false,true,false,SPECIFIED,1,4,WR,0,true,100000000,false,8,false,YCSB,false,0,0, 0, 0, 0, 0, 0, 20550,0,0,0,0, 20550, 0, 0, 0, 79.9984,389290, 0, 20.0034, 9.07476, 0, 0, 0, 0.463566, 37.8304, 0.0886742, 0, 0, 0, 0, 0, 0, 24.0884, 3892825, 0, 0, 3882480
50000,true,false,true,0.15,true,false,BAMBOO,false,2.8,WR,0,0,LH_MCSLOCK,0,10,1000000,true,1,true,false,true,false,SPECIFIED,1,16,WR,0,true,100000000,false,8,false,YCSB,false,0,0, 0, 0, 0, 0, 0, 28082,0,0,0,0, 28082, 0, 0, 0, 79.9062,284880, 0, 7.17408, 2.01647, 0, 0, 0, 1.1642, 44.7221, 0.0724327, 0, 0, 0, 0, 0, 0, 1.99836, 2845460, 0, 0, 1361422
50000,true,false,true,0.15,true,false,BAMBOO,false,2.8,WR,0,0,LH_MCSLOCK,0,10,1000000,true,1,true,false,true,false,SPECIFIED,1,64,WR,0,true,100000000,false,8,false,YCSB,false,0,0, 0, 0, 0, 0, 0, 92069,0,0,0,0, 92069, 0, 0, 0, 79.9729,86891.2, 0, 2.76116, 0.656876, 0, 0, 0, 1.27649, 43.6932, 0.0553474, 0, 0, 0, 0, 0, 0, 0.0780278, 868618, 0, 0, 85881
50000,true,false,true,0.15,true,false,BAMBOO,false,2.8,WR,0,0,LH_MCSLOCK,0,10,1000000,true,1,true,false,true,false,SPECIFIED,1,4,WR,0,true,100000000,false,16,false,YCSB,false,0,0, 0, 0, 0, 0, 0, 53838,0,0,0,0, 53838, 0, 0, 0, 160,297184, 0, 24.8786, 14.2209, 0, 0, 0, 0.467089, 40.1016, 0.0697037, 0, 0, 0, 0, 0, 0, 103.741, 2971849, 0, 0, 2971580
50000,true,false,true,0.15,true,false,BAMBOO,false,2.8,WR,0,0,LH_MCSLOCK,0,10,1000000,true,1,true,false,true,false,SPECIFIED,1,16,WR,0,true,100000000,false,16,false,YCSB,false,0,0, 0, 0, 0, 0, 0, 51942,0,0,0,0, 51942, 0, 0, 0, 159.995,308034, 0, 50.2415, 39.4832, 0, 0, 0, 1.14133, 93.0826, 0.0780406, 0, 0, 0, 0, 0, 0, 26.7128, 3080251, 0, 0, 3061016
50000,true,false,true,0.15,true,false,BAMBOO,false,2.8,WR,0,0,LH_MCSLOCK,0,10,1000000,true,1,true,false,true,false,SPECIFIED,1,64,WR,0,true,100000000,false,16,false,YCSB,false,0,0, 0, 0, 0, 0, 0, 96229,0,0,0,0, 96229, 0, 0, 0, 159.949,166270, 0, 7.91693, 2.72779, 0, 0, 0, 2.34953, 88.0813, 0.106299, 0, 0, 0, 0, 0, 0, 0.725989, 1662170, 0, 0, 606684
50000,true,false,true,0.15,true,false,BAMBOO,false,2.8,WR,0,0,LH_MCSLOCK,0,10,1000000,true,1,true,false,true,false,SPECIFIED,1,4,WR,0,true,100000000,false,32,false,YCSB,false,0,0, 0, 0, 0, 0, 0, 121752,0,0,0,0, 121752, 0, 0, 0, 320,262827, 0, 20.1529, 9.7784, 0, 0, 0, 0.338522, 36.5307, 0.0635662, 0, 0, 0, 0, 0, 0, 267.675, 2628277, 0, 0, 2628216
50000,true,false,true,0.15,true,false,BAMBOO,false,2.8,WR,0,0,LH_MCSLOCK,0,10,1000000,true,1,true,false,true,false,SPECIFIED,1,16,WR,0,true,100000000,false,32,false,YCSB,false,0,0, 0, 0, 0, 0, 0, 137330,0,0,0,0, 137330, 0, 0, 0, 319.999,233014, 0, 87.6418, 77.1704, 0, 0, 0, 0.876301, 122.916, 0.0606174, 0, 0, 0, 0, 0, 0, 164.083, 2330132, 0, 0, 2329819
50000,true,false,true,0.15,true,false,BAMBOO,false,2.8,WR,0,0,LH_MCSLOCK,0,10,1000000,true,1,true,false,true,false,SPECIFIED,1,64,WR,0,true,100000000,false,32,false,YCSB,false,0,0, 0, 0, 0, 0, 0, 144369,0,0,0,0, 144369, 0, 0, 0, 319.932,221653, 0, 105.268, 94.8252, 0, 0, 0, 3.42092, 215.126, 0.136511, 0, 0, 0, 0, 0, 0, 4.90157, 2216058, 0, 0, 2057753
50000,true,false,true,0.15,true,false,BAMBOO,false,2.8,WR,0,0,LH_MCSLOCK,0,10,1000000,true,1,true,false,true,false,SPECIFIED,1,4,WR,0,true,100000000,false,64,false,YCSB,false,0,0, 0, 0, 0, 0, 0, 318948,0,0,0,0, 318948, 0, 0, 0, 639.986,200659, 0, 19.3061, 8.95995, 0, 0, 0, 0.358999, 38.2073, 0.0540758, 0, 0, 0, 0, 0, 0, 587.391, 2006549, 0, 0, 2006548
50000,true,false,true,0.15,true,false,BAMBOO,false,2.8,WR,0,0,LH_MCSLOCK,0,10,1000000,true,1,true,false,true,false,SPECIFIED,1,16,WR,0,true,100000000,false,64,false,YCSB,false,0,0, 0, 0, 0, 0, 0, 333965,0,0,0,0, 333965, 0, 0, 0, 639.987,191637, 0, 55.4238, 45.0386, 0, 0, 0, 1.16281, 88.8618, 0.0509247, 0, 0, 0, 0, 0, 0, 522.141, 1916326, 0, 0, 1916321
50000,true,false,true,0.15,true,false,BAMBOO,false,2.8,WR,0,0,LH_MCSLOCK,0,10,1000000,true,1,true,false,true,false,SPECIFIED,1,64,WR,0,true,100000000,false,64,false,YCSB,false,0,0, 0, 0, 0, 0, 0, 530058,0,0,0,0, 530058, 0, 0, 0, 639.958,120741, 0, 515.136, 504.914, 0, 0, 0, 2.31224, 582.297, 0.0582836, 0, 0, 0, 0, 0, 0, 1.53954, 1207335, 0, 0, 996333
50000,true,false,true,0.15,true,false,BAMBOO,false,2.8,WR,0,0,LH_MCSLOCK,0,10,1000000,true,1,true,false,true,false,SPECIFIED,1,4,WR,0,true,100000000,false,120,false,YCSB,false,0,0, 0, 0, 0, 0, 0, 1007228,0,0,0,0, 1007228, 0, 0, 0, 1199.8,119139, 0, 185.987, 175.814, 0, 0, 0, 0.307929, 204.988, 0.0415731, 0, 0, 0, 0, 0, 0, 981.608, 1191189, 0, 0, 1191183
50000,true,false,true,0.15,true,false,BAMBOO,false,2.8,WR,0,0,LH_MCSLOCK,0,10,1000000,true,1,true,false,true,false,SPECIFIED,1,16,WR,0,true,100000000,false,120,false,YCSB,false,0,0, 0, 0, 0, 0, 0, 1104819,0,0,0,0, 1104819, 0, 0, 0, 1199.88,108615, 0, 1051.31, 1041.24, 0, 0, 0, 0.883391, 1078.51, 0.0338507, 0, 0, 0, 0, 0, 0, 100.125, 1086040, 0, 0, 1084201
50000,true,false,true,0.15,true,false,BAMBOO,false,2.8,WR,0,0,LH_MCSLOCK,0,10,1000000,true,1,true,false,true,false,SPECIFIED,1,64,WR,0,true,100000000,false,120,false,YCSB,false,0,0, 0, 0, 0, 0, 0, 3049758,0,0,0,0, 3049758, 0, 0, 0, 1200.46,39347.4, 0, 1143.62, 1133.6, 0, 0, 0, 1.63762, 1170.9, 0.0178032, 0, 0, 0, 0, 0, 0, 12.1229, 393626, 0, 0, 10881
50000,true,false,true,0,true,false,BAMBOO,false,2.8,WR,0,0,LH_MCSLOCK,0,10,1000000,true,1,true,false,true,false,SPECIFIED,1,4,WR,0,true,100000000,false,1,false,YCSB,false,0,0, 0, 0, 0, 0, 0, 5548,0,0,0,0, 5548, 0, 0, 0, 10,180214, 0, 0.170424, 0.0439798, 0, 0, 0, 0.360173, 1.53349, 0.041226, 0, 0, 0, 0, 0, 0, 0, 1802140, 0, 0, 0
50000,true,false,true,0,true,false,BAMBOO,false,2.8,WR,0,0,LH_MCSLOCK,0,10,1000000,true,1,true,false,true,false,SPECIFIED,1,16,WR,0,true,100000000,false,1,false,YCSB,false,0,0, 0, 0, 0, 0, 0, 25682,0,0,0,0, 25682, 0, 0, 0, 10,38937, 0, 0.104386, 0.00957842, 0, 0, 0, 0.204037, 1.49875, 0.0095961, 0, 0, 0, 0, 0, 0, 0, 389371, 0, 0, 0
50000,true,false,true,0,true,false,BAMBOO,false,2.8,WR,0,0,LH_MCSLOCK,0,10,1000000,true,1,true,false,true,false,SPECIFIED,1,64,WR,0,true,100000000,false,1,false,YCSB,false,0,0, 0, 0, 0, 0, 0, 106391,0,0,0,0, 106391, 0, 0, 0, 10,9399.29, 0, 0.0907749, 0.00233605, 0, 0, 0, 0.175545, 1.52198, 0.00287612, 0, 0, 0, 0, 0, 0, 0, 93993, 0, 0, 0
50000,true,false,true,0,true,false,BAMBOO,false,2.8,WR,0,0,LH_MCSLOCK,0,10,1000000,true,1,true,false,true,false,SPECIFIED,1,4,WR,0,true,100000000,false,2,false,YCSB,false,0,0, 0, 0, 0, 0, 0, 7226,0,0,0,0, 7226, 0, 0, 0, 19.8607,276771, 0, 1.96246, 0.628142, 0, 0, 0, 0.417809, 11.2632, 0.0592536, 0, 0, 0, 0, 0, 0, 0.136595, 2748434, 0, 0, 124132
50000,true,false,true,0,true,false,BAMBOO,false,2.8,WR,0,0,LH_MCSLOCK,0,10,1000000,true,1,true,false,true,false,SPECIFIED,1,16,WR,0,true,100000000,false,2,false,YCSB,false,0,0, 0, 0, 0, 0, 0, 27962,0,0,0,0, 27962, 0, 0, 0, 19.9613,71523.8, 0, 0.754787, 0.159731, 0, 0, 0, 0.292458, 11.1601, 0.0172524, 0, 0, 0, 0, 0, 0, 0.0106913, 713856, 0, 0, 9320
50000,true,false,true,0,true,false,BAMBOO,false,2.8,WR,0,0,LH_MCSLOCK,0,10,1000000,true,1,true,false,true,false,SPECIFIED,1,64,WR,0,true,100000000,false,2,false,YCSB,false,0,0, 0, 0, 0, 0, 0, 111254,0,0,0,0, 111254, 0, 0, 0, 19.9956,17976.7, 0, 0.451982, 0.0506848, 0, 0, 0, 0.277008, 11.1913, 0.0124755, 0, 0, 0, 0, 0, 0, 0.000129162, 179728, 0, 0, 74
50000,true,false,true,0,true,false,BAMBOO,false,2.8,WR,0,0,LH_MCSLOCK,0,10,1000000,true,1,true,false,true,false,SPECIFIED,1,4,WR,0,true,100000000,false,4,false,YCSB,false,0,0, 0, 0, 0, 0, 0, 9590,0,0,0,0, 9590, 0, 0, 0, 39.8749,417087, 0, 7.47866, 1.03307, 0, 0, 0, 0.551847, 23.2964, 0.0859856, 0, 0, 0, 0, 0, 0, 1.56505, 4157823, 0, 0, 1257909
50000,true,false,true,0,true,false,BAMBOO,false,2.8,WR,0,0,LH_MCSLOCK,0,10,1000000,true,1,true,false,true,false,SPECIFIED,1,16,WR,0,true,100000000,false,4,false,YCSB,false,0,0, 0, 0, 0, 0, 0, 23409,0,0,0,0, 23409, 0, 0, 0, 39.9432,170873, 0, 2.32181, 0.501973, 0, 0, 0, 0.612796, 21.8746, 0.0401876, 0, 0, 0, 0, 0, 0, 0.188687, 1706305, 0, 0, 183582
50000,true,false,true,0,true,false,BAMBOO,false,2.8,WR,0,0,LH_MCSLOCK,0,10,1000000,true,1,true,false,true,false,SPECIFIED,1,64,WR,0,true,100000000,false,4,false,YCSB,false,0,0, 0, 0, 0, 0, 0, 88367,0,0,0,0, 88367, 0, 0, 0, 39.9906,45265.7, 0, 1.26871, 0.246154, 0, 0, 0, 0.616509, 21.4694, 0.0285668, 0, 0, 0, 0, 0, 0, 0.00340051, 452550, 0, 0, 2844
50000,true,false,true,0,true,false,BAMBOO,false,2.8,WR,0,0,LH_MCSLOCK,0,10,1000000,true,1,true,false,true,false,SPECIFIED,1,4,WR,0,true,100000000,false,8,false,YCSB,false,0,0, 0, 0, 0, 0, 0, 20930,0,0,0,0, 20930, 0, 0, 0, 79.9989,382213, 0, 20.1509, 9.13891, 0, 0, 0, 0.471854, 37.9317, 0.0872355, 0, 0, 0, 0, 0, 0, 24.0684, 3822073, 0, 0, 3811831
50000,true,false,true,0,true,false,BAMBOO,false,2.8,WR,0,0,LH_MCSLOCK,0,10,1000000,true,1,true,false,true,false,SPECIFIED,1,16,WR,0,true,100000000,false,8,false,YCSB,false,0,0, 0, 0, 0, 0, 0, 27779,0,0,0,0, 27779, 0, 0, 0, 79.9188,287979, 0, 6.98034, 1.95005, 0, 0, 0, 1.19143, 44.6726, 0.0709959, 0, 0, 0, 0, 0, 0, 1.89667, 2876866, 0, 0, 1345594
50000,true,false,true,0,true,false,BAMBOO,false,2.8,WR,0,0,LH_MCSLOCK,0,10,1000000,true,1,true,false,true,false,SPECIFIED,1,64,WR,0,true,100000000,false,8,false,YCSB,false,0,0, 0, 0, 0, 0, 0, 93093,0,0,0,0, 93093, 0, 0, 0, 79.9738,85935.5, 0, 2.81, 0.734206, 0, 0, 0, 1.3336, 43.715, 0.0550526, 0, 0, 0, 0, 0, 0, 0.0874965, 859074, 0, 0, 94887
50000,true,false,true,0,true,false,BAMBOO,false,2.8,WR,0,0,LH_MCSLOCK,0,10,1000000,true,1,true,false,true,false,SPECIFIED,1,4,WR,0,true,100000000,false,16,false,YCSB,false,0,0, 0, 0, 0, 0, 0, 53707,0,0,0,0, 53707, 0, 0, 0, 160,297912, 0, 21.3797, 10.7883, 0, 0, 0, 0.483533, 36.4595, 0.0701165, 0, 0, 0, 0, 0, 0, 107.417, 2979114, 0, 0, 2978988
50000,true,false,true,0,true,false,BAMBOO,false,2.8,WR,0,0,LH_MCSLOCK,0,10,1000000,true,1,true,false,true,false,SPECIFIED,1,16,WR,0,true,100000000,false,16,false,YCSB,false,0,0, 0, 0, 0, 0, 0, 52659,0,0,0,0, 52659, 0, 0, 0, 159.998,303840, 0, 43.0624, 32.3251, 0, 0, 0, 1.15233, 85.7016, 0.0773694, 0, 0, 0, 0, 0, 0, 34.1686, 3038356, 0, 0, 3019957
50000,true,false,true,0,true,false,BAMBOO,false,2.8,WR,0,0,LH_MCSLOCK,0,10,1000000,true,1,true,false,true,false,SPECIFIED,1,64,WR,0,true,100000000,false,16,false,YCSB,false,0,0, 0, 0, 0, 0, 0, 96400,0,0,0,0, 96400, 0, 0, 0, 159.948,165974, 0, 7.84235, 2.6019, 0, 0, 0, 2.30818, 88.0417, 0.105216, 0, 0, 0, 0, 0, 0, 0.736204, 1659200, 0, 0, 603670
50000,true,false,true,0,true,false,BAMBOO,false,2.8,WR,0,0,LH_MCSLOCK,0,10,1000000,true,1,true,false,true,false,SPECIFIED,1,4,WR,0,true,100000000,false,32,false,YCSB,false,0,0, 0, 0, 0, 0, 0, 123031,0,0,0,0, 123031, 0, 0, 0, 320,260095, 0, 25.7351, 15.2949, 0, 0, 0, 0.344193, 42.2312, 0.0623455, 0, 0, 0, 0, 0, 0, 262.354, 2600957, 0, 0, 2600906
50000,true,false,true,0,true,false,BAMBOO,false,2.8,WR,0,0,LH_MCSLOCK,0,10,1000000,true,1,true,false,true,false,SPECIFIED,1,16,WR,0,true,100000000,false,32,false,YCSB,false,0,0, 0, 0, 0, 0, 0, 137539,0,0,0,0, 137539, 0, 0, 0, 319.995,232661, 0, 129.38, 118.874, 0, 0, 0, 0.873878, 164.435, 0.060797, 0, 0, 0, 0, 0, 0, 122.735, 2326572, 0, 0, 2326069
50000,true,false,true,0,true,false,BAMBOO,false,2.8,WR,0,0,LH_MCSLOCK,0,10,1000000,true,1,true,false,true,false,SPECIFIED,1,64,WR,0,true,100000000,false,32,false,YCSB,false,0,0, 0, 0, 0, 0, 0, 140920,0,0,0,0, 140920, 0, 0, 0, 319.93,227079, 0, 101.545, 91.0696, 0, 0, 0, 3.50543, 213.263, 0.141653, 0, 0, 0, 0, 0, 0, 4.8638, 2270290, 0, 0, 2092243
50000,true,false,true,0,true,false,BAMBOO,false,2.8,WR,0,0,LH_MCSLOCK,0,10,1000000,true,1,true,false,true,false,SPECIFIED,1,4,WR,0,true,100000000,false,64,false,YCSB,false,0,0, 0, 0, 0, 0, 0, 326269,0,0,0,0, 326269, 0, 0, 0, 639.984,196157, 0, 18.25, 7.88895, 0, 0, 0, 0.282068, 37.0777, 0.0493814, 0, 0, 0, 0, 0, 0, 588.764, 1961518, 0, 0, 1961517
50000,true,false,true,0,true,false,BAMBOO,false,2.8,WR,0,0,LH_MCSLOCK,0,10,1000000,true,1,true,false,true,false,SPECIFIED,1,16,WR,0,true,100000000,false,64,false,YCSB,false,0,0, 0, 0, 0, 0, 0, 343422,0,0,0,0, 343422, 0, 0, 0, 639.995,186359, 0, 146.61, 136.22, 0, 0, 0, 0.961354, 179.428, 0.049852, 0, 0, 0, 0, 0, 0, 432.04, 1863579, 0, 0, 1863494
50000,true,false,true,0,true,false,BAMBOO,false,2.8,WR,0,0,LH_MCSLOCK,0,10,1000000,true,1,true,false,true,false,SPECIFIED,1,64,WR,0,true,100000000,false,64,false,YCSB,false,0,0, 0, 0, 0, 0, 0, 527083,0,0,0,0, 527083, 0, 0, 0, 639.955,121423, 0, 514.854, 504.622, 0, 0, 0, 2.12186, 582.182, 0.0591215, 0, 0, 0, 0, 0, 0, 1.52489, 1214143, 0, 0, 992227
50000,true,false,true,0,true,false,BAMBOO,false,2.8,WR,0,0,LH_MCSLOCK,0,10,1000000,true,1,true,false,true,false,SPECIFIED,1,4,WR,0,true,100000000,false,120,false,YCSB,false,0,0, 0, 0, 0, 0, 0, 1001409,0,0,0,0, 1001409, 0, 0, 0, 1199.96,119831, 0, 63.0409, 52.8802, 0, 0, 0, 0.310478, 83.9029, 0.0420088, 0, 0, 0, 0, 0, 0, 1102.95, 1198268, 0, 0, 1198264
50000,true,false,true,0,true,false,BAMBOO,false,2.8,WR,0,0,LH_MCSLOCK,0,10,1000000,true,1,true,false,true,false,SPECIFIED,1,16,WR,0,true,100000000,false,120,false,YCSB,false,0,0, 0, 0, 0, 0, 0, 1105790,0,0,0,0, 1105790, 0, 0, 0, 1199.88,108520, 0, 914.149, 904.036, 0, 0, 0, 0.943706, 941.376, 0.0351562, 0, 0, 0, 0, 0, 0, 237.223, 1085088, 0, 0, 1083633
50000,true,false,true,0,true,false,BAMBOO,false,2.8,WR,0,0,LH_MCSLOCK,0,10,1000000,true,1,true,false,true,false,SPECIFIED,1,64,WR,0,true,100000000,false,120,false,YCSB,false,0,0, 0, 0, 0, 0, 0, 3094661,0,0,0,0, 3094661, 0, 0, 0, 1200,38776.5, 0, 1156.4, 1146.4, 0, 0, 0, 1.54442, 1182.46, 0.017012, 0, 0, 0, 0, 0, 0, 0.321326, 387765, 0, 0, 11896
50000,true,false,true,0.15,true,false,BAMBOO,false,2.8,WR,0,0,LH_MCSLOCK,0,10,1000000,true,1,true,false,true,false,SPECIFIED,1,4,WR,0,true,100000000,false,1,false,YCSB,false,0,0, 0, 0, 0, 0, 0, 5587,0,0,0,0, 5587, 0, 0, 0, 10,178965, 0, 0.165879, 0.0436626, 0, 0, 0, 0.354806, 1.52159, 0.0425434, 0, 0, 0, 0, 0, 0, 0, 1789646, 0, 0, 0
50000,true,false,true,0.15,true,false,BAMBOO,false,2.8,WR,0,0,LH_MCSLOCK,0,10,1000000,true,1,true,false,true,false,SPECIFIED,1,16,WR,0,true,100000000,false,1,false,YCSB,false,0,0, 0, 0, 0, 0, 0, 25766,0,0,0,0, 25766, 0, 0, 0, 10,38810, 0, 0.104468, 0.00956986, 0, 0, 0, 0.202748, 1.49919, 0.00967019, 0, 0, 0, 0, 0, 0, 0, 388100, 0, 0, 0
50000,true,false,true,0.15,true,false,BAMBOO,false,2.8,WR,0,0,LH_MCSLOCK,0,10,1000000,true,1,true,false,true,false,SPECIFIED,1,64,WR,0,true,100000000,false,1,false,YCSB,false,0,0, 0, 0, 0, 0, 0, 106525,0,0,0,0, 106525, 0, 0, 0, 10.0001,9387.45, 0, 0.0895787, 0.00231038, 0, 0, 0, 0.176969, 1.49735, 0.00314239, 0, 0, 0, 0, 0, 0, 0, 93875, 0, 0, 0
50000,true,false,true,0.15,true,false,BAMBOO,false,2.8,WR,0,0,LH_MCSLOCK,0,10,1000000,true,1,true,false,true,false,SPECIFIED,1,4,WR,0,true,100000000,false,2,false,YCSB,false,0,0, 0, 0, 0, 0, 0, 7228,0,0,0,0, 7228, 0, 0, 0, 19.8727,276664, 0, 1.92657, 0.59228, 0, 0, 0, 0.407792, 11.2112, 0.0616551, 0, 0, 0, 0, 0, 0, 0.129546, 2749033, 0, 0, 117090
50000,true,false,true,0.15,true,false,BAMBOO,false,2.8,WR,0,0,LH_MCSLOCK,0,10,1000000,true,1,true,false,true,false,SPECIFIED,1,16,WR,0,true,100000000,false,2,false,YCSB,false,0,0, 0, 0, 0, 0, 0, 27453,0,0,0,0, 27453, 0, 0, 0, 19.986,72851.2, 0, 0.77507, 0.1722, 0, 0, 0, 0.299056, 11.1794, 0.0172714, 0, 0, 0, 0, 0, 0, 0.0107737, 728003, 0, 0, 9591
50000,true,false,true,0.15,true,false,BAMBOO,false,2.8,WR,0,0,LH_MCSLOCK,0,10,1000000,true,1,true,false,true,false,SPECIFIED,1,64,WR,0,true,100000000,false,2,false,YCSB,false,0,0, 0, 0, 0, 0, 0, 111722,0,0,0,0, 111722, 0, 0, 0, 19.9979,17901.5, 0, 0.434644, 0.0568079, 0, 0, 0, 0.292578, 11.1916, 0.0123519, 0, 0, 0, 0, 0, 0, 0.000132952, 178997, 0, 0, 96
50000,true,false,true,0.15,true,false,BAMBOO,false,2.8,WR,0,0,LH_MCSLOCK,0,10,1000000,true,1,true,false,true,false,SPECIFIED,1,4,WR,0,true,100000000,false,4,false,YCSB,false,0,0, 0, 0, 0, 0, 0, 9512,0,0,0,0, 9512, 0, 0, 0, 39.926,420514, 0, 7.38342, 1.00001, 0, 0, 0, 0.573257, 23.2651, 0.0883253, 0, 0, 0, 0, 0, 0, 1.54009, 4197364, 0, 0, 1252719
50000,true,false,true,0.15,true,false,BAMBOO,false,2.8,WR,0,0,LH_MCSLOCK,0,10,1000000,true,1,true,false,true,false,SPECIFIED,1,16,WR,0,true,100000000,false,4,false,YCSB,false,0,0, 0, 0, 0, 0, 0, 23300,0,0,0,0, 23300, 0, 0, 0, 39.9583,171670, 0, 2.32447, 0.502493, 0, 0, 0, 0.61786, 21.8492, 0.0397937, 0, 0, 0, 0, 0, 0, 0.192648, 1714914, 0, 0, 189682
50000,true,false,true,0.15,true,false,BAMBOO,false,2.8,WR,0,0,LH_MCSLOCK,0,10,1000000,true,1,true,false,true,false,SPECIFIED,1,64,WR,0,true,100000000,false,4,false,YCSB,false,0,0, 0, 0, 0, 0, 0, 89833,0,0,0,0, 89833, 0, 0, 0, 39.9855,44527, 0, 1.50695, 0.471416, 0, 0, 0, 0.622069, 21.5982, 0.0283156, 0, 0, 0, 0, 0, 0, 0.00973998, 445109, 0, 0, 8579
50000,true,false,true,0.15,true,false,BAMBOO,false,2.8,WR,0,0,LH_MCSLOCK,0,10,1000000,true,1,true,false,true,false,SPECIFIED,1,4,WR,0,true,100000000,false,8,false,YCSB,false,0,0, 0, 0, 0, 0, 0, 21233,0,0,0,0, 21233, 0, 0, 0, 79.9979,376761, 0, 20.5073, 9.50303, 0, 0, 0, 0.44209, 38.0955, 0.0865521, 0, 0, 0, 0, 0, 0, 24.0201, 3767509, 0, 0, 3758612
50000,true,false,true,0.15,true,false,BAMBOO,false,2.8,WR,0,0,LH_MCSLOCK,0,10,1000000,true,1,true,false,true,false,SPECIFIED,1,16,WR,0,true,100000000,false,8,false,YCSB,false,0,0, 0, 0, 0, 0, 0, 27939,0,0,0,0, 27939, 0, 0, 0, 79.8993,286334, 0, 7.06673, 1.94066, 0, 0, 0, 1.18501, 44.7339, 0.0711811, 0, 0, 0, 0, 0, 0, 1.94275, 2859732, 0, 0, 1353587
50000,true,false,true,0.15,true,false,BAMBOO,false,2.8,WR,0,0,LH_MCSLOCK,0,10,1000000,true,1,true,false,true,false,SPECIFIED,1,64,WR,0,true,100000000,false,8,false,YCSB,false,0,0, 0, 0, 0, 0, 0, 92665,0,0,0,0, 92665, 0, 0, 0, 79.9729,86331.8, 0, 2.81423, 0.726897, 0, 0, 0, 1.30985, 43.7635, 0.0537906, 0, 0, 0, 0, 0, 0, 0.0937248, 863026, 0, 0, 101054
50000,true,false,true,0.15,true,false,BAMBOO,false,2.8,WR,0,0,LH_MCSLOCK,0,10,1000000,true,1,true,false,true,false,SPECIFIED,1,4,WR,0,true,100000000,false,16,false,YCSB,false,0,0, 0, 0, 0, 0, 0, 53580,0,0,0,0, 53580, 0, 0, 0, 160,298614, 0, 24.7576, 14.167, 0, 0, 0, 0.45816, 39.919, 0.0703179, 0, 0, 0, 0, 0, 0, 103.945, 2986128, 0, 0, 2985962
50000,true,false,true,0.15,true,false,BAMBOO,false,2.8,WR,0,0,LH_MCSLOCK,0,10,1000000,true,1,true,false,true,false,SPECIFIED,1,16,WR,0,true,100000000,false,16,false,YCSB,false,0,0, 0, 0, 0, 0, 0, 51915,0,0,0,0, 51915, 0, 0, 0, 159.997,308194, 0, 46.5037, 35.751, 0, 0, 0, 1.15493, 89.2449, 0.0785059, 0, 0, 0, 0, 0, 0, 30.5261, 3081882, 0, 0, 3071095
50000,true,false,true,0.15,true,false,BAMBOO,false,2.8,WR,0,0,LH_MCSLOCK,0,10,1000000,true,1,true,false,true,false,SPECIFIED,1,64,WR,0,true,100000000,false,16,false,YCSB,false,0,0, 0, 0, 0, 0, 0, 96054,0,0,0,0, 96054, 0, 0, 0, 159.946,166572, 0, 7.82047, 2.65414, 0, 0, 0, 2.36228, 88.0625, 0.107851, 0, 0, 0, 0, 0, 0, 0.697658, 1665156, 0, 0, 596258
50000,true,false,true,0.15,true,false,BAMBOO,false,2.8,WR,0,0,LH_MCSLOCK,0,10,1000000,true,1,true,false,true,false,SPECIFIED,1,4,WR,0,true,100000000,false,32,false,YCSB,false,0,0, 0, 0, 0, 0, 0, 122821,0,0,0,0, 122821, 0, 0, 0, 320,260541, 0, 25.2653, 14.825, 0, 0, 0, 0.34943, 41.7888, 0.0629483, 0, 0, 0, 0, 0, 0, 262.778, 2605413, 0, 0, 2605334
50000,true,false,true,0.15,true,false,BAMBOO,false,2.8,WR,0,0,LH_MCSLOCK,0,10,1000000,true,1,true,false,true,false,SPECIFIED,1,16,WR,0,true,100000000,false,32,false,YCSB,false,0,0, 0, 0, 0, 0, 0, 137285,0,0,0,0, 137285, 0, 0, 0, 320.001,233091, 0, 71.5591, 61.0874, 0, 0, 0, 0.949627, 106.608, 0.0610634, 0, 0, 0, 0, 0, 0, 180.297, 2330917, 0, 0, 2330169
50000,true,false,true,0.15,true,false,BAMBOO,false,2.8,WR,0,0,LH_MCSLOCK,0,10,1000000,true,1,true,false,true,false,SPECIFIED,1,64,WR,0,true,100000000,false,32,false,YCSB,false,0,0, 0, 0, 0, 0, 0, 144110,0,0,0,0, 144110, 0, 0, 0, 319.944,222052, 0, 101.569, 91.1044, 0, 0, 0, 3.48106, 212.771, 0.134391, 0, 0, 0, 0, 0, 0, 5.74566, 2220133, 0, 0, 2085949
50000,true,false,true,0.15,true,false,BAMBOO,false,2.8,WR,0,0,LH_MCSLOCK,0,10,1000000,true,1,true,false,true,false,SPECIFIED,1,4,WR,0,true,100000000,false,64,false,YCSB,false,0,0, 0, 0, 0, 0, 0, 330634,0,0,0,0, 330634, 0, 0, 0, 639.989,193568, 0, 17.3151, 6.95785, 0, 0, 0, 0.407005, 36.1567, 0.0530399, 0, 0, 0, 0, 0, 0, 589.481, 1935642, 0, 0, 1935639
50000,true,false,true,0.15,true,false,BAMBOO,false,2.8,WR,0,0,LH_MCSLOCK,0,10,1000000,true,1,true,false,true,false,SPECIFIED,1,16,WR,0,true,100000000,false,64,false,YCSB,false,0,0, 0, 0, 0, 0, 0, 340717,0,0,0,0, 340717, 0, 0, 0, 639.987,187839, 0, 71.1408, 60.7469, 0, 0, 0, 1.0611, 104.256, 0.0498856, 0, 0, 0, 0, 0, 0, 507.009, 1878349, 0, 0, 1878310
50000,true,false,true,0.15,true,false,BAMBOO,false,2.8,WR,0,0,LH_MCSLOCK,0,10,1000000,true,1,true,false,true,false,SPECIFIED,1,64,WR,0,true,100000000,false,64,false,YCSB,false,0,0, 0, 0, 0, 0, 0, 650415,0,0,0,0, 650415, 0, 0, 0, 639.972,98398.6, 0, 537.117, 526.939, 0, 0, 0, 2.2638, 593.533, 0.0468512, 0, 0, 0, 0, 0, 0, 1.01238, 983942, 0, 0, 594886
50000,true,false,true,0.15,true,false,BAMBOO,false,2.8,WR,0,0,LH_MCSLOCK,0,10,1000000,true,1,true,false,true,false,SPECIFIED,1,4,WR,0,true,100000000,false,120,false,YCSB,false,0,0, 0, 0, 0, 0, 0, 994505,0,0,0,0, 994505, 0, 0, 0, 1199.9,120663, 0, 102.635, 92.4264, 0, 0, 0, 0.340484, 121.663, 0.0419346, 0, 0, 0, 0, 0, 0, 1065.11, 1206525, 0, 0, 1206523
50000,true,false,true,0.15,true,false,BAMBOO,false,2.8,WR,0,0,LH_MCSLOCK,0,10,1000000,true,1,true,false,true,false,SPECIFIED,1,16,WR,0,true,100000000,false,120,false,YCSB,false,0,0, 0, 0, 0, 0, 0, 1100152,0,0,0,0, 1100152, 0, 0, 0, 1199.93,109076, 0, 992.437, 982.274, 0, 0, 0, 1.01189, 1021.83, 0.0338726, 0, 0, 0, 0, 0, 0, 156.689, 1090693, 0, 0, 1089168
50000,true,false,true,0.15,true,false,BAMBOO,false,2.8,WR,0,0,LH_MCSLOCK,0,10,1000000,true,1,true,false,true,false,SPECIFIED,1,64,WR,0,true,100000000,false,120,false,YCSB,false,0,0, 0, 0, 0, 0, 0, 3108080,0,0,0,0, 3108080, 0, 0, 0, 1199.98,38609, 0, 1155.56, 1145.53, 0, 0, 0, 1.64595, 1181.58, 0.0172028, 0, 0, 0, 0, 0, 0, 1.27331, 386085, 0, 0, 10971
