ABORT_PENALTY,BB_OPT_MAX_WAITER,BB_OPT_RAW,CC_ALG,DEBUG_ABORT_LENGTH,DEBUG_CS_PROFILING,DEBUG_PROFILING,DYNAMIC_TS,FIRST_HS,FIXED_HS,FLIP_RATIO,KEY_ORDER,LATCH,MAX_TXN_PER_PART,NUM_HS,POS_HS,READ_PERC,REQ_PER_QUERY,RETIRE_ON,SECOND_HS,SPECIFIED_RATIO,SYNTHETIC_YCSB,SYNTH_TABLE_SIZE,THREAD_CNT,UNSET_NUMA,WORKLOAD,WW_STARV_FREE,ZIPF_THETA,abort_cnt,abort_length,commit_latency,cycle_detect,deadlock_cnt,dl_detect_time,dl_wait_time,latency,run_time,throughput,time_abort,time_cleanup,time_commit,time_get_cs,time_get_latch,time_index,time_man,time_query,time_release_cs,time_release_latch,time_retire_cs,time_retire_latch,time_ts_alloc,time_wait,txn_cnt,user_abort_cnt,wait_cnt
50000,0,true,WOUND_WAIT,false,false,true,true,WR,1,0,false,LH_MCSLOCK,100000,1,TOP,1,16,true,WR,0,true,10000000,1,true,YCSB,false,0, 0, 0, 18278,0,0,0,0, 18278, 1.82789,54707.8, 0, 0.069631, 0, 0, 0, 0.325812, 1.10103, 0.00309328, 0, 0, 0, 0, 2269101, 0, 100000, 0, 0
50000,0,true,WOUND_WAIT,false,false,true,true,WR,1,0,false,LH_MCSLOCK,100000,1,TOP,1,16,true,WR,0,true,10000000,2,true,YCSB,false,0, 0, 0, 65570,0,0,0,0, 65570, 13.1142,30501.3, 0, 0.287986, 0, 0, 0, 1.72401, 3.75788, 0.00535663, 0, 0, 0, 0, 36630120, 6.47059, 200000, 0, 199999
50000,0,true,WOUND_WAIT,false,false,true,true,WR,1,0,false,LH_MCSLOCK,100000,1,TOP,1,16,true,WR,0,true,10000000,4,true,YCSB,false,0, 2, 0, 111079,0,0,0,0, 111079, 44.4317,36010.2, 3.8256e-05, 0.525536, 0, 0, 0, 2.6723, 6.24782, 0.0105721, 0, 0, 0, 0, 65185310, 33.1548, 399999, 0, 399998
50000,0,true,WOUND_WAIT,false,false,true,true,WR,1,0,false,LH_MCSLOCK,100000,1,TOP,1,16,true,WR,0,true,10000000,8,true,YCSB,false,0, 0, 0, 169551,0,0,0,0, 169551, 135.641,47183.3, 0, 1.00751, 0, 0, 0, 2.87129, 10.1099, 0.0157912, 0, 0, 0, 0, 134431683, 117.988, 800000, 0, 799999
50000,0,true,WOUND_WAIT,false,false,true,true,WR,1,0,false,LH_MCSLOCK,100000,1,TOP,1,16,true,WR,0,true,10000000,16,true,YCSB,false,0, 0, 0, 292048,0,0,0,0, 292048, 467.277,54785.5, 0, 1.90719, 0, 0, 0, 3.82741, 17.9095, 0.0316792, 0, 0, 0, 0, 218170641, 436.316, 1600000, 0, 1599999
50000,0,true,WOUND_WAIT,false,false,true,true,WR,1,0,false,LH_MCSLOCK,100000,1,TOP,1,16,true,WR,0,true,10000000,32,true,YCSB,false,0, 0, 0, 601275,0,0,0,0, 601275, 1924.07,53220.2, 0, 3.72201, 0, 0, 0, 8.20621, 37.9271, 0.0664703, 0, 0, 0, 0, 392000423, 1859.21, 3199978, 0, 3199977
50000,0,true,BAMBOO,false,false,true,true,WR,1,0,false,LH_MCSLOCK,100000,1,TOP,1,16,true,WR,0,true,10000000,1,true,YCSB,false,0, 0, 0, 15553,0,0,0,0, 15553, 1.55531,64295.9, 0, 0.0268065, 0.001538, 0, 0, 0.308001, 0.567934, 0.00306667, 0, 0, 0, 0, 0, 0, 100000, 0, 0
50000,0,true,BAMBOO,false,false,true,true,WR,1,0,false,LH_MCSLOCK,100000,1,TOP,1,16,true,WR,0,true,10000000,2,true,YCSB,false,0, 0, 0, 35969,0,0,0,0, 35969, 7.19393,55602.4, 0, 0.793769, 0.450977, 0, 0, 1.50506, 4.42434, 0.00580695, 0, 0, 0, 0, 0, 0.000293846, 200000, 0, 425
50000,0,true,BAMBOO,false,false,true,true,WR,1,0,false,LH_MCSLOCK,100000,1,TOP,1,16,true,WR,0,true,10000000,4,true,YCSB,false,0, 0, 0, 29457,0,0,0,0, 29457, 11.7568,135791, 0, 2.11854, 1.52268, 0, 0, 1.80293, 7.554, 0.00915146, 0, 0, 0, 0, 0, 0.00102393, 399115, 0, 1352
50000,0,true,BAMBOO,false,false,true,true,WR,1,0,false,LH_MCSLOCK,100000,1,TOP,1,16,true,WR,0,true,10000000,8,true,YCSB,false,0, 0, 0, 26337,0,0,0,0, 26337, 21.0628,303747, 0, 5.51843, 4.23985, 0, 0, 1.99478, 14.1739, 0.0177261, 0, 0, 0, 0, 0, 0.00455043, 799721, 0, 5563
50000,0,true,BAMBOO,false,false,true,true,WR,1,0,false,LH_MCSLOCK,100000,1,TOP,1,16,true,WR,0,true,10000000,16,true,YCSB,false,0, 0, 0, 42679,0,0,0,0, 42679, 68.1775,374889, 0, 35.6824, 32.1176, 0, 0, 3.25486, 54.1271, 0.0438091, 0, 0, 0, 0, 0, 0.0925733, 1597439, 0, 82896
50000,0,true,BAMBOO,false,false,true,true,WR,1,0,false,LH_MCSLOCK,100000,1,TOP,1,16,true,WR,0,true,10000000,32,true,YCSB,false,0, 0, 0, 90320,0,0,0,0, 90320, 288.673,354292, 0, 221.376, 212.956, 0, 0, 6.83222, 259.358, 0.0922992, 0, 0, 0, 0, 0, 0.331079, 3196076, 0, 298333
50000,0,true,WAIT_DIE,false,false,true,true,WR,1,0,false,LH_MCSLOCK,100000,1,TOP,1,16,true,WR,0,true,10000000,1,true,YCSB,false,0, 0, 0, 18293,0,0,0,0, 18293, 1.82939,54663, 0, 0.067188, 0, 0, 0, 0.327926, 1.09838, 0.00682205, 0, 0, 0, 0, 2800511, 0, 100000, 0, 0
50000,0,true,WAIT_DIE,false,false,true,true,WR,1,0,false,LH_MCSLOCK,100000,1,TOP,1,16,true,WR,0,true,10000000,2,true,YCSB,false,0, 57245, 0, 55170,0,0,0,0, 56434, 11.202,35441.2, 0.250282, 0.182426, 0, 0, 0, 1.32396, 3.24515, 4.46702, 0, 0, 0, 0, 10974490, 1.09785, 198507, 0, 53270
50000,0,true,WAIT_DIE,false,false,true,true,WR,1,0,false,LH_MCSLOCK,100000,1,TOP,1,16,true,WR,0,true,10000000,4,true,YCSB,false,0, 244532, 0, 63104,0,0,0,0, 76435, 30.3181,52335.6, 5.28594, 0.345517, 0, 0, 0, 1.17685, 4.35292, 18.847, 0, 0, 0, 0, 21163340, 3.73695, 396679, 0, 171886
50000,0,true,WAIT_DIE,false,false,true,true,WR,1,0,false,LH_MCSLOCK,100000,1,TOP,1,16,true,WR,0,true,10000000,8,true,YCSB,false,0, 982389, 0, 87510,0,0,0,0, 130601, 103.906,61260.4, 34.2771, 0.687263, 0, 0, 0, 1.47547, 7.68358, 75.4332, 0, 0, 0, 0, 45315786, 14.9384, 795668, 0, 523349
50000,0,true,WAIT_DIE,false,false,true,true,WR,1,0,false,LH_MCSLOCK,100000,1,TOP,1,16,true,WR,0,true,10000000,16,true,YCSB,false,0, 3761977, 0, 130551,0,0,0,0, 245730, 391.325,65118, 183.403, 1.53373, 0, 0, 0, 2.99749, 14.6003, 289.536, 0, 0, 0, 0, 119532229, 74.9141, 1592641, 0, 1359042
50000,0,true,WAIT_DIE,false,false,true,true,WR,1,0,false,LH_MCSLOCK,100000,1,TOP,1,16,true,WR,0,true,10000000,32,true,YCSB,false,0, 13525242, 0, 228605,0,0,0,0, 484122, 1545.85,66106.1, 815.809, 3.41628, 0, 0, 0, 5.10114, 28.326, 1050.14, 0, 0, 0, 0, 276127494, 436.389, 3193436, 0, 3021042
50000,0,true,NO_WAIT,false,false,true,true,WR,1,0,false,LH_MCSLOCK,100000,1,TOP,1,16,true,WR,0,true,10000000,1,true,YCSB,false,0, 0, 0, 18369,0,0,0,0, 18369, 1.83694,54438.3, 0, 0.0654687, 0, 0, 0, 0.336465, 1.09953, 0.00306587, 0, 0, 0, 0, 0, 0, 100000, 0, 0
50000,0,true,NO_WAIT,false,false,true,true,WR,1,0,false,LH_MCSLOCK,100000,1,TOP,1,16,true,WR,0,true,10000000,2,true,YCSB,false,0, 57484, 0, 26890,0,0,0,0, 53151, 8.96721,37631.1, 4.43018, 0.126153, 0, 0, 0, 1.07066, 2.55713, 4.4582, 0, 0, 0, 0, 0, 0, 168723, 0, 0
50000,0,true,NO_WAIT,false,false,true,true,WR,1,0,false,LH_MCSLOCK,100000,1,TOP,1,16,true,WR,0,true,10000000,4,true,YCSB,false,0, 264472, 0, 22513,0,0,0,0, 85854, 27.3689,46595.2, 20.1911, 0.251227, 0, 0, 0, 1.2465, 3.8993, 20.4168, 0, 0, 0, 0, 0, 0, 318815, 0, 0
50000,0,true,NO_WAIT,false,false,true,true,WR,1,0,false,LH_MCSLOCK,100000,1,TOP,1,16,true,WR,0,true,10000000,8,true,YCSB,false,0, 982178, 0, 18443,0,0,0,0, 124903, 87.2329,64053.2, 74.3511, 0.540459, 0, 0, 0, 1.37338, 6.00816, 75.933, 0, 0, 0, 0, 0, 0, 698444, 0, 0
50000,0,true,NO_WAIT,false,false,true,true,WR,1,0,false,LH_MCSLOCK,100000,1,TOP,1,16,true,WR,0,true,10000000,16,true,YCSB,false,0, 4244936, 0, 20459,0,0,0,0, 235211, 350.59,68027.5, 320.093, 1.23341, 0, 0, 0, 2.47318, 12.1788, 326.907, 0, 0, 0, 0, 0, 0, 1490608, 0, 0
50000,0,true,NO_WAIT,false,false,true,true,WR,1,0,false,LH_MCSLOCK,100000,1,TOP,1,16,true,WR,0,true,10000000,32,true,YCSB,false,0, 17892333, 0, 24691,0,0,0,0, 430196, 1313.5,74392.4, 1238.11, 2.79369, 0, 0, 0, 3.41807, 22.3397, 1259.25, 0, 0, 0, 0, 0, 0, 3053583, 0, 0
50000,0,true,SILO,false,false,true,true,WR,1,0,false,LH_MCSLOCK,100000,1,TOP,1,16,true,WR,0,true,10000000,1,true,YCSB,false,0, 0, 0, 20082,0,0,0,0, 20082, 2.00829,49793.7, 0, 0.0201832, 0, 0, 0, 0.342317, 0.908654, 0.00307568, 0, 0, 0, 0, 0, 0, 100000, 0, 0
50000,0,true,SILO,false,false,true,true,WR,1,0,false,LH_MCSLOCK,100000,1,TOP,1,16,true,WR,0,true,10000000,2,true,YCSB,false,0, 44791, 0, 36338,0,0,0,0, 47247, 9.28871,42333.6, 2.14415, 0.0549545, 0, 0, 0, 0.633169, 1.59651, 3.47667, 0, 0, 0, 0, 0, 0, 196612, 0, 0
50000,0,true,SILO,false,false,true,true,WR,1,0,false,LH_MCSLOCK,100000,1,TOP,1,16,true,WR,0,true,10000000,4,true,YCSB,false,0, 153562, 0, 35699,0,0,0,0, 47036, 18.2485,85049.8, 4.39671, 0.118328, 0, 0, 0, 0.310285, 0.614934, 11.8526, 0, 0, 0, 0, 0, 0, 388008, 0, 0
50000,0,true,SILO,false,false,true,true,WR,1,0,false,LH_MCSLOCK,100000,1,TOP,1,16,true,WR,0,true,10000000,8,true,YCSB,false,0, 614512, 0, 57323,0,0,0,0, 81326, 63.7928,98380.2, 18.8225, 0.306233, 0, 0, 0, 0.404153, 0.830109, 47.309, 0, 0, 0, 0, 0, 0, 784494, 0, 0
50000,0,true,SILO,false,false,true,true,WR,1,0,false,LH_MCSLOCK,100000,1,TOP,1,16,true,WR,0,true,10000000,16,true,YCSB,false,0, 1836717, 0, 71991,0,0,0,0, 109918, 172.445,145581, 59.4875, 0.80828, 0, 0, 0, 0.585092, 1.07431, 141.707, 0, 0, 0, 0, 0, 0, 1569040, 0, 0
50000,0,true,SILO,false,false,true,true,WR,1,0,false,LH_MCSLOCK,100000,1,TOP,1,16,true,WR,0,true,10000000,32,true,YCSB,false,0, 5181873, 0, 76501,0,0,0,0, 163753, 438.663,195455, 233.69, 1.53897, 0, 0, 0, 0.985079, 1.79493, 375.085, 0, 0, 0, 0, 0, 0, 2679339, 0, 0
50000,0,true,WOUND_WAIT,false,false,true,true,WR,1,0,false,LH_MCSLOCK,100000,1,TOP,1,16,true,WR,0,true,10000000,1,true,YCSB,false,0, 0, 0, 18572,0,0,0,0, 18572, 1.8573,53841.7, 0, 0.0707352, 0, 0, 0, 0.331279, 1.1174, 0.00309098, 0, 0, 0, 0, 2322626, 0, 100000, 0, 0
50000,0,true,WOUND_WAIT,false,false,true,true,WR,1,0,false,LH_MCSLOCK,100000,1,TOP,1,16,true,WR,0,true,10000000,2,true,YCSB,false,0, 0, 0, 59248,0,0,0,0, 59248, 11.8497,33756.2, 0, 0.291266, 0, 0, 0, 1.43799, 3.41083, 0.00539263, 0, 0, 0, 0, 36923701, 5.81121, 200000, 0, 199999
50000,0,true,WOUND_WAIT,false,false,true,true,WR,1,0,false,LH_MCSLOCK,100000,1,TOP,1,16,true,WR,0,true,10000000,4,true,YCSB,false,0, 2, 0, 100308,0,0,0,0, 100308, 40.1181,39876.8, 8.5081e-05, 0.530838, 0, 0, 0, 2.12705, 5.74007, 0.00939688, 0, 0, 0, 0, 71154357, 29.8741, 399946, 0, 399945
50000,0,true,WOUND_WAIT,false,false,true,true,WR,1,0,false,LH_MCSLOCK,100000,1,TOP,1,16,true,WR,0,true,10000000,8,true,YCSB,false,0, 4, 0, 176893,0,0,0,0, 176894, 141.507,45224.8, 0.000163798, 1.00217, 0, 0, 0, 3.05326, 10.5545, 0.0186852, 0, 0, 0, 0, 109468793, 123.164, 799953, 0, 799952
50000,0,true,WOUND_WAIT,false,false,true,true,WR,1,0,false,LH_MCSLOCK,100000,1,TOP,1,16,true,WR,0,true,10000000,16,true,YCSB,false,0, 0, 0, 312481,0,0,0,0, 312481, 499.967,51203, 0, 1.7805, 0, 0, 0, 4.69723, 18.7592, 0.031991, 0, 0, 0, 0, 177729111, 467.168, 1599989, 0, 1599988
50000,0,true,WOUND_WAIT,false,false,true,true,WR,1,0,false,LH_MCSLOCK,100000,1,TOP,1,16,true,WR,0,true,10000000,32,true,YCSB,false,0, 1, 0, 633445,0,0,0,0, 633445, 2027.03,50517.3, 8.304e-06, 3.67577, 0, 0, 0, 9.42795, 39.629, 0.0669029, 0, 0, 0, 0, 361218730, 1959.05, 3199999, 0, 3199998
50000,0,true,BAMBOO,false,false,true,true,WR,1,0,false,LH_MCSLOCK,100000,1,TOP,1,16,true,WR,0,true,10000000,1,true,YCSB,false,0, 0, 0, 15553,0,0,0,0, 15553, 1.55534,64294.7, 0, 0.0267418, 0.0015387, 0, 0, 0.300237, 0.563408, 0.00306507, 0, 0, 0, 0, 0, 0, 100000, 0, 0
50000,0,true,BAMBOO,false,false,true,true,WR,1,0,false,LH_MCSLOCK,100000,1,TOP,1,16,true,WR,0,true,10000000,2,true,YCSB,false,0, 0, 0, 33435,0,0,0,0, 33435, 6.68412,59816.4, 0, 0.806703, 0.473178, 0, 0, 1.15097, 4.20898, 0.00554168, 0, 0, 0, 0, 0, 0.000360017, 199910, 0, 443
50000,0,true,BAMBOO,false,false,true,true,WR,1,0,false,LH_MCSLOCK,100000,1,TOP,1,16,true,WR,0,true,10000000,4,true,YCSB,false,0, 0, 0, 29522,0,0,0,0, 29522, 11.8076,135488, 0, 2.20483, 1.5431, 0, 0, 1.85938, 7.48096, 0.00935167, 0, 0, 0, 0, 0, 0.00333544, 399946, 0, 4341
50000,0,true,BAMBOO,false,false,true,true,WR,1,0,false,LH_MCSLOCK,100000,1,TOP,1,16,true,WR,0,true,10000000,8,true,YCSB,false,0, 0, 0, 27315,0,0,0,0, 27315, 21.8078,292873, 0, 5.46307, 4.14558, 0, 0, 2.23085, 14.5687, 0.0178827, 0, 0, 0, 0, 0, 0.0173899, 798366, 0, 20586
50000,0,true,BAMBOO,false,false,true,true,WR,1,0,false,LH_MCSLOCK,100000,1,TOP,1,16,true,WR,0,true,10000000,16,true,YCSB,false,0, 0, 0, 40950,0,0,0,0, 40950, 65.5109,390716, 0, 34.7152, 31.2857, 0, 0, 3.29816, 51.7982, 0.0443576, 0, 0, 0, 0, 0, 0.0720601, 1599758, 0, 72177
50000,0,true,BAMBOO,false,false,true,true,WR,1,0,false,LH_MCSLOCK,100000,1,TOP,1,16,true,WR,0,true,10000000,32,true,YCSB,false,0, 0, 0, 83255,0,0,0,0, 83255, 265.942,384360, 0, 207.41, 199.369, 0, 0, 4.22346, 239.59, 0.0982176, 0, 0, 0, 0, 0, 0.299826, 3194298, 0, 280696
50000,0,true,WAIT_DIE,false,false,true,true,WR,1,0,false,LH_MCSLOCK,100000,1,TOP,1,16,true,WR,0,true,10000000,1,true,YCSB,false,0, 0, 0, 18217,0,0,0,0, 18217, 1.82172,54893.2, 0, 0.066396, 0, 0, 0, 0.324784, 1.0938, 0.0067221, 0, 0, 0, 0, 2705138, 0, 100000, 0, 0
50000,0,true,WAIT_DIE,false,false,true,true,WR,1,0,false,LH_MCSLOCK,100000,1,TOP,1,16,true,WR,0,true,10000000,2,true,YCSB,false,0, 57079, 0, 55592,0,0,0,0, 56487, 11.0854,35408, 0.174969, 0.200023, 0, 0, 0, 1.25171, 3.15198, 4.45432, 0, 0, 0, 0, 13008724, 1.02394, 196256, 0, 54062
50000,0,true,WAIT_DIE,false,false,true,true,WR,1,0,false,LH_MCSLOCK,100000,1,TOP,1,16,true,WR,0,true,10000000,4,true,YCSB,false,0, 273070, 0, 71776,0,0,0,0, 88067, 34.8405,45423.5, 6.44272, 0.377315, 0, 0, 0, 1.67886, 4.88288, 21.1799, 0, 0, 0, 0, 28810738, 4.69278, 395644, 0, 185799
50000,0,true,WAIT_DIE,false,false,true,true,WR,1,0,false,LH_MCSLOCK,100000,1,TOP,1,16,true,WR,0,true,10000000,8,true,YCSB,false,0, 1033948, 0, 91047,0,0,0,0, 137850, 109.524,58039.4, 37.1786, 0.765342, 0, 0, 0, 1.82866, 7.98935, 79.6823, 0, 0, 0, 0, 54224203, 15.4488, 794591, 0, 539982
50000,0,true,WAIT_DIE,false,false,true,true,WR,1,0,false,LH_MCSLOCK,100000,1,TOP,1,16,true,WR,0,true,10000000,16,true,YCSB,false,0, 3573633, 0, 120333,0,0,0,0, 226684, 361.209,70589.6, 169.446, 1.53083, 0, 0, 0, 2.49321, 13.386, 274.876, 0, 0, 0, 0, 116565914, 61.4511, 1593601, 0, 1349345
50000,0,true,WAIT_DIE,false,false,true,true,WR,1,0,false,LH_MCSLOCK,100000,1,TOP,1,16,true,WR,0,true,10000000,32,true,YCSB,false,0, 13544369, 0, 229000,0,0,0,0, 484595, 1547.82,66041.6, 816.302, 3.42262, 0, 0, 0, 4.92879, 28.6734, 1051.34, 0, 0, 0, 0, 258143316, 437.587, 3194389, 0, 3023032
50000,0,true,NO_WAIT,false,false,true,true,WR,1,0,false,LH_MCSLOCK,100000,1,TOP,1,16,true,WR,0,true,10000000,1,true,YCSB,false,0, 0, 0, 18319,0,0,0,0, 18319, 1.83193,54587.1, 0, 0.0677162, 0, 0, 0, 0.335899, 1.10068, 0.00306456, 0, 0, 0, 0, 0, 0, 100000, 0, 0
50000,0,true,NO_WAIT,false,false,true,true,WR,1,0,false,LH_MCSLOCK,100000,1,TOP,1,16,true,WR,0,true,10000000,2,true,YCSB,false,0, 52383, 0, 24916,0,0,0,0, 49138, 8.18092,40703.7, 4.03244, 0.120332, 0, 0, 0, 0.785893, 2.36297, 4.06371, 0, 0, 0, 0, 0, 0, 166497, 0, 0
50000,0,true,NO_WAIT,false,false,true,true,WR,1,0,false,LH_MCSLOCK,100000,1,TOP,1,16,true,WR,0,true,10000000,4,true,YCSB,false,0, 272441, 0, 20662,0,0,0,0, 78526, 28.1499,50943.5, 20.7423, 0.272934, 0, 0, 0, 1.25209, 3.96949, 21.0155, 0, 0, 0, 0, 0, 0, 358514, 0, 0
50000,0,true,NO_WAIT,false,false,true,true,WR,1,0,false,LH_MCSLOCK,100000,1,TOP,1,16,true,WR,0,true,10000000,8,true,YCSB,false,0, 1088806, 0, 19257,0,0,0,0, 132299, 96.439,60467.4, 82.4015, 0.588011, 0, 0, 0, 1.66875, 6.7875, 83.9699, 0, 0, 0, 0, 0, 0, 728927, 0, 0
50000,0,true,NO_WAIT,false,false,true,true,WR,1,0,false,LH_MCSLOCK,100000,1,TOP,1,16,true,WR,0,true,10000000,16,true,YCSB,false,0, 4327194, 0, 19990,0,0,0,0, 239340, 356.652,66853.5, 326.862, 1.22748, 0, 0, 0, 2.45728, 12.8284, 332.862, 0, 0, 0, 0, 0, 0, 1490217, 0, 0
50000,0,true,NO_WAIT,false,false,true,true,WR,1,0,false,LH_MCSLOCK,100000,1,TOP,1,16,true,WR,0,true,10000000,32,true,YCSB,false,0, 18602234, 0, 25108,0,0,0,0, 437286, 1355.35,73185.8, 1277.52, 2.75541, 0, 0, 0, 3.66625, 23.0683, 1301.94, 0, 0, 0, 0, 0, 0, 3099773, 0, 0
50000,0,true,SILO,false,false,true,true,WR,1,0,false,LH_MCSLOCK,100000,1,TOP,1,16,true,WR,0,true,10000000,1,true,YCSB,false,0, 0, 0, 19957,0,0,0,0, 19957, 1.99573,50106.9, 0, 0.0204003, 0, 0, 0, 0.339508, 0.900364, 0.00307659, 0, 0, 0, 0, 0, 0, 100000, 0, 0
50000,0,true,SILO,false,false,true,true,WR,1,0,false,LH_MCSLOCK,100000,1,TOP,1,16,true,WR,0,true,10000000,2,true,YCSB,false,0, 46459, 0, 36449,0,0,0,0, 45205, 8.99167,44245.6, 1.74107, 0.0574006, 0, 0, 0, 0.608887, 1.48254, 3.59777, 0, 0, 0, 0, 0, 0, 198921, 0, 0
50000,0,true,SILO,false,false,true,true,WR,1,0,false,LH_MCSLOCK,100000,1,TOP,1,16,true,WR,0,true,10000000,4,true,YCSB,false,0, 182777, 0, 43187,0,0,0,0, 61066, 23.5745,65508, 6.90053, 0.134481, 0, 0, 0, 0.401565, 0.879864, 14.0881, 0, 0, 0, 0, 0, 0, 386079, 0, 0
50000,0,true,SILO,false,false,true,true,WR,1,0,false,LH_MCSLOCK,100000,1,TOP,1,16,true,WR,0,true,10000000,8,true,YCSB,false,0, 544625, 0, 50565,0,0,0,0, 69765, 54.0598,114682, 14.8738, 0.265389, 0, 0, 0, 0.385949, 0.746316, 41.9484, 0, 0, 0, 0, 0, 0, 774960, 0, 0
50000,0,true,SILO,false,false,true,true,WR,1,0,false,LH_MCSLOCK,100000,1,TOP,1,16,true,WR,0,true,10000000,16,true,YCSB,false,0, 1818889, 0, 72586,0,0,0,0, 111239, 171.841,143852, 59.6967, 0.823957, 0, 0, 0, 0.584351, 1.09043, 140.252, 0, 0, 0, 0, 0, 0, 1544977, 0, 0
50000,0,true,SILO,false,false,true,true,WR,1,0,false,LH_MCSLOCK,100000,1,TOP,1,16,true,WR,0,true,10000000,32,true,YCSB,false,0, 5191933, 0, 75336,0,0,0,0, 156225, 427.791,204868, 221.461, 1.48058, 0, 0, 0, 0.979369, 1.74371, 376.773, 0, 0, 0, 0, 0, 0, 2738769, 0, 0
50000,0,true,WOUND_WAIT,false,false,true,true,WR,1,0,false,LH_MCSLOCK,100000,1,TOP,1,16,true,WR,0,true,10000000,1,true,YCSB,false,0, 0, 0, 18384,0,0,0,0, 18384, 1.83846,54393.3, 0, 0.0704501, 0, 0, 0, 0.326153, 1.10901, 0.0030959, 0, 0, 0, 0, 2274080, 0, 100000, 0, 0
50000,0,true,WOUND_WAIT,false,false,true,true,WR,1,0,false,LH_MCSLOCK,100000,1,TOP,1,16,true,WR,0,true,10000000,2,true,YCSB,false,0, 1, 0, 82515,0,0,0,0, 82515, 16.5032,24237.8, 2.4375e-05, 0.298967, 0, 0, 0, 2.62099, 4.62179, 0.00639492, 0, 0, 0, 0, 36358328, 8.14596, 200000, 0, 199999
50000,0,true,WOUND_WAIT,false,false,true,true,WR,1,0,false,LH_MCSLOCK,100000,1,TOP,1,16,true,WR,0,true,10000000,4,true,YCSB,false,0, 2, 0, 103346,0,0,0,0, 103347, 41.3388,38704.5, 5.0367e-05, 0.462039, 0, 0, 0, 2.17355, 5.89962, 0.00928052, 0, 0, 0, 0, 48107357, 30.8118, 400000, 0, 399999
50000,0,true,WOUND_WAIT,false,false,true,true,WR,1,0,false,LH_MCSLOCK,100000,1,TOP,1,16,true,WR,0,true,10000000,8,true,YCSB,false,0, 2, 0, 182089,0,0,0,0, 182089, 145.667,43934.4, 0.000140895, 1.01237, 0, 0, 0, 3.35713, 10.691, 0.0173819, 0, 0, 0, 0, 118497333, 126.858, 799975, 0, 799974
50000,0,true,WOUND_WAIT,false,false,true,true,WR,1,0,false,LH_MCSLOCK,100000,1,TOP,1,16,true,WR,0,true,10000000,16,true,YCSB,false,0, 0, 0, 312196,0,0,0,0, 312196, 499.515,51249.7, 0, 1.9308, 0, 0, 0, 4.67188, 18.8619, 0.032158, 0, 0, 0, 0, 202345316, 466.631, 1600000, 0, 1599999
50000,0,true,WOUND_WAIT,false,false,true,true,WR,1,0,false,LH_MCSLOCK,100000,1,TOP,1,16,true,WR,0,true,10000000,32,true,YCSB,false,0, 0, 0, 570551,0,0,0,0, 570551, 1825.74,56086.1, 0, 3.63573, 0, 0, 0, 6.70799, 36.0392, 0.0659925, 0, 0, 0, 0, 374310125, 1764.06, 3199951, 0, 3199950
50000,0,true,BAMBOO,false,false,true,true,WR,1,0,false,LH_MCSLOCK,100000,1,TOP,1,16,true,WR,0,true,10000000,1,true,YCSB,false,0, 0, 0, 15594,0,0,0,0, 15594, 1.55941,64126.7, 0, 0.0267434, 0.0015367, 0, 0, 0.305917, 0.571091, 0.00307455, 0, 0, 0, 0, 0, 0, 100000, 0, 0
50000,0,true,BAMBOO,false,false,true,true,WR,1,0,false,LH_MCSLOCK,100000,1,TOP,1,16,true,WR,0,true,10000000,2,true,YCSB,false,0, 0, 0, 34935,0,0,0,0, 34935, 6.96397,57248.4, 0, 0.899434, 0.588002, 0, 0, 1.3683, 4.4052, 0.00522268, 0, 0, 0, 0, 0, 0.000409543, 199338, 0, 663
50000,0,true,BAMBOO,false,false,true,true,WR,1,0,false,LH_MCSLOCK,100000,1,TOP,1,16,true,WR,0,true,10000000,4,true,YCSB,false,0, 0, 0, 28035,0,0,0,0, 28035, 11.1652,142676, 0, 1.81048, 1.20771, 0, 0, 1.62276, 7.12375, 0.00905244, 0, 0, 0, 0, 0, 0.00102267, 398251, 0, 1517
50000,0,true,BAMBOO,false,false,true,true,WR,1,0,false,LH_MCSLOCK,100000,1,TOP,1,16,true,WR,0,true,10000000,8,true,YCSB,false,0, 0, 0, 27544,0,0,0,0, 27544, 22.03,290441, 0, 5.15644, 3.92773, 0, 0, 2.35058, 14.8528, 0.0181093, 0, 0, 0, 0, 0, 0.00455549, 799801, 0, 6102
50000,0,true,BAMBOO,false,false,true,true,WR,1,0,false,LH_MCSLOCK,100000,1,TOP,1,16,true,WR,0,true,10000000,16,true,YCSB,false,0, 0, 0, 42498,0,0,0,0, 42498, 67.9573,376480, 0, 35.6786, 32.0534, 0, 0, 3.58261, 53.5229, 0.045583, 0, 0, 0, 0, 0, 0.0922875, 1599036, 0, 87737
50000,0,true,BAMBOO,false,false,true,true,WR,1,0,false,LH_MCSLOCK,100000,1,TOP,1,16,true,WR,0,true,10000000,32,true,YCSB,false,0, 0, 0, 85082,0,0,0,0, 85082, 271.986,376104, 0, 209.488, 201.303, 0, 0, 6.43052, 243.196, 0.0856963, 0, 0, 0, 0, 0, 0.320261, 3196721, 0, 299041
50000,0,true,WAIT_DIE,false,false,true,true,WR,1,0,false,LH_MCSLOCK,100000,1,TOP,1,16,true,WR,0,true,10000000,1,true,YCSB,false,0, 0, 0, 18549,0,0,0,0, 18549, 1.85495,53909.7, 0, 0.0659111, 0, 0, 0, 0.336421, 1.11051, 0.00673207, 0, 0, 0, 0, 2706482, 0, 100000, 0, 0
50000,0,true,WAIT_DIE,false,false,true,true,WR,1,0,false,LH_MCSLOCK,100000,1,TOP,1,16,true,WR,0,true,10000000,2,true,YCSB,false,0, 52042, 0, 51643,0,0,0,0, 52749, 10.0062,37917.1, 0.209234, 0.177226, 0, 0, 0, 1.06052, 2.8584, 4.0479, 0, 0, 0, 0, 10867410, 0.900262, 189702, 0, 48596
50000,0,true,WAIT_DIE,false,false,true,true,WR,1,0,false,LH_MCSLOCK,100000,1,TOP,1,16,true,WR,0,true,10000000,4,true,YCSB,false,0, 271819, 0, 70123,0,0,0,0, 85962, 34.1695,46535.5, 6.29358, 0.397743, 0, 0, 0, 1.52101, 4.80682, 21.0152, 0, 0, 0, 0, 29453335, 4.34233, 397524, 0, 186784
50000,0,true,WAIT_DIE,false,false,true,true,WR,1,0,false,LH_MCSLOCK,100000,1,TOP,1,16,true,WR,0,true,10000000,8,true,YCSB,false,0, 990706, 0, 88613,0,0,0,0, 132911, 105.484,60196.9, 35.1489, 0.715414, 0, 0, 0, 2.01785, 7.69343, 76.3292, 0, 0, 0, 0, 52470896, 15.335, 793727, 0, 522738
50000,0,true,WAIT_DIE,false,false,true,true,WR,1,0,false,LH_MCSLOCK,100000,1,TOP,1,16,true,WR,0,true,10000000,16,true,YCSB,false,0, 3835284, 0, 136949,0,0,0,0, 256078, 407.25,62486.4, 189.435, 1.512, 0, 0, 0, 3.12045, 15.4674, 295.152, 0, 0, 0, 0, 114948448, 84.3476, 1590473, 0, 1353897
50000,0,true,WAIT_DIE,false,false,true,true,WR,1,0,false,LH_MCSLOCK,100000,1,TOP,1,16,true,WR,0,true,10000000,32,true,YCSB,false,0, 13079338, 0, 216157,0,0,0,0, 461517, 1469.66,69344.2, 781.249, 3.3912, 0, 0, 0, 4.3564, 26.8349, 1015.34, 0, 0, 0, 0, 264246900, 397.847, 3184750, 0, 3012896
50000,0,true,NO_WAIT,false,false,true,true,WR,1,0,false,LH_MCSLOCK,100000,1,TOP,1,16,true,WR,0,true,10000000,1,true,YCSB,false,0, 0, 0, 18289,0,0,0,0, 18289, 1.82899,54675.1, 0, 0.0672995, 0, 0, 0, 0.334078, 1.09792, 0.00306284, 0, 0, 0, 0, 0, 0, 100000, 0, 0
50000,0,true,NO_WAIT,false,false,true,true,WR,1,0,false,LH_MCSLOCK,100000,1,TOP,1,16,true,WR,0,true,10000000,2,true,YCSB,false,0, 54252, 0, 23981,0,0,0,0, 47227, 8.44297,42351.2, 4.15537, 0.129755, 0, 0, 0, 0.895582, 2.40249, 4.2019, 0, 0, 0, 0, 0, 0, 178785, 0, 0
50000,0,true,NO_WAIT,false,false,true,true,WR,1,0,false,LH_MCSLOCK,100000,1,TOP,1,16,true,WR,0,true,10000000,4,true,YCSB,false,0, 288185, 0, 20270,0,0,0,0, 76778, 29.7666,52087.4, 21.9096, 0.287515, 0, 0, 0, 1.31417, 4.17402, 22.2158, 0, 0, 0, 0, 0, 0, 387617, 0, 0
50000,0,true,NO_WAIT,false,false,true,true,WR,1,0,false,LH_MCSLOCK,100000,1,TOP,1,16,true,WR,0,true,10000000,8,true,YCSB,false,0, 1125736, 0, 20152,0,0,0,0, 139816, 99.824,57219.4, 85.4355, 0.58773, 0, 0, 0, 1.6858, 7.17191, 86.8888, 0, 0, 0, 0, 0, 0, 713983, 0, 0
50000,0,true,NO_WAIT,false,false,true,true,WR,1,0,false,LH_MCSLOCK,100000,1,TOP,1,16,true,WR,0,true,10000000,16,true,YCSB,false,0, 4275528, 0, 21128,0,0,0,0, 237190, 353.521,67460.7, 322.027, 1.23547, 0, 0, 0, 2.44094, 12.1813, 329.605, 0, 0, 0, 0, 0, 0, 1490549, 0, 0
50000,0,true,NO_WAIT,false,false,true,true,WR,1,0,false,LH_MCSLOCK,100000,1,TOP,1,16,true,WR,0,true,10000000,32,true,YCSB,false,0, 17917869, 0, 24927,0,0,0,0, 434874, 1295.35,73591.1, 1221.1, 2.64133, 0, 0, 0, 3.53095, 22.1137, 1244.26, 0, 0, 0, 0, 0, 0, 2978955, 0, 0
50000,0,true,SILO,false,false,true,true,WR,1,0,false,LH_MCSLOCK,100000,1,TOP,1,16,true,WR,0,true,10000000,1,true,YCSB,false,0, 0, 0, 19805,0,0,0,0, 19805, 1.9806,50489.8, 0, 0.0203088, 0, 0, 0, 0.334023, 0.897758, 0.00308558, 0, 0, 0, 0, 0, 0, 100000, 0, 0
50000,0,true,SILO,false,false,true,true,WR,1,0,false,LH_MCSLOCK,100000,1,TOP,1,16,true,WR,0,true,10000000,2,true,YCSB,false,0, 51916, 0, 42228,0,0,0,0, 56145, 11.1848,35623.6, 2.77195, 0.0602229, 0, 0, 0, 0.969151, 2.09714, 4.02977, 0, 0, 0, 0, 0, 0, 199222, 0, 0
50000,0,true,SILO,false,false,true,true,WR,1,0,false,LH_MCSLOCK,100000,1,TOP,1,16,true,WR,0,true,10000000,4,true,YCSB,false,0, 188346, 0, 44436,0,0,0,0, 61219, 23.7612,65344.6, 6.51243, 0.138699, 0, 0, 0, 0.45366, 0.970983, 14.5594, 0, 0, 0, 0, 0, 0, 388166, 0, 0
50000,0,true,SILO,false,false,true,true,WR,1,0,false,LH_MCSLOCK,100000,1,TOP,1,16,true,WR,0,true,10000000,8,true,YCSB,false,0, 613664, 0, 57268,0,0,0,0, 80596, 63.5252,99270.3, 18.3822, 0.286483, 0, 0, 0, 0.36683, 0.748135, 47.1528, 0, 0, 0, 0, 0, 0, 788271, 0, 0
50000,0,true,SILO,false,false,true,true,WR,1,0,false,LH_MCSLOCK,100000,1,TOP,1,16,true,WR,0,true,10000000,16,true,YCSB,false,0, 1842801, 0, 72292,0,0,0,0, 110782, 173.134,144445, 60.1393, 0.823031, 0, 0, 0, 0.5935, 1.07905, 142.284, 0, 0, 0, 0, 0, 0, 1563025, 0, 0
50000,0,true,SILO,false,false,true,true,WR,1,0,false,LH_MCSLOCK,100000,1,TOP,1,16,true,WR,0,true,10000000,32,true,YCSB,false,0, 5009387, 0, 77072,0,0,0,0, 155320, 431.153,206064, 217.169, 1.62312, 0, 0, 0, 0.962879, 1.85693, 369.597, 0, 0, 0, 0, 0, 0, 2776412, 0, 0
50000,0,true,WOUND_WAIT,false,false,true,true,WR,1,0,false,LH_MCSLOCK,100000,1,TOP,1,16,true,WR,0,true,10000000,1,true,YCSB,false,0, 0, 0, 18392,0,0,0,0, 18392, 1.83926,54369.7, 0, 0.0702744, 0, 0, 0, 0.324364, 1.10865, 0.00309209, 0, 0, 0, 0, 2276184, 0, 100000, 0, 0
50000,0,true,WOUND_WAIT,false,false,true,true,WR,1,0,false,LH_MCSLOCK,100000,1,TOP,1,16,true,WR,0,true,10000000,2,true,YCSB,false,0, 1, 0, 68498,0,0,0,0, 68498, 13.6997,29197.7, 2.524e-05, 0.299792, 0, 0, 0, 1.8193, 3.90783, 0.00643842, 0, 0, 0, 0, 35323323, 6.74503, 200000, 0, 199999
50000,0,true,WOUND_WAIT,false,false,true,true,WR,1,0,false,LH_MCSLOCK,100000,1,TOP,1,16,true,WR,0,true,10000000,4,true,YCSB,false,0, 0, 0, 93519,0,0,0,0, 93519, 37.4025,42771.9, 0, 0.455425, 0, 0, 0, 1.89057, 5.32375, 0.00807659, 0, 0, 0, 0, 50206953, 27.8318, 399944, 0, 399943
50000,0,true,WOUND_WAIT,false,false,true,true,WR,1,0,false,LH_MCSLOCK,100000,1,TOP,1,16,true,WR,0,true,10000000,8,true,YCSB,false,0, 0, 0, 174608,0,0,0,0, 174608, 139.687,45816.7, 0, 0.91002, 0, 0, 0, 3.06378, 10.2047, 0.0159547, 0, 0, 0, 0, 88445249, 121.703, 800000, 0, 799999
50000,0,true,WOUND_WAIT,false,false,true,true,WR,1,0,false,LH_MCSLOCK,100000,1,TOP,1,16,true,WR,0,true,10000000,16,true,YCSB,false,0, 1, 0, 295671,0,0,0,0, 295671, 473.071,54114.2, 0.000276104, 1.89587, 0, 0, 0, 3.89279, 18.1081, 0.0329281, 0, 0, 0, 0, 192450169, 441.757, 1599989, 0, 1599988
50000,0,true,WOUND_WAIT,false,false,true,true,WR,1,0,false,LH_MCSLOCK,100000,1,TOP,1,16,true,WR,0,true,10000000,32,true,YCSB,false,0, 3, 0, 611243,0,0,0,0, 611243, 1955.97,52352.3, 0.000517874, 3.7272, 0, 0, 0, 8.57241, 38.5117, 0.0666758, 0, 0, 0, 0, 397095842, 1890.16, 3199991, 0, 3199990
50000,0,true,BAMBOO,false,false,true,true,WR,1,0,false,LH_MCSLOCK,100000,1,TOP,1,16,true,WR,0,true,10000000,1,true,YCSB,false,0, 0, 0, 15521,0,0,0,0, 15521, 1.55218,64425.5, 0, 0.0267849, 0.00153925, 0, 0, 0.306266, 0.566003, 0.00306872, 0, 0, 0, 0, 0, 0, 100000, 0, 0
50000,0,true,BAMBOO,false,false,true,true,WR,1,0,false,LH_MCSLOCK,100000,1,TOP,1,16,true,WR,0,true,10000000,2,true,YCSB,false,0, 0, 0, 45000,0,0,0,0, 45000, 8.98622,44443.6, 0, 0.954782, 0.600833, 0, 0, 2.11362, 5.61079, 0.00602329, 0, 0, 0, 0, 0, 0.000397983, 199690, 0, 569
50000,0,true,BAMBOO,false,false,true,true,WR,1,0,false,LH_MCSLOCK,100000,1,TOP,1,16,true,WR,0,true,10000000,4,true,YCSB,false,0, 0, 0, 27175,0,0,0,0, 27175, 10.8447,147192, 0, 2.0365, 1.41286, 0, 0, 1.27655, 7.06458, 0.00937578, 0, 0, 0, 0, 0, 0.00266464, 399065, 0, 3245
50000,0,true,BAMBOO,false,false,true,true,WR,1,0,false,LH_MCSLOCK,100000,1,TOP,1,16,true,WR,0,true,10000000,8,true,YCSB,false,0, 0, 0, 26521,0,0,0,0, 26521, 21.2025,301646, 0, 5.76857, 4.54171, 0, 0, 2.05468, 14.3549, 0.0176018, 0, 0, 0, 0, 0, 0.00371319, 799456, 0, 3901
50000,0,true,BAMBOO,false,false,true,true,WR,1,0,false,LH_MCSLOCK,100000,1,TOP,1,16,true,WR,0,true,10000000,16,true,YCSB,false,0, 0, 0, 42297,0,0,0,0, 42297, 67.4914,378277, 0, 35.3334, 31.7236, 0, 0, 3.04776, 53.4008, 0.0467337, 0, 0, 0, 0, 0, 0.103459, 1595652, 0, 89130
50000,0,true,BAMBOO,false,false,true,true,WR,1,0,false,LH_MCSLOCK,100000,1,TOP,1,16,true,WR,0,true,10000000,32,true,YCSB,false,0, 0, 0, 81968,0,0,0,0, 81968, 261.317,390394, 0, 201.115, 193.079, 0, 0, 5.28781, 232.136, 0.0861021, 0, 0, 0, 0, 0, 0.316616, 3188020, 0, 270077
50000,0,true,WAIT_DIE,false,false,true,true,WR,1,0,false,LH_MCSLOCK,100000,1,TOP,1,16,true,WR,0,true,10000000,1,true,YCSB,false,0, 0, 0, 18349,0,0,0,0, 18349, 1.83497,54496.8, 0, 0.0676731, 0, 0, 0, 0.329117, 1.09948, 0.00671738, 0, 0, 0, 0, 2703071, 0, 100000, 0, 0
50000,0,true,WAIT_DIE,false,false,true,true,WR,1,0,false,LH_MCSLOCK,100000,1,TOP,1,16,true,WR,0,true,10000000,2,true,YCSB,false,0, 49603, 0, 47369,0,0,0,0, 48400, 9.45847,41324, 0.201026, 0.162919, 0, 0, 0, 0.932967, 2.72663, 3.86286, 0, 0, 0, 0, 9208875, 0.830203, 195431, 0, 46273
50000,0,true,WAIT_DIE,false,false,true,true,WR,1,0,false,LH_MCSLOCK,100000,1,TOP,1,16,true,WR,0,true,10000000,4,true,YCSB,false,0, 215119, 0, 54784,0,0,0,0, 64678, 25.7918,61849, 3.94374, 0.336365, 0, 0, 0, 0.941225, 3.58218, 16.6359, 0, 0, 0, 0, 23083212, 2.54714, 398799, 0, 159480
50000,0,true,WAIT_DIE,false,false,true,true,WR,1,0,false,LH_MCSLOCK,100000,1,TOP,1,16,true,WR,0,true,10000000,8,true,YCSB,false,0, 1045130, 0, 92056,0,0,0,0, 139757, 110.989,57247.5, 37.8749, 0.722976, 0, 0, 0, 2.0237, 8.08689, 80.4877, 0, 0, 0, 0, 51001785, 15.9665, 794229, 0, 542118
50000,0,true,WAIT_DIE,false,false,true,true,WR,1,0,false,LH_MCSLOCK,100000,1,TOP,1,16,true,WR,0,true,10000000,16,true,YCSB,false,0, 4127426, 0, 148781,0,0,0,0, 280483, 447.619,57049.5, 210.16, 1.60767, 0, 0, 0, 3.6863, 16.6852, 318.356, 0, 0, 0, 0, 134743894, 98.2936, 1596027, 0, 1385114
50000,0,true,WAIT_DIE,false,false,true,true,WR,1,0,false,LH_MCSLOCK,100000,1,TOP,1,16,true,WR,0,true,10000000,32,true,YCSB,false,0, 13071857, 0, 215621,0,0,0,0, 460727, 1469.3,69462.8, 781.593, 3.4158, 0, 0, 0, 3.95771, 27.1738, 1016.29, 0, 0, 0, 0, 264237294, 396.435, 3189433, 0, 3016325
50000,0,true,NO_WAIT,false,false,true,true,WR,1,0,false,LH_MCSLOCK,100000,1,TOP,1,16,true,WR,0,true,10000000,1,true,YCSB,false,0, 0, 0, 18097,0,0,0,0, 18097, 1.80977,55255.7, 0, 0.066129, 0, 0, 0, 0.321492, 1.09238, 0.00306838, 0, 0, 0, 0, 0, 0, 100000, 0, 0
50000,0,true,NO_WAIT,false,false,true,true,WR,1,0,false,LH_MCSLOCK,100000,1,TOP,1,16,true,WR,0,true,10000000,2,true,YCSB,false,0, 52343, 0, 26083,0,0,0,0, 51370, 8.17539,38935.9, 4.02403, 0.124554, 0, 0, 0, 0.892082, 2.32435, 4.05688, 0, 0, 0, 0, 0, 0, 159158, 0, 0
50000,0,true,NO_WAIT,false,false,true,true,WR,1,0,false,LH_MCSLOCK,100000,1,TOP,1,16,true,WR,0,true,10000000,4,true,YCSB,false,0, 284714, 0, 21146,0,0,0,0, 80417, 29.4401,49736.7, 21.6992, 0.280181, 0, 0, 0, 1.25868, 4.17647, 21.9731, 0, 0, 0, 0, 0, 0, 366064, 0, 0
50000,0,true,NO_WAIT,false,false,true,true,WR,1,0,false,LH_MCSLOCK,100000,1,TOP,1,16,true,WR,0,true,10000000,8,true,YCSB,false,0, 1071461, 0, 20209,0,0,0,0, 140140, 95.0069,57089.6, 81.3051, 0.564314, 0, 0, 0, 1.56133, 6.82599, 82.6577, 0, 0, 0, 0, 0, 0, 677989, 0, 0
50000,0,true,NO_WAIT,false,false,true,true,WR,1,0,false,LH_MCSLOCK,100000,1,TOP,1,16,true,WR,0,true,10000000,16,true,YCSB,false,0, 4279920, 0, 21065,0,0,0,0, 238932, 353.653,66965.5, 322.473, 1.23055, 0, 0, 0, 2.36772, 12.3161, 329.826, 0, 0, 0, 0, 0, 0, 1480161, 0, 0
50000,0,true,NO_WAIT,false,false,true,true,WR,1,0,false,LH_MCSLOCK,100000,1,TOP,1,16,true,WR,0,true,10000000,32,true,YCSB,false,0, 18074265, 0, 24754,0,0,0,0, 429326, 1291.79,74542.1, 1217.3, 2.65411, 0, 0, 0, 3.13401, 22.3141, 1240.67, 0, 0, 0, 0, 0, 0, 3009140, 0, 0
50000,0,true,SILO,false,false,true,true,WR,1,0,false,LH_MCSLOCK,100000,1,TOP,1,16,true,WR,0,true,10000000,1,true,YCSB,false,0, 0, 0, 20044,0,0,0,0, 20044, 2.00443,49889.6, 0, 0.0202255, 0, 0, 0, 0.339976, 0.90926, 0.003083, 0, 0, 0, 0, 0, 0, 100000, 0, 0
50000,0,true,SILO,false,false,true,true,WR,1,0,false,LH_MCSLOCK,100000,1,TOP,1,16,true,WR,0,true,10000000,2,true,YCSB,false,0, 48294, 0, 38644,0,0,0,0, 50470, 10.0845,39629.4, 2.36259, 0.0584513, 0, 0, 0, 0.782674, 1.81305, 3.75355, 0, 0, 0, 0, 0, 0, 199821, 0, 0
50000,0,true,SILO,false,false,true,true,WR,1,0,false,LH_MCSLOCK,100000,1,TOP,1,16,true,WR,0,true,10000000,4,true,YCSB,false,0, 186716, 0, 44593,0,0,0,0, 61746, 23.6437,64787.5, 6.5665, 0.133733, 0, 0, 0, 0.448837, 0.993355, 14.4352, 0, 0, 0, 0, 0, 0, 382954, 0, 0
50000,0,true,SILO,false,false,true,true,WR,1,0,false,LH_MCSLOCK,100000,1,TOP,1,16,true,WR,0,true,10000000,8,true,YCSB,false,0, 603869, 0, 56753,0,0,0,0, 79621, 61.6505,100487, 17.7015, 0.309867, 0, 0, 0, 0.45351, 0.938188, 46.5824, 0, 0, 0, 0, 0, 0, 774385, 0, 0
50000,0,true,SILO,false,false,true,true,WR,1,0,false,LH_MCSLOCK,100000,1,TOP,1,16,true,WR,0,true,10000000,16,true,YCSB,false,0, 1809396, 0, 72152,0,0,0,0, 108559, 169.514,147402, 56.8352, 0.797028, 0, 0, 0, 0.545949, 1.03634, 139.293, 0, 0, 0, 0, 0, 0, 1561669, 0, 0
50000,0,true,SILO,false,false,true,true,WR,1,0,false,LH_MCSLOCK,100000,1,TOP,1,16,true,WR,0,true,10000000,32,true,YCSB,false,0, 5145304, 0, 74646,0,0,0,0, 151724, 420.641,210944, 213.658, 1.43957, 0, 0, 0, 0.941338, 1.69126, 372.05, 0, 0, 0, 0, 0, 0, 2772859, 0, 0
50000,0,true,WOUND_WAIT,false,false,true,true,WR,1,0,false,LH_MCSLOCK,100000,1,TOP,1,16,true,WR,0,true,10000000,1,true,YCSB,false,0, 0, 0, 18399,0,0,0,0, 18399, 1.83994,54349.7, 0, 0.0693742, 0, 0, 0, 0.325318, 1.10591, 0.00308479, 0, 0, 0, 0, 2277442, 0, 100000, 0, 0
50000,0,true,WOUND_WAIT,false,false,true,true,WR,1,0,false,LH_MCSLOCK,100000,1,TOP,1,16,true,WR,0,true,10000000,2,true,YCSB,false,0, 1, 0, 84704,0,0,0,0, 84704, 16.9409,23611.5, 3.5024e-05, 0.308429, 0, 0, 0, 2.71668, 4.71981, 0.00599036, 0, 0, 0, 0, 33763882, 8.39355, 200000, 0, 199999
50000,0,true,WOUND_WAIT,false,false,true,true,WR,1,0,false,LH_MCSLOCK,100000,1,TOP,1,16,true,WR,0,true,10000000,4,true,YCSB,false,0, 3, 0, 104509,0,0,0,0, 104509, 41.8018,38273.9, 0.000204638, 0.518085, 0, 0, 0, 2.35747, 5.91377, 0.00915482, 0, 0, 0, 0, 68424725, 31.1543, 399980, 0, 399979
50000,0,true,WOUND_WAIT,false,false,true,true,WR,1,0,false,LH_MCSLOCK,100000,1,TOP,1,16,true,WR,0,true,10000000,8,true,YCSB,false,0, 1, 0, 168702,0,0,0,0, 168702, 134.962,47420.6, 2.6382e-05, 0.928778, 0, 0, 0, 2.82856, 9.97145, 0.0174367, 0, 0, 0, 0, 97485963, 117.521, 800000, 0, 799999
50000,0,true,WOUND_WAIT,false,false,true,true,WR,1,0,false,LH_MCSLOCK,100000,1,TOP,1,16,true,WR,0,true,10000000,16,true,YCSB,false,0, 2, 0, 314351,0,0,0,0, 314351, 502.962,50898.5, 2.4652e-05, 1.93461, 0, 0, 0, 4.49244, 19.2222, 0.0331282, 0, 0, 0, 0, 191352228, 469.902, 1600000, 0, 1599999
50000,0,true,WOUND_WAIT,false,false,true,true,WR,1,0,false,LH_MCSLOCK,100000,1,TOP,1,16,true,WR,0,true,10000000,32,true,YCSB,false,0, 2, 0, 618829,0,0,0,0, 618829, 1980.25,51710.5, 0.000517477, 3.6997, 0, 0, 0, 9.0116, 38.587, 0.0675439, 0, 0, 0, 0, 358465640, 1913.58, 3199986, 0, 3199985
50000,0,true,BAMBOO,false,false,true,true,WR,1,0,false,LH_MCSLOCK,100000,1,TOP,1,16,true,WR,0,true,10000000,1,true,YCSB,false,0, 0, 0, 15521,0,0,0,0, 15521, 1.55211,64428.6, 0, 0.0271061, 0.00154442, 0, 0, 0.300109, 0.568648, 0.00307052, 0, 0, 0, 0, 0, 0, 100000, 0, 0
50000,0,true,BAMBOO,false,false,true,true,WR,1,0,false,LH_MCSLOCK,100000,1,TOP,1,16,true,WR,0,true,10000000,2,true,YCSB,false,0, 0, 0, 32978,0,0,0,0, 32978, 6.59579,60644.8, 0, 0.661407, 0.334973, 0, 0, 1.3441, 4.00714, 0.00558867, 0, 0, 0, 0, 0, 0.000238455, 200000, 0, 350
50000,0,true,BAMBOO,false,false,true,true,WR,1,0,false,LH_MCSLOCK,100000,1,TOP,1,16,true,WR,0,true,10000000,4,true,YCSB,false,0, 0, 0, 28869,0,0,0,0, 28869, 11.4958,138554, 0, 1.97024, 1.32713, 0, 0, 1.67543, 7.37673, 0.00919402, 0, 0, 0, 0, 0, 0.00114728, 398196, 0, 1755
50000,0,true,BAMBOO,false,false,true,true,WR,1,0,false,LH_MCSLOCK,100000,1,TOP,1,16,true,WR,0,true,10000000,8,true,YCSB,false,0, 0, 0, 27614,0,0,0,0, 27614, 21.9495,289707, 0, 5.67204, 4.34431, 0, 0, 2.14782, 14.6542, 0.0177709, 0, 0, 0, 0, 0, 0.0213074, 794864, 0, 24104
50000,0,true,BAMBOO,false,false,true,true,WR,1,0,false,LH_MCSLOCK,100000,1,TOP,1,16,true,WR,0,true,10000000,16,true,YCSB,false,0, 0, 0, 40151,0,0,0,0, 40151, 64.2331,398494, 0, 32.7874, 29.1991, 0, 0, 3.08565, 50.3992, 0.0427263, 0, 0, 0, 0, 0, 0.0785342, 1599782, 0, 77285
50000,0,true,BAMBOO,false,false,true,true,WR,1,0,false,LH_MCSLOCK,100000,1,TOP,1,16,true,WR,0,true,10000000,32,true,YCSB,false,0, 0, 0, 90114,0,0,0,0, 90114, 288.027,355106, 0, 221.852, 213.437, 0, 0, 6.35573, 258.842, 0.0881576, 0, 0, 0, 0, 0, 0.346751, 3196250, 0, 321629
50000,0,true,WAIT_DIE,false,false,true,true,WR,1,0,false,LH_MCSLOCK,100000,1,TOP,1,16,true,WR,0,true,10000000,1,true,YCSB,false,0, 0, 0, 18209,0,0,0,0, 18209, 1.82099,54915.3, 0, 0.0671034, 0, 0, 0, 0.330813, 1.08845, 0.00671128, 0, 0, 0, 0, 2698928, 0, 100000, 0, 0
50000,0,true,WAIT_DIE,false,false,true,true,WR,1,0,false,LH_MCSLOCK,100000,1,TOP,1,16,true,WR,0,true,10000000,2,true,YCSB,false,0, 54761, 0, 54973,0,0,0,0, 56084, 10.6593,35662.2, 0.210585, 0.181992, 0, 0, 0, 1.18444, 3.04902, 4.26312, 0, 0, 0, 0, 12360869, 1.01139, 190067, 0, 51348
50000,0,true,WAIT_DIE,false,false,true,true,WR,1,0,false,LH_MCSLOCK,100000,1,TOP,1,16,true,WR,0,true,10000000,4,true,YCSB,false,0, 261950, 0, 68774,0,0,0,0, 83984, 33.0193,47631.5, 5.97796, 0.379485, 0, 0, 0, 1.41248, 4.65152, 20.2652, 0, 0, 0, 0, 27091604, 4.26305, 393190, 0, 180844
50000,0,true,WAIT_DIE,false,false,true,true,WR,1,0,false,LH_MCSLOCK,100000,1,TOP,1,16,true,WR,0,true,10000000,8,true,YCSB,false,0, 958861, 0, 85810,0,0,0,0, 127622, 101.22,62690.9, 33.1554, 0.720283, 0, 0, 0, 1.83808, 7.3892, 73.9664, 0, 0, 0, 0, 50669440, 13.9615, 793197, 0, 516269
50000,0,true,WAIT_DIE,false,false,true,true,WR,1,0,false,LH_MCSLOCK,100000,1,TOP,1,16,true,WR,0,true,10000000,16,true,YCSB,false,0, 3690745, 0, 128184,0,0,0,0, 240004, 382.724,66671.7, 178.295, 1.48562, 0, 0, 0, 2.93315, 14.3544, 283.767, 0, 0, 0, 0, 112121772, 72.8454, 1594805, 0, 1350096
50000,0,true,WAIT_DIE,false,false,true,true,WR,1,0,false,LH_MCSLOCK,100000,1,TOP,1,16,true,WR,0,true,10000000,32,true,YCSB,false,0, 12639353, 0, 203059,0,0,0,0, 437151, 1395.37,73209.2, 747.141, 3.39529, 0, 0, 0, 3.26533, 25.9186, 981.877, 0, 0, 0, 0, 260700988, 359.479, 3192313, 0, 3016753
50000,0,true,NO_WAIT,false,false,true,true,WR,1,0,false,LH_MCSLOCK,100000,1,TOP,1,16,true,WR,0,true,10000000,1,true,YCSB,false,0, 0, 0, 18325,0,0,0,0, 18325, 1.83255,54568.8, 0, 0.0662708, 0, 0, 0, 0.327618, 1.10575, 0.00306367, 0, 0, 0, 0, 0, 0, 100000, 0, 0
50000,0,true,NO_WAIT,false,false,true,true,WR,1,0,false,LH_MCSLOCK,100000,1,TOP,1,16,true,WR,0,true,10000000,2,true,YCSB,false,0, 55549, 0, 27709,0,0,0,0, 54582, 8.69739,36644.6, 4.28164, 0.124937, 0, 0, 0, 0.925585, 2.50997, 4.31293, 0, 0, 0, 0, 0, 0, 159356, 0, 0
50000,0,true,NO_WAIT,false,false,true,true,WR,1,0,false,LH_MCSLOCK,100000,1,TOP,1,16,true,WR,0,true,10000000,4,true,YCSB,false,0, 229370, 0, 19652,0,0,0,0, 74768, 23.7477,53484.3, 17.5073, 0.23544, 0, 0, 0, 1.07185, 3.32245, 17.7281, 0, 0, 0, 0, 0, 0, 317532, 0, 0
50000,0,true,NO_WAIT,false,false,true,true,WR,1,0,false,LH_MCSLOCK,100000,1,TOP,1,16,true,WR,0,true,10000000,8,true,YCSB,false,0, 1142495, 0, 20929,0,0,0,0, 145343, 100.98,55044.2, 86.4379, 0.566674, 0, 0, 0, 1.84684, 7.25577, 87.9601, 0, 0, 0, 0, 0, 0, 694794, 0, 0
50000,0,true,NO_WAIT,false,false,true,true,WR,1,0,false,LH_MCSLOCK,100000,1,TOP,1,16,true,WR,0,true,10000000,16,true,YCSB,false,0, 4186557, 0, 21259,0,0,0,0, 237845, 346.185,67276.2, 315.24, 1.24324, 0, 0, 0, 2.24768, 12.0125, 322.695, 0, 0, 0, 0, 0, 0, 1455628, 0, 0
50000,0,true,NO_WAIT,false,false,true,true,WR,1,0,false,LH_MCSLOCK,100000,1,TOP,1,16,true,WR,0,true,10000000,32,true,YCSB,false,0, 17757244, 0, 24872,0,0,0,0, 431852, 1273.14,74107.2, 1199.8, 2.60995, 0, 0, 0, 3.27032, 21.3475, 1223.2, 0, 0, 0, 0, 0, 0, 2948399, 0, 0
50000,0,true,SILO,false,false,true,true,WR,1,0,false,LH_MCSLOCK,100000,1,TOP,1,16,true,WR,0,true,10000000,1,true,YCSB,false,0, 0, 0, 20051,0,0,0,0, 20051, 2.00511,49872.6, 0, 0.0206329, 0, 0, 0, 0.340996, 0.912515, 0.00307749, 0, 0, 0, 0, 0, 0, 100000, 0, 0
50000,0,true,SILO,false,false,true,true,WR,1,0,false,LH_MCSLOCK,100000,1,TOP,1,16,true,WR,0,true,10000000,2,true,YCSB,false,0, 47563, 0, 39285,0,0,0,0, 49658, 9.56408,40278, 1.99736, 0.0626399, 0, 0, 0, 0.694062, 1.65042, 3.6961, 0, 0, 0, 0, 0, 0, 192611, 0, 0
50000,0,true,SILO,false,false,true,true,WR,1,0,false,LH_MCSLOCK,100000,1,TOP,1,16,true,WR,0,true,10000000,4,true,YCSB,false,0, 146724, 0, 34385,0,0,0,0, 45794, 17.5424,87354.8, 4.3692, 0.111081, 0, 0, 0, 0.26648, 0.561116, 11.31, 0, 0, 0, 0, 0, 0, 383103, 0, 0
50000,0,true,SILO,false,false,true,true,WR,1,0,false,LH_MCSLOCK,100000,1,TOP,1,16,true,WR,0,true,10000000,8,true,YCSB,false,0, 542441, 0, 50228,0,0,0,0, 67766, 52.8112,118064, 13.6635, 0.258716, 0, 0, 0, 0.302285, 0.534201, 41.7291, 0, 0, 0, 0, 0, 0, 779385, 0, 0
50000,0,true,SILO,false,false,true,true,WR,1,0,false,LH_MCSLOCK,100000,1,TOP,1,16,true,WR,0,true,10000000,16,true,YCSB,false,0, 1809885, 0, 71774,0,0,0,0, 108468, 169.882,147531, 57.4528, 0.774997, 0, 0, 0, 0.56388, 1.04737, 139.374, 0, 0, 0, 0, 0, 0, 1566425, 0, 0
50000,0,true,SILO,false,false,true,true,WR,1,0,false,LH_MCSLOCK,100000,1,TOP,1,16,true,WR,0,true,10000000,32,true,YCSB,false,0, 5640013, 0, 77266,0,0,0,0, 166157, 478.077,192622, 255.725, 1.91387, 0, 0, 0, 1.07562, 2.03126, 406.489, 0, 0, 0, 0, 0, 0, 2877750, 0, 0
50000,0,true,WOUND_WAIT,false,false,true,true,WR,1,0,false,LH_SPINLOCK,100000,1,TOP,1,16,true,WR,0,true,10000000,1,true,YCSB,false,0, 0, 0, 17444,0,0,0,0, 17444, 1.74449,57323.3, 0, 0.0258069, 0, 0, 0, 0.324482, 1.01396, 0.00306663, 0, 0, 0, 0, 2263156, 0, 100000, 0, 0
50000,0,true,WOUND_WAIT,false,false,true,true,WR,1,0,false,LH_SPINLOCK,100000,1,TOP,1,16,true,WR,0,true,10000000,2,true,YCSB,false,0, 1, 0, 64701,0,0,0,0, 64701, 12.9403,30911.2, 2.08e-05, 0.109574, 0, 0, 0, 1.74128, 3.54026, 0.00627061, 0, 0, 0, 0, 37294378, 6.40436, 200000, 0, 199999
50000,0,true,WOUND_WAIT,false,false,true,true,WR,1,0,false,LH_SPINLOCK,100000,1,TOP,1,16,true,WR,0,true,10000000,4,true,YCSB,false,0, 1, 0, 123890,0,0,0,0, 123890, 49.5528,32286.6, 1.7923e-05, 0.187078, 0, 0, 0, 3.31146, 6.60272, 0.0170591, 0, 0, 0, 0, 48380395, 37.1977, 399973, 0, 399972
50000,0,true,WOUND_WAIT,false,false,true,true,WR,1,0,false,LH_SPINLOCK,100000,1,TOP,1,16,true,WR,0,true,10000000,8,true,YCSB,false,0, 3, 0, 164763,0,0,0,0, 164763, 131.811,48554.5, 9.03e-05, 0.361577, 0, 0, 0, 2.80806, 8.93444, 0.0315607, 0, 0, 0, 0, 123912902, 115.114, 800000, 0, 799999
50000,0,true,WOUND_WAIT,false,false,true,true,WR,1,0,false,LH_SPINLOCK,100000,1,TOP,1,16,true,WR,0,true,10000000,16,true,YCSB,false,0, 0, 0, 295599,0,0,0,0, 295599, 472.959,54127.3, 0, 0.761362, 0, 0, 0, 4.1592, 16.4746, 0.0515744, 0, 0, 0, 0, 214519379, 442.46, 1600000, 0, 1599999
50000,0,true,WOUND_WAIT,false,false,true,true,WR,1,0,false,LH_SPINLOCK,100000,1,TOP,1,16,true,WR,0,true,10000000,32,true,YCSB,false,0, 2, 0, 568860,0,0,0,0, 568860, 1820.34,56252.8, 5.9803e-05, 1.50862, 0, 0, 0, 7.43453, 33.8603, 0.105406, 0, 0, 0, 0, 410678234, 1759.27, 3199976, 0, 3199975
50000,0,true,BAMBOO,false,false,true,true,WR,1,0,false,LH_SPINLOCK,100000,1,TOP,1,16,true,WR,0,true,10000000,1,true,YCSB,false,0, 0, 0, 15537,0,0,0,0, 15537, 1.55372,64361.8, 0, 0.0283786, 0.00154601, 0, 0, 0.308061, 0.574234, 0.00306673, 0, 0, 0, 0, 0, 0, 100000, 0, 0
50000,0,true,BAMBOO,false,false,true,true,WR,1,0,false,LH_SPINLOCK,100000,1,TOP,1,16,true,WR,0,true,10000000,2,true,YCSB,false,0, 0, 0, 41444,0,0,0,0, 41444, 8.17799,48257.6, 0, 1.21297, 1.05801, 0, 0, 1.73571, 5.0857, 0.00654623, 0, 0, 0, 0, 0, 0.00518838, 197325, 0, 6410
50000,0,true,BAMBOO,false,false,true,true,WR,1,0,false,LH_SPINLOCK,100000,1,TOP,1,16,true,WR,0,true,10000000,4,true,YCSB,false,0, 0, 0, 28713,0,0,0,0, 28713, 11.4106,139309, 0, 1.60439, 1.21816, 0, 0, 1.73952, 7.04176, 0.0126411, 0, 0, 0, 0, 0, 0.0186392, 397398, 0, 17429
50000,0,true,BAMBOO,false,false,true,true,WR,1,0,false,LH_SPINLOCK,100000,1,TOP,1,16,true,WR,0,true,10000000,8,true,YCSB,false,0, 0, 0, 26090,0,0,0,0, 26090, 20.8489,306629, 0, 4.43121, 3.37133, 0, 0, 2.11482, 13.6362, 0.0253434, 0, 0, 0, 0, 0, 0.0642925, 799109, 0, 46339
50000,0,true,BAMBOO,false,false,true,true,WR,1,0,false,LH_SPINLOCK,100000,1,TOP,1,16,true,WR,0,true,10000000,16,true,YCSB,false,0, 0, 0, 41201,0,0,0,0, 41201, 65.7265,388331, 0, 33.3011, 30.0133, 0, 0, 3.07078, 51.1527, 0.0457199, 0, 0, 0, 0, 0, 0.744946, 1595228, 0, 235107
50000,0,true,BAMBOO,false,false,true,true,WR,1,0,false,LH_SPINLOCK,100000,1,TOP,1,16,true,WR,0,true,10000000,32,true,YCSB,false,0, 0, 0, 78538,0,0,0,0, 78538, 250.528,407445, 0, 189.953, 182.675, 0, 0, 5.98623, 220.462, 0.102432, 0, 0, 0, 0, 0, 1.1692, 3189887, 0, 491858
50000,0,true,WAIT_DIE,false,false,true,true,WR,1,0,false,LH_SPINLOCK,100000,1,TOP,1,16,true,WR,0,true,10000000,1,true,YCSB,false,0, 0, 0, 17325,0,0,0,0, 17325, 1.73252,57719.4, 0, 0.0264756, 0, 0, 0, 0.31655, 1.00927, 0.00671997, 0, 0, 0, 0, 2704648, 0, 100000, 0, 0
50000,0,true,WAIT_DIE,false,false,true,true,WR,1,0,false,LH_SPINLOCK,100000,1,TOP,1,16,true,WR,0,true,10000000,2,true,YCSB,false,0, 50812, 0, 47952,0,0,0,0, 49100, 9.76102,40735.1, 0.227728, 0.0724885, 0, 0, 0, 1.07453, 2.74774, 3.95755, 0, 0, 0, 0, 13107360, 0.898728, 198808, 0, 47088
50000,0,true,WAIT_DIE,false,false,true,true,WR,1,0,false,LH_SPINLOCK,100000,1,TOP,1,16,true,WR,0,true,10000000,4,true,YCSB,false,0, 247665, 0, 64479,0,0,0,0, 77928, 30.7181,51333.5, 5.29906, 0.161814, 0, 0, 0, 1.34393, 4.08292, 19.1941, 0, 0, 0, 0, 37239132, 3.69673, 394217, 0, 174949
50000,0,true,WAIT_DIE,false,false,true,true,WR,1,0,false,LH_SPINLOCK,100000,1,TOP,1,16,true,WR,0,true,10000000,8,true,YCSB,false,0, 973578, 0, 87909,0,0,0,0, 131471, 103.95,60855.4, 34.4363, 0.319001, 0, 0, 0, 2.03112, 7.02139, 75.3615, 0, 0, 0, 0, 66004585, 14.9942, 790740, 0, 515924
50000,0,true,WAIT_DIE,false,false,true,true,WR,1,0,false,LH_SPINLOCK,100000,1,TOP,1,16,true,WR,0,true,10000000,16,true,YCSB,false,0, 3393538, 0, 117400,0,0,0,0, 216790, 345.292,73810.9, 158.286, 0.652537, 0, 0, 0, 2.45359, 12.1984, 261.422, 0, 0, 0, 0, 132104577, 60.8326, 1592896, 0, 1314311
50000,0,true,WAIT_DIE,false,false,true,true,WR,1,0,false,LH_SPINLOCK,100000,1,TOP,1,16,true,WR,0,true,10000000,32,true,YCSB,false,0, 12721047, 0, 207970,0,0,0,0, 443895, 1416.58,72097.4, 752.816, 1.63496, 0, 0, 0, 4.76818, 23.7359, 987.948, 0, 0, 0, 0, 323008470, 375.945, 3191606, 0, 3013924
50000,0,true,NO_WAIT,false,false,true,true,WR,1,0,false,LH_SPINLOCK,100000,1,TOP,1,16,true,WR,0,true,10000000,1,true,YCSB,false,0, 0, 0, 17365,0,0,0,0, 17365, 1.73658,57584.5, 0, 0.0263877, 0, 0, 0, 0.320207, 1.01335, 0.00306084, 0, 0, 0, 0, 0, 0, 100000, 0, 0
50000,0,true,NO_WAIT,false,false,true,true,WR,1,0,false,LH_SPINLOCK,100000,1,TOP,1,16,true,WR,0,true,10000000,2,true,YCSB,false,0, 59281, 0, 23664,0,0,0,0, 46647, 9.22888,42877.8, 4.54671, 0.0624048, 0, 0, 0, 0.907836, 2.60085, 4.59027, 0, 0, 0, 0, 0, 0, 197857, 0, 0
50000,0,true,NO_WAIT,false,false,true,true,WR,1,0,false,LH_SPINLOCK,100000,1,TOP,1,16,true,WR,0,true,10000000,4,true,YCSB,false,0, 275261, 0, 18898,0,0,0,0, 71985, 28.4591,55558.2, 20.9887, 0.127402, 0, 0, 0, 1.27272, 3.81181, 21.2561, 0, 0, 0, 0, 0, 0, 395284, 0, 0
50000,0,true,NO_WAIT,false,false,true,true,WR,1,0,false,LH_SPINLOCK,100000,1,TOP,1,16,true,WR,0,true,10000000,8,true,YCSB,false,0, 969574, 0, 17841,0,0,0,0, 127100, 85.6663,62943.5, 73.641, 0.213902, 0, 0, 0, 1.64161, 5.76484, 74.6736, 0, 0, 0, 0, 0, 0, 674017, 0, 0
50000,0,true,NO_WAIT,false,false,true,true,WR,1,0,false,LH_SPINLOCK,100000,1,TOP,1,16,true,WR,0,true,10000000,16,true,YCSB,false,0, 3838167, 0, 18236,0,0,0,0, 223572, 316.626,71567, 290.799, 0.49479, 0, 0, 0, 2.19215, 10.7884, 295.627, 0, 0, 0, 0, 0, 0, 1416251, 0, 0
50000,0,true,NO_WAIT,false,false,true,true,WR,1,0,false,LH_SPINLOCK,100000,1,TOP,1,16,true,WR,0,true,10000000,32,true,YCSB,false,0, 16075110, 0, 20529,0,0,0,0, 395120, 1162.96,80993.7, 1102.53, 1.11717, 0, 0, 0, 3.20615, 18.5213, 1118.19, 0, 0, 0, 0, 0, 0, 2943511, 0, 0
50000,0,true,SILO,false,false,true,true,WR,1,0,false,LH_SPINLOCK,100000,1,TOP,1,16,true,WR,0,true,10000000,1,true,YCSB,false,0, 0, 0, 20058,0,0,0,0, 20058, 2.00582,49855, 0, 0.0200128, 0, 0, 0, 0.342234, 0.910681, 0.00307331, 0, 0, 0, 0, 0, 0, 100000, 0, 0
50000,0,true,SILO,false,false,true,true,WR,1,0,false,LH_SPINLOCK,100000,1,TOP,1,16,true,WR,0,true,10000000,2,true,YCSB,false,0, 43413, 0, 34156,0,0,0,0, 43976, 8.78096,45484.6, 1.95998, 0.0555208, 0, 0, 0, 0.580991, 1.53152, 3.37324, 0, 0, 0, 0, 0, 0, 199699, 0, 0
50000,0,true,SILO,false,false,true,true,WR,1,0,false,LH_SPINLOCK,100000,1,TOP,1,16,true,WR,0,true,10000000,4,true,YCSB,false,0, 149829, 0, 34808,0,0,0,0, 45521, 17.6359,87878.5, 4.1493, 0.116062, 0, 0, 0, 0.301969, 0.588345, 11.5525, 0, 0, 0, 0, 0, 0, 387454, 0, 0
50000,0,true,SILO,false,false,true,true,WR,1,0,false,LH_SPINLOCK,100000,1,TOP,1,16,true,WR,0,true,10000000,8,true,YCSB,false,0, 635137, 0, 59079,0,0,0,0, 83702, 65.9131,95587.7, 19.3846, 0.309965, 0, 0, 0, 0.403416, 0.810017, 48.9226, 0, 0, 0, 0, 0, 0, 787560, 0, 0
50000,0,true,SILO,false,false,true,true,WR,1,0,false,LH_SPINLOCK,100000,1,TOP,1,16,true,WR,0,true,10000000,16,true,YCSB,false,0, 1768361, 0, 69784,0,0,0,0, 104996, 162.944,152407, 54.6315, 0.832671, 0, 0, 0, 0.579009, 1.12341, 136.455, 0, 0, 0, 0, 0, 0, 1552106, 0, 0
50000,0,true,SILO,false,false,true,true,WR,1,0,false,LH_SPINLOCK,100000,1,TOP,1,16,true,WR,0,true,10000000,32,true,YCSB,false,0, 5244248, 0, 74412,0,0,0,0, 152503, 426.943,209862, 218.59, 1.50564, 0, 0, 0, 0.971474, 1.76165, 377.73, 0, 0, 0, 0, 0, 0, 2799975, 0, 0
50000,0,true,WOUND_WAIT,false,false,true,true,WR,1,0,false,LH_SPINLOCK,100000,1,TOP,1,16,true,WR,0,true,10000000,1,true,YCSB,false,0, 0, 0, 17382,0,0,0,0, 17382, 1.73821,57530.5, 0, 0.0257848, 0, 0, 0, 0.319148, 1.00931, 0.00308689, 0, 0, 0, 0, 2245296, 0, 100000, 0, 0
50000,0,true,WOUND_WAIT,false,false,true,true,WR,1,0,false,LH_SPINLOCK,100000,1,TOP,1,16,true,WR,0,true,10000000,2,true,YCSB,false,0, 0, 0, 78779,0,0,0,0, 78779, 15.756,25387.2, 0, 0.106546, 0, 0, 0, 2.42915, 4.28622, 0.00707789, 0, 0, 0, 0, 32448195, 7.86398, 200000, 0, 199999
50000,0,true,WOUND_WAIT,false,false,true,true,WR,1,0,false,LH_SPINLOCK,100000,1,TOP,1,16,true,WR,0,true,10000000,4,true,YCSB,false,0, 3, 0, 108042,0,0,0,0, 108042, 43.217,37022.4, 9.8168e-05, 0.180271, 0, 0, 0, 2.58934, 5.70817, 0.0141963, 0, 0, 0, 0, 48170518, 32.3997, 400000, 0, 399999
50000,0,true,WOUND_WAIT,false,false,true,true,WR,1,0,false,LH_SPINLOCK,100000,1,TOP,1,16,true,WR,0,true,10000000,8,true,YCSB,false,0, 1, 0, 176913,0,0,0,0, 176913, 141.531,45219.8, 2.1132e-05, 0.413753, 0, 0, 0, 3.35644, 9.48023, 0.0278874, 0, 0, 0, 0, 117010300, 123.684, 800000, 0, 799999
50000,0,true,WOUND_WAIT,false,false,true,true,WR,1,0,false,LH_SPINLOCK,100000,1,TOP,1,16,true,WR,0,true,10000000,16,true,YCSB,false,0, 1, 0, 318585,0,0,0,0, 318585, 509.737,50222, 3.5927e-05, 0.796812, 0, 0, 0, 5.30617, 17.5017, 0.0499729, 0, 0, 0, 0, 236838301, 477.124, 1600000, 0, 1599999
50000,0,true,WOUND_WAIT,false,false,true,true,WR,1,0,false,LH_SPINLOCK,100000,1,TOP,1,16,true,WR,0,true,10000000,32,true,YCSB,false,0, 0, 0, 557145,0,0,0,0, 557145, 1782.86,57435.6, 0, 1.58661, 0, 0, 0, 6.9234, 33.3197, 0.133606, 0, 0, 0, 0, 443205192, 1722.77, 3199987, 0, 3199986
50000,0,true,BAMBOO,false,false,true,true,WR,1,0,false,LH_SPINLOCK,100000,1,TOP,1,16,true,WR,0,true,10000000,1,true,YCSB,false,0, 0, 0, 15647,0,0,0,0, 15647, 1.56471,63909.7, 0, 0.0282198, 0.00154521, 0, 0, 0.305267, 0.57841, 0.00307002, 0, 0, 0, 0, 0, 0, 100000, 0, 0
50000,0,true,BAMBOO,false,false,true,true,WR,1,0,false,LH_SPINLOCK,100000,1,TOP,1,16,true,WR,0,true,10000000,2,true,YCSB,false,0, 0, 0, 32757,0,0,0,0, 32757, 6.53037,61054.1, 0, 0.490999, 0.340074, 0, 0, 1.4053, 3.86942, 0.00644871, 0, 0, 0, 0, 0, 0.00394651, 199353, 0, 5053
50000,0,true,BAMBOO,false,false,true,true,WR,1,0,false,LH_SPINLOCK,100000,1,TOP,1,16,true,WR,0,true,10000000,4,true,YCSB,false,0, 0, 0, 29685,0,0,0,0, 29685, 11.7837,134746, 0, 1.6341, 1.26942, 0, 0, 1.99142, 7.09792, 0.0125715, 0, 0, 0, 0, 0, 0.0187566, 396951, 0, 16570
50000,0,true,BAMBOO,false,false,true,true,WR,1,0,false,LH_SPINLOCK,100000,1,TOP,1,16,true,WR,0,true,10000000,8,true,YCSB,false,0, 0, 0, 25904,0,0,0,0, 25904, 20.6944,308827, 0, 4.93414, 3.85272, 0, 0, 2.12985, 13.5, 0.0227706, 0, 0, 0, 0, 0, 0.0650633, 798876, 0, 49977
50000,0,true,BAMBOO,false,false,true,true,WR,1,0,false,LH_SPINLOCK,100000,1,TOP,1,16,true,WR,0,true,10000000,16,true,YCSB,false,0, 0, 0, 43511,0,0,0,0, 43511, 69.2976,367721, 0, 35.486, 32.0561, 0, 0, 4.06917, 53.6701, 0.0527015, 0, 0, 0, 0, 0, 0.557107, 1592638, 0, 212256
50000,0,true,BAMBOO,false,false,true,true,WR,1,0,false,LH_SPINLOCK,100000,1,TOP,1,16,true,WR,0,true,10000000,32,true,YCSB,false,0, 0, 0, 87387,0,0,0,0, 87387, 279.421,366186, 0, 213.527, 205.676, 0, 0, 7.46298, 249.473, 0.0865321, 0, 0, 0, 0, 0, 1.24921, 3197508, 0, 458171
50000,0,true,WAIT_DIE,false,false,true,true,WR,1,0,false,LH_SPINLOCK,100000,1,TOP,1,16,true,WR,0,true,10000000,1,true,YCSB,false,0, 0, 0, 17492,0,0,0,0, 17492, 1.74929,57165.9, 0, 0.0265373, 0, 0, 0, 0.321786, 1.01876, 0.00672051, 0, 0, 0, 0, 2699885, 0, 100000, 0, 0
50000,0,true,WAIT_DIE,false,false,true,true,WR,1,0,false,LH_SPINLOCK,100000,1,TOP,1,16,true,WR,0,true,10000000,2,true,YCSB,false,0, 49507, 0, 45967,0,0,0,0, 46999, 9.39646,42556.3, 0.205856, 0.0697502, 0, 0, 0, 0.940219, 2.61361, 3.86037, 0, 0, 0, 0, 10548165, 0.81712, 199939, 0, 46086
50000,0,true,WAIT_DIE,false,false,true,true,WR,1,0,false,LH_SPINLOCK,100000,1,TOP,1,16,true,WR,0,true,10000000,4,true,YCSB,false,0, 267296, 0, 69616,0,0,0,0, 85102, 33.6674,47006.2, 6.12409, 0.159822, 0, 0, 0, 1.71987, 4.50898, 20.7281, 0, 0, 0, 0, 31171906, 4.38061, 395644, 0, 184396
50000,0,true,WAIT_DIE,false,false,true,true,WR,1,0,false,LH_SPINLOCK,100000,1,TOP,1,16,true,WR,0,true,10000000,8,true,YCSB,false,0, 1034456, 0, 92661,0,0,0,0, 139743, 111.517,57253.1, 37.5654, 0.299303, 0, 0, 0, 1.99249, 7.84762, 79.7656, 0, 0, 0, 0, 58138105, 17.4222, 798089, 0, 534929
50000,0,true,WAIT_DIE,false,false,true,true,WR,1,0,false,LH_SPINLOCK,100000,1,TOP,1,16,true,WR,0,true,10000000,16,true,YCSB,false,0, 3535841, 0, 121911,0,0,0,0, 227245, 361.492,70415.3, 167.542, 0.640268, 0, 0, 0, 2.69453, 12.7752, 272.092, 0, 0, 0, 0, 129870926, 65.3452, 1590910, 0, 1335171
50000,0,true,WAIT_DIE,false,false,true,true,WR,1,0,false,LH_SPINLOCK,100000,1,TOP,1,16,true,WR,0,true,10000000,32,true,YCSB,false,0, 12465620, 0, 201315,0,0,0,0, 431085, 1375.58,74241.4, 733.1, 1.60386, 0, 0, 0, 4.30502, 22.9635, 968.069, 0, 0, 0, 0, 321043847, 356.287, 3191401, 0, 3011421
50000,0,true,NO_WAIT,false,false,true,true,WR,1,0,false,LH_SPINLOCK,100000,1,TOP,1,16,true,WR,0,true,10000000,1,true,YCSB,false,0, 0, 0, 17515,0,0,0,0, 17515, 1.75158,57091.3, 0, 0.0281974, 0, 0, 0, 0.327747, 1.01869, 0.00306572, 0, 0, 0, 0, 0, 0, 100000, 0, 0
50000,0,true,NO_WAIT,false,false,true,true,WR,1,0,false,LH_SPINLOCK,100000,1,TOP,1,16,true,WR,0,true,10000000,2,true,YCSB,false,0, 63785, 0, 26377,0,0,0,0, 52085, 9.95769,38401.1, 4.91457, 0.0611382, 0, 0, 0, 1.17151, 2.75408, 4.94991, 0, 0, 0, 0, 0, 0, 191193, 0, 0
50000,0,true,NO_WAIT,false,false,true,true,WR,1,0,false,LH_SPINLOCK,100000,1,TOP,1,16,true,WR,0,true,10000000,4,true,YCSB,false,0, 287561, 0, 21614,0,0,0,0, 82381, 29.8269,48558.9, 22.0004, 0.129018, 0, 0, 0, 1.39481, 3.99163, 22.2416, 0, 0, 0, 0, 0, 0, 362091, 0, 0
50000,0,true,NO_WAIT,false,false,true,true,WR,1,0,false,LH_SPINLOCK,100000,1,TOP,1,16,true,WR,0,true,10000000,8,true,YCSB,false,0, 949423, 0, 17840,0,0,0,0, 126342, 83.8717,63315.8, 72.0294, 0.210457, 0, 0, 0, 1.59075, 5.64915, 73.0911, 0, 0, 0, 0, 0, 0, 663801, 0, 0
50000,0,true,NO_WAIT,false,false,true,true,WR,1,0,false,LH_SPINLOCK,100000,1,TOP,1,16,true,WR,0,true,10000000,16,true,YCSB,false,0, 4142356, 0, 18160,0,0,0,0, 228735, 341.299,69951.3, 314.202, 0.495266, 0, 0, 0, 2.88733, 11.6102, 318.69, 0, 0, 0, 0, 0, 0, 1492147, 0, 0
50000,0,true,NO_WAIT,false,false,true,true,WR,1,0,false,LH_SPINLOCK,100000,1,TOP,1,16,true,WR,0,true,10000000,32,true,YCSB,false,0, 17856368, 0, 21789,0,0,0,0, 417607, 1275.32,76634.6, 1208.77, 1.18909, 0, 0, 0, 3.78985, 20.6357, 1225.9, 0, 0, 0, 0, 0, 0, 3054181, 0, 0
50000,0,true,SILO,false,false,true,true,WR,1,0,false,LH_SPINLOCK,100000,1,TOP,1,16,true,WR,0,true,10000000,1,true,YCSB,false,0, 0, 0, 20304,0,0,0,0, 20304, 2.03044,49250.4, 0, 0.0197891, 0, 0, 0, 0.340441, 0.920076, 0.00307882, 0, 0, 0, 0, 0, 0, 100000, 0, 0
50000,0,true,SILO,false,false,true,true,WR,1,0,false,LH_SPINLOCK,100000,1,TOP,1,16,true,WR,0,true,10000000,2,true,YCSB,false,0, 43504, 0, 35728,0,0,0,0, 45822, 8.86549,43651.5, 1.95214, 0.0524654, 0, 0, 0, 0.623237, 1.49243, 3.37506, 0, 0, 0, 0, 0, 0, 193496, 0, 0
50000,0,true,SILO,false,false,true,true,WR,1,0,false,LH_SPINLOCK,100000,1,TOP,1,16,true,WR,0,true,10000000,4,true,YCSB,false,0, 187568, 0, 43988,0,0,0,0, 61977, 24.1706,64546.1, 7.01371, 0.126336, 0, 0, 0, 0.478094, 1.07101, 14.4408, 0, 0, 0, 0, 0, 0, 390030, 0, 0
50000,0,true,SILO,false,false,true,true,WR,1,0,false,LH_SPINLOCK,100000,1,TOP,1,16,true,WR,0,true,10000000,8,true,YCSB,false,0, 600817, 0, 56386,0,0,0,0, 79755, 62.0633,100318, 18.18, 0.304223, 0, 0, 0, 0.44511, 0.916965, 46.2634, 0, 0, 0, 0, 0, 0, 778258, 0, 0
50000,0,true,SILO,false,false,true,true,WR,1,0,false,LH_SPINLOCK,100000,1,TOP,1,16,true,WR,0,true,10000000,16,true,YCSB,false,0, 1775068, 0, 70961,0,0,0,0, 107522, 165.631,148825, 56.3057, 0.825603, 0, 0, 0, 0.579591, 1.08099, 136.864, 0, 0, 0, 0, 0, 0, 1540625, 0, 0
50000,0,true,SILO,false,false,true,true,WR,1,0,false,LH_SPINLOCK,100000,1,TOP,1,16,true,WR,0,true,10000000,32,true,YCSB,false,0, 5083748, 0, 77840,0,0,0,0, 153480, 441.701,208527, 217.65, 2.07011, 0, 0, 0, 0.961257, 2.05212, 376.035, 0, 0, 0, 0, 0, 0, 2878326, 0, 0
50000,0,true,WOUND_WAIT,false,false,true,true,WR,1,0,false,LH_SPINLOCK,100000,1,TOP,1,16,true,WR,0,true,10000000,1,true,YCSB,false,0, 0, 0, 17338,0,0,0,0, 17338, 1.73383,57675.6, 0, 0.0258078, 0, 0, 0, 0.318272, 1.01011, 0.00307021, 0, 0, 0, 0, 2275797, 0, 100000, 0, 0
50000,0,true,WOUND_WAIT,false,false,true,true,WR,1,0,false,LH_SPINLOCK,100000,1,TOP,1,16,true,WR,0,true,10000000,2,true,YCSB,false,0, 2, 0, 66539,0,0,0,0, 66539, 13.3072,30057.5, 1.0155e-05, 0.110791, 0, 0, 0, 1.71673, 3.68631, 0.00733882, 0, 0, 0, 0, 34622356, 6.59332, 199991, 0, 199977
50000,0,true,WOUND_WAIT,false,false,true,true,WR,1,0,false,LH_SPINLOCK,100000,1,TOP,1,16,true,WR,0,true,10000000,4,true,YCSB,false,0, 0, 0, 108279,0,0,0,0, 108279, 43.3117,36941.6, 0, 0.186089, 0, 0, 0, 2.64932, 5.72824, 0.0133432, 0, 0, 0, 0, 48718173, 32.4673, 400000, 0, 399999
50000,0,true,WOUND_WAIT,false,false,true,true,WR,1,0,false,LH_SPINLOCK,100000,1,TOP,1,16,true,WR,0,true,10000000,8,true,YCSB,false,0, 1, 0, 174656,0,0,0,0, 174656, 139.726,45804.1, 4.5042e-05, 0.376743, 0, 0, 0, 3.21221, 9.40361, 0.0290302, 0, 0, 0, 0, 127025864, 122.05, 800000, 0, 799999
50000,0,true,WOUND_WAIT,false,false,true,true,WR,1,0,false,LH_SPINLOCK,100000,1,TOP,1,16,true,WR,0,true,10000000,16,true,YCSB,false,0, 1, 0, 299598,0,0,0,0, 299598, 479.358,53404.8, 3.6973e-05, 0.696834, 0, 0, 0, 4.38865, 16.5815, 0.0537083, 0, 0, 0, 0, 201780493, 448.547, 1600000, 0, 1599999
50000,0,true,WOUND_WAIT,false,false,true,true,WR,1,0,false,LH_SPINLOCK,100000,1,TOP,1,16,true,WR,0,true,10000000,32,true,YCSB,false,0, 2, 0, 630706,0,0,0,0, 630706, 2018.26,50736.8, 3.2683e-05, 1.64368, 0, 0, 0, 9.98582, 37.2555, 0.105842, 0, 0, 0, 0, 501281831, 1951.02, 3199999, 0, 3199998
50000,0,true,BAMBOO,false,false,true,true,WR,1,0,false,LH_SPINLOCK,100000,1,TOP,1,16,true,WR,0,true,10000000,1,true,YCSB,false,0, 0, 0, 15589,0,0,0,0, 15589, 1.55893,64146.6, 0, 0.0281998, 0.00154801, 0, 0, 0.3027, 0.57614, 0.00306914, 0, 0, 0, 0, 0, 0, 100000, 0, 0
50000,0,true,BAMBOO,false,false,true,true,WR,1,0,false,LH_SPINLOCK,100000,1,TOP,1,16,true,WR,0,true,10000000,2,true,YCSB,false,0, 0, 0, 42406,0,0,0,0, 42406, 8.41335,47162.9, 0, 1.23684, 1.06941, 0, 0, 1.82623, 5.25898, 0.00657915, 0, 0, 0, 0, 0, 0.00368039, 198399, 0, 4587
50000,0,true,BAMBOO,false,false,true,true,WR,1,0,false,LH_SPINLOCK,100000,1,TOP,1,16,true,WR,0,true,10000000,4,true,YCSB,false,0, 0, 0, 28473,0,0,0,0, 28473, 11.3087,140484, 0, 1.75475, 1.36995, 0, 0, 1.66438, 6.94897, 0.0107295, 0, 0, 0, 0, 0, 0.0233478, 397173, 0, 21522
50000,0,true,BAMBOO,false,false,true,true,WR,1,0,false,LH_SPINLOCK,100000,1,TOP,1,16,true,WR,0,true,10000000,8,true,YCSB,false,0, 0, 0, 27248,0,0,0,0, 27248, 21.7157,293595, 0, 5.49961, 4.37859, 0, 0, 2.25159, 14.2758, 0.0227496, 0, 0, 0, 0, 0, 0.0639872, 796951, 0, 46914
50000,0,true,BAMBOO,false,false,true,true,WR,1,0,false,LH_SPINLOCK,100000,1,TOP,1,16,true,WR,0,true,10000000,16,true,YCSB,false,0, 0, 0, 41833,0,0,0,0, 41833, 66.8537,382472, 0, 36.1135, 32.7895, 0, 0, 2.84094, 53.0138, 0.0507284, 0, 0, 0, 0, 0, 0.557531, 1598103, 0, 211427
50000,0,true,BAMBOO,false,false,true,true,WR,1,0,false,LH_SPINLOCK,100000,1,TOP,1,16,true,WR,0,true,10000000,32,true,YCSB,false,0, 0, 0, 81414,0,0,0,0, 81414, 259.764,393050, 0, 194.125, 186.913, 0, 0, 7.65528, 228.345, 0.0952681, 0, 0, 0, 0, 0, 1.00155, 3190625, 0, 429790
50000,0,true,WAIT_DIE,false,false,true,true,WR,1,0,false,LH_SPINLOCK,100000,1,TOP,1,16,true,WR,0,true,10000000,1,true,YCSB,false,0, 0, 0, 17628,0,0,0,0, 17628, 1.76286,56725.9, 0, 0.0264849, 0, 0, 0, 0.323897, 1.02738, 0.00672341, 0, 0, 0, 0, 2696042, 0, 100000, 0, 0
50000,0,true,WAIT_DIE,false,false,true,true,WR,1,0,false,LH_SPINLOCK,100000,1,TOP,1,16,true,WR,0,true,10000000,2,true,YCSB,false,0, 49247, 0, 48232,0,0,0,0, 49111, 9.41406,40725.7, 0.168085, 0.0826952, 0, 0, 0, 0.925449, 2.63641, 3.84445, 0, 0, 0, 0, 12518611, 0.823993, 191697, 0, 46343
50000,0,true,WAIT_DIE,false,false,true,true,WR,1,0,false,LH_SPINLOCK,100000,1,TOP,1,16,true,WR,0,true,10000000,4,true,YCSB,false,0, 237949, 0, 61874,0,0,0,0, 74552, 29.6314,53657.6, 5.03699, 0.151019, 0, 0, 0, 1.24301, 4.04245, 18.3701, 0, 0, 0, 0, 23987422, 3.75216, 397487, 0, 168368
50000,0,true,WAIT_DIE,false,false,true,true,WR,1,0,false,LH_SPINLOCK,100000,1,TOP,1,16,true,WR,0,true,10000000,8,true,YCSB,false,0, 1009464, 0, 89229,0,0,0,0, 134238, 106.804,59600.8, 35.804, 0.320778, 0, 0, 0, 1.86774, 7.3683, 77.8702, 0, 0, 0, 0, 67833865, 15.115, 795700, 0, 532144
50000,0,true,WAIT_DIE,false,false,true,true,WR,1,0,false,LH_SPINLOCK,100000,1,TOP,1,16,true,WR,0,true,10000000,16,true,YCSB,false,0, 3787354, 0, 132095,0,0,0,0, 248686, 396.362,64343.8, 185.806, 0.673438, 0, 0, 0, 3.32287, 13.5373, 292.432, 0, 0, 0, 0, 145985703, 77.0473, 1593966, 0, 1360426
50000,0,true,WAIT_DIE,false,false,true,true,WR,1,0,false,LH_SPINLOCK,100000,1,TOP,1,16,true,WR,0,true,10000000,32,true,YCSB,false,0, 12383931, 0, 199420,0,0,0,0, 427507, 1361.86,74861.9, 726.507, 1.59782, 0, 0, 0, 4.22594, 22.5449, 961.076, 0, 0, 0, 0, 306338245, 350.058, 3185972, 0, 3007795
50000,0,true,NO_WAIT,false,false,true,true,WR,1,0,false,LH_SPINLOCK,100000,1,TOP,1,16,true,WR,0,true,10000000,1,true,YCSB,false,0, 0, 0, 17336,0,0,0,0, 17336, 1.73366,57681.6, 0, 0.0263821, 0, 0, 0, 0.327228, 1.00829, 0.00307158, 0, 0, 0, 0, 0, 0, 100000, 0, 0
50000,0,true,NO_WAIT,false,false,true,true,WR,1,0,false,LH_SPINLOCK,100000,1,TOP,1,16,true,WR,0,true,10000000,2,true,YCSB,false,0, 57668, 0, 24134,0,0,0,0, 47549, 9.02448,42064.2, 4.44369, 0.0617302, 0, 0, 0, 0.98081, 2.51513, 4.48424, 0, 0, 0, 0, 0, 0, 189804, 0, 0
50000,0,true,NO_WAIT,false,false,true,true,WR,1,0,false,LH_SPINLOCK,100000,1,TOP,1,16,true,WR,0,true,10000000,4,true,YCSB,false,0, 208605, 0, 16369,0,0,0,0, 62116, 21.5613,64385.3, 15.8801, 0.107583, 0, 0, 0, 0.650966, 3.00323, 16.1043, 0, 0, 0, 0, 0, 0, 347058, 0, 0
50000,0,true,NO_WAIT,false,false,true,true,WR,1,0,false,LH_SPINLOCK,100000,1,TOP,1,16,true,WR,0,true,10000000,8,true,YCSB,false,0, 874989, 0, 15461,0,0,0,0, 104524, 77.6175,76536.7, 66.1361, 0.233992, 0, 0, 0, 0.885567, 5.2079, 67.5974, 0, 0, 0, 0, 0, 0, 742573, 0, 0
50000,0,true,NO_WAIT,false,false,true,true,WR,1,0,false,LH_SPINLOCK,100000,1,TOP,1,16,true,WR,0,true,10000000,16,true,YCSB,false,0, 3817129, 0, 17337,0,0,0,0, 215435, 314.528,74262.9, 289.217, 0.506412, 0, 0, 0, 2.0233, 10.728, 293.661, 0, 0, 0, 0, 0, 0, 1459857, 0, 0
50000,0,true,NO_WAIT,false,false,true,true,WR,1,0,false,LH_SPINLOCK,100000,1,TOP,1,16,true,WR,0,true,10000000,32,true,YCSB,false,0, 15446149, 0, 20575,0,0,0,0, 399304, 1120.36,80143.6, 1062.63, 1.06727, 0, 0, 0, 3.14006, 17.692, 1077.06, 0, 0, 0, 0, 0, 0, 2805925, 0, 0
50000,0,true,SILO,false,false,true,true,WR,1,0,false,LH_SPINLOCK,100000,1,TOP,1,16,true,WR,0,true,10000000,1,true,YCSB,false,0, 0, 0, 20081,0,0,0,0, 20081, 2.00815,49797.1, 0, 0.0198087, 0, 0, 0, 0.338851, 0.91135, 0.00308758, 0, 0, 0, 0, 0, 0, 100000, 0, 0
50000,0,true,SILO,false,false,true,true,WR,1,0,false,LH_SPINLOCK,100000,1,TOP,1,16,true,WR,0,true,10000000,2,true,YCSB,false,0, 45389, 0, 36349,0,0,0,0, 47175, 9.40074,42399.4, 2.15656, 0.0557739, 0, 0, 0, 0.674544, 1.62977, 3.51735, 0, 0, 0, 0, 0, 0, 199293, 0, 0
50000,0,true,SILO,false,false,true,true,WR,1,0,false,LH_SPINLOCK,100000,1,TOP,1,16,true,WR,0,true,10000000,4,true,YCSB,false,0, 185432, 0, 42956,0,0,0,0, 59723, 23.547,66981.8, 6.60889, 0.129426, 0, 0, 0, 0.481328, 1.07941, 14.29, 0, 0, 0, 0, 0, 0, 394305, 0, 0
50000,0,true,SILO,false,false,true,true,WR,1,0,false,LH_SPINLOCK,100000,1,TOP,1,16,true,WR,0,true,10000000,8,true,YCSB,false,0, 626750, 0, 59492,0,0,0,0, 85609, 65.8544,93459.9, 20.0843, 0.322084, 0, 0, 0, 0.463219, 0.952506, 48.3327, 0, 0, 0, 0, 0, 0, 769343, 0, 0
50000,0,true,SILO,false,false,true,true,WR,1,0,false,LH_SPINLOCK,100000,1,TOP,1,16,true,WR,0,true,10000000,16,true,YCSB,false,0, 1816044, 0, 71958,0,0,0,0, 108500, 170.472,147483, 57.4004, 0.826371, 0, 0, 0, 0.560944, 1.03646, 139.859, 0, 0, 0, 0, 0, 0, 1571356, 0, 0
50000,0,true,SILO,false,false,true,true,WR,1,0,false,LH_SPINLOCK,100000,1,TOP,1,16,true,WR,0,true,10000000,32,true,YCSB,false,0, 5021834, 0, 77821,0,0,0,0, 147984, 438.527,216272, 207.881, 1.97337, 0, 0, 0, 1.01186, 2.06122, 378.861, 0, 0, 0, 0, 0, 0, 2963777, 0, 0
50000,0,true,WOUND_WAIT,false,false,true,true,WR,1,0,false,LH_SPINLOCK,100000,1,TOP,1,16,true,WR,0,true,10000000,1,true,YCSB,false,0, 0, 0, 17388,0,0,0,0, 17388, 1.73888,57508.1, 0, 0.0257569, 0, 0, 0, 0.318661, 1.0132, 0.00306858, 0, 0, 0, 0, 2248652, 0, 100000, 0, 0
50000,0,true,WOUND_WAIT,false,false,true,true,WR,1,0,false,LH_SPINLOCK,100000,1,TOP,1,16,true,WR,0,true,10000000,2,true,YCSB,false,0, 0, 0, 54975,0,0,0,0, 54975, 10.9951,36379.9, 0, 0.10766, 0, 0, 0, 1.2704, 3.02184, 0.00654987, 0, 0, 0, 0, 31819889, 5.43147, 200000, 0, 199999
50000,0,true,WOUND_WAIT,false,false,true,true,WR,1,0,false,LH_SPINLOCK,100000,1,TOP,1,16,true,WR,0,true,10000000,4,true,YCSB,false,0, 3, 0, 102199,0,0,0,0, 102199, 40.8797,39139.1, 0.000133972, 0.190612, 0, 0, 0, 2.2826, 5.46246, 0.0143476, 0, 0, 0, 0, 51011752, 30.6119, 399998, 0, 399997
50000,0,true,WOUND_WAIT,false,false,true,true,WR,1,0,false,LH_SPINLOCK,100000,1,TOP,1,16,true,WR,0,true,10000000,8,true,YCSB,false,0, 1, 0, 173901,0,0,0,0, 173901, 139.121,46003, 2.5642e-05, 0.423743, 0, 0, 0, 3.2129, 9.41149, 0.028188, 0, 0, 0, 0, 122149140, 121.537, 800000, 0, 799999
50000,0,true,WOUND_WAIT,false,false,true,true,WR,1,0,false,LH_SPINLOCK,100000,1,TOP,1,16,true,WR,0,true,10000000,16,true,YCSB,false,0, 1, 0, 310423,0,0,0,0, 310423, 496.677,51542.5, 8.0881e-05, 0.77328, 0, 0, 0, 5.03191, 17.0198, 0.0544609, 0, 0, 0, 0, 209267010, 464.788, 1600000, 0, 1599999
50000,0,true,WOUND_WAIT,false,false,true,true,WR,1,0,false,LH_SPINLOCK,100000,1,TOP,1,16,true,WR,0,true,10000000,32,true,YCSB,false,0, 0, 0, 566262,0,0,0,0, 566262, 1812.02,56510.9, 0, 1.58364, 0, 0, 0, 7.33168, 33.8673, 0.109261, 0, 0, 0, 0, 464177747, 1751.07, 3199970, 0, 3199969
50000,0,true,BAMBOO,false,false,true,true,WR,1,0,false,LH_SPINLOCK,100000,1,TOP,1,16,true,WR,0,true,10000000,1,true,YCSB,false,0, 0, 0, 15553,0,0,0,0, 15553, 1.55538,64293, 0, 0.0286277, 0.00154796, 0, 0, 0.30208, 0.581542, 0.00307019, 0, 0, 0, 0, 0, 0, 100000, 0, 0
50000,0,true,BAMBOO,false,false,true,true,WR,1,0,false,LH_SPINLOCK,100000,1,TOP,1,16,true,WR,0,true,10000000,2,true,YCSB,false,0, 0, 0, 38806,0,0,0,0, 38806, 7.74984,51538.3, 0, 0.675858, 0.521462, 0, 0, 1.71031, 4.75282, 0.00661641, 0, 0, 0, 0, 0, 0.00282054, 199707, 0, 3643
50000,0,true,BAMBOO,false,false,true,true,WR,1,0,false,LH_SPINLOCK,100000,1,TOP,1,16,true,WR,0,true,10000000,4,true,YCSB,false,0, 0, 0, 28310,0,0,0,0, 28310, 11.254,141288, 0, 2.0831, 1.71013, 0, 0, 1.53522, 7.03691, 0.0105025, 0, 0, 0, 0, 0, 0.0338804, 397513, 0, 23027
50000,0,true,BAMBOO,false,false,true,true,WR,1,0,false,LH_SPINLOCK,100000,1,TOP,1,16,true,WR,0,true,10000000,8,true,YCSB,false,0, 0, 0, 26047,0,0,0,0, 26047, 20.8111,307128, 0, 4.78423, 3.72425, 0, 0, 2.13617, 13.5582, 0.0218347, 0, 0, 0, 0, 0, 0.0643141, 798957, 0, 46527
50000,0,true,BAMBOO,false,false,true,true,WR,1,0,false,LH_SPINLOCK,100000,1,TOP,1,16,true,WR,0,true,10000000,16,true,YCSB,false,0, 0, 0, 41906,0,0,0,0, 41906, 66.9793,381804, 0, 35.4272, 32.1262, 0, 0, 3.5023, 52.3955, 0.0472292, 0, 0, 0, 0, 0, 0.686004, 1598308, 0, 228734
50000,0,true,BAMBOO,false,false,true,true,WR,1,0,false,LH_SPINLOCK,100000,1,TOP,1,16,true,WR,0,true,10000000,32,true,YCSB,false,0, 0, 0, 86962,0,0,0,0, 86962, 278.059,367973, 0, 212.905, 205.007, 0, 0, 6.7563, 248.525, 0.0865454, 0, 0, 0, 0, 0, 1.51671, 3197440, 0, 489051
50000,0,true,WAIT_DIE,false,false,true,true,WR,1,0,false,LH_SPINLOCK,100000,1,TOP,1,16,true,WR,0,true,10000000,1,true,YCSB,false,0, 0, 0, 17473,0,0,0,0, 17473, 1.74735,57229.7, 0, 0.0265247, 0, 0, 0, 0.319883, 1.0176, 0.00672928, 0, 0, 0, 0, 2701773, 0, 100000, 0, 0
50000,0,true,WAIT_DIE,false,false,true,true,WR,1,0,false,LH_SPINLOCK,100000,1,TOP,1,16,true,WR,0,true,10000000,2,true,YCSB,false,0, 53001, 0, 50874,0,0,0,0, 52095, 10.2071,38393.2, 0.23867, 0.077843, 0, 0, 0, 1.12717, 2.83928, 4.12946, 0, 0, 0, 0, 13201408, 0.946246, 195942, 0, 49174
50000,0,true,WAIT_DIE,false,false,true,true,WR,1,0,false,LH_SPINLOCK,100000,1,TOP,1,16,true,WR,0,true,10000000,4,true,YCSB,false,0, 248822, 0, 64309,0,0,0,0, 77874, 31.0827,51368.7, 5.41246, 0.147448, 0, 0, 0, 1.40446, 4.24088, 19.2415, 0, 0, 0, 0, 25117934, 3.97106, 399170, 0, 174138
50000,0,true,WAIT_DIE,false,false,true,true,WR,1,0,false,LH_SPINLOCK,100000,1,TOP,1,16,true,WR,0,true,10000000,8,true,YCSB,false,0, 969165, 0, 86307,0,0,0,0, 128660, 102.176,62184.8, 33.6289, 0.302412, 0, 0, 0, 1.88604, 7.05382, 74.7258, 0, 0, 0, 0, 56961617, 14.2436, 794228, 0, 519844
50000,0,true,WAIT_DIE,false,false,true,true,WR,1,0,false,LH_SPINLOCK,100000,1,TOP,1,16,true,WR,0,true,10000000,16,true,YCSB,false,0, 3877919, 0, 137121,0,0,0,0, 257517, 410.63,62137.2, 191.96, 0.681357, 0, 0, 0, 3.33952, 14.6507, 298.911, 0, 0, 0, 0, 140149688, 84.331, 1594714, 0, 1367235
50000,0,true,WAIT_DIE,false,false,true,true,WR,1,0,false,LH_SPINLOCK,100000,1,TOP,1,16,true,WR,0,true,10000000,32,true,YCSB,false,0, 12318466, 0, 198544,0,0,0,0, 423441, 1351.23,75581.5, 717.572, 1.54371, 0, 0, 0, 4.47659, 24.1537, 952.281, 0, 0, 0, 0, 267746690, 350.969, 3191490, 0, 3000301
50000,0,true,NO_WAIT,false,false,true,true,WR,1,0,false,LH_SPINLOCK,100000,1,TOP,1,16,true,WR,0,true,10000000,1,true,YCSB,false,0, 0, 0, 17452,0,0,0,0, 17452, 1.74522,57299.5, 0, 0.0263263, 0, 0, 0, 0.326113, 1.0195, 0.00307036, 0, 0, 0, 0, 0, 0, 100000, 0, 0
50000,0,true,NO_WAIT,false,false,true,true,WR,1,0,false,LH_SPINLOCK,100000,1,TOP,1,16,true,WR,0,true,10000000,2,true,YCSB,false,0, 61329, 0, 25023,0,0,0,0, 49357, 9.58231,40523.4, 4.72394, 0.0610506, 0, 0, 0, 1.00655, 2.69571, 4.76585, 0, 0, 0, 0, 0, 0, 194154, 0, 0
50000,0,true,NO_WAIT,false,false,true,true,WR,1,0,false,LH_SPINLOCK,100000,1,TOP,1,16,true,WR,0,true,10000000,4,true,YCSB,false,0, 245581, 0, 17616,0,0,0,0, 66370, 25.4069,60274.6, 18.6624, 0.115362, 0, 0, 0, 1.08185, 3.28943, 18.9719, 0, 0, 0, 0, 0, 0, 382848, 0, 0
50000,0,true,NO_WAIT,false,false,true,true,WR,1,0,false,LH_SPINLOCK,100000,1,TOP,1,16,true,WR,0,true,10000000,8,true,YCSB,false,0, 977087, 0, 18254,0,0,0,0, 130864, 86.4348,61135.5, 74.377, 0.218996, 0, 0, 0, 1.50052, 5.98173, 75.3068, 0, 0, 0, 0, 0, 0, 660529, 0, 0
50000,0,true,NO_WAIT,false,false,true,true,WR,1,0,false,LH_SPINLOCK,100000,1,TOP,1,16,true,WR,0,true,10000000,16,true,YCSB,false,0, 3863399, 0, 17670,0,0,0,0, 213095, 319.36,75086.8, 292.877, 0.489581, 0, 0, 0, 2.13767, 10.2907, 297.821, 0, 0, 0, 0, 0, 0, 1498734, 0, 0
50000,0,true,NO_WAIT,false,false,true,true,WR,1,0,false,LH_SPINLOCK,100000,1,TOP,1,16,true,WR,0,true,10000000,32,true,YCSB,false,0, 16050554, 0, 21436,0,0,0,0, 408613, 1167.22,78318.4, 1105.98, 1.1434, 0, 0, 0, 3.16617, 18.1891, 1122.29, 0, 0, 0, 0, 0, 0, 2856708, 0, 0
50000,0,true,SILO,false,false,true,true,WR,1,0,false,LH_SPINLOCK,100000,1,TOP,1,16,true,WR,0,true,10000000,1,true,YCSB,false,0, 0, 0, 20113,0,0,0,0, 20113, 2.01137,49717.3, 0, 0.0224587, 0, 0, 0, 0.338741, 0.91638, 0.00307749, 0, 0, 0, 0, 0, 0, 100000, 0, 0
50000,0,true,SILO,false,false,true,true,WR,1,0,false,LH_SPINLOCK,100000,1,TOP,1,16,true,WR,0,true,10000000,2,true,YCSB,false,0, 44734, 0, 38840,0,0,0,0, 49710, 9.20407,40235.7, 2.01218, 0.0628226, 0, 0, 0, 0.674441, 1.62658, 3.46225, 0, 0, 0, 0, 0, 0, 185166, 0, 0
50000,0,true,SILO,false,false,true,true,WR,1,0,false,LH_SPINLOCK,100000,1,TOP,1,16,true,WR,0,true,10000000,4,true,YCSB,false,0, 184182, 0, 43484,0,0,0,0, 60395, 23.4261,66236.7, 6.55758, 0.13104, 0, 0, 0, 0.495309, 1.07789, 14.2107, 0, 0, 0, 0, 0, 0, 387917, 0, 0
50000,0,true,SILO,false,false,true,true,WR,1,0,false,LH_SPINLOCK,100000,1,TOP,1,16,true,WR,0,true,10000000,8,true,YCSB,false,0, 639033, 0, 59752,0,0,0,0, 85906, 67.4636,93135, 20.5338, 0.319766, 0, 0, 0, 0.468773, 0.939973, 49.2961, 0, 0, 0, 0, 0, 0, 785402, 0, 0
50000,0,true,SILO,false,false,true,true,WR,1,0,false,LH_SPINLOCK,100000,1,TOP,1,16,true,WR,0,true,10000000,16,true,YCSB,false,0, 1773496, 0, 68540,0,0,0,0, 104508, 163.196,153117, 56.152, 0.798593, 0, 0, 0, 0.618505, 1.05899, 137.029, 0, 0, 0, 0, 0, 0, 1561747, 0, 0
50000,0,true,SILO,false,false,true,true,WR,1,0,false,LH_SPINLOCK,100000,1,TOP,1,16,true,WR,0,true,10000000,32,true,YCSB,false,0, 5030866, 0, 74989,0,0,0,0, 150639, 413.716,212458, 207.736, 1.46961, 0, 0, 0, 0.964207, 1.71919, 365.982, 0, 0, 0, 0, 0, 0, 2746786, 0, 0
50000,0,true,WOUND_WAIT,false,false,true,true,WR,1,0,false,LH_SPINLOCK,100000,1,TOP,1,16,true,WR,0,true,10000000,1,true,YCSB,false,0, 0, 0, 17272,0,0,0,0, 17272, 1.72729,57894, 0, 0.0258852, 0, 0, 0, 0.321116, 1.00343, 0.00307357, 0, 0, 0, 0, 2245901, 0, 100000, 0, 0
50000,0,true,WOUND_WAIT,false,false,true,true,WR,1,0,false,LH_SPINLOCK,100000,1,TOP,1,16,true,WR,0,true,10000000,2,true,YCSB,false,0, 0, 0, 68501,0,0,0,0, 68501, 13.6934,29196.6, 0, 0.113934, 0, 0, 0, 1.93588, 3.7256, 0.00630879, 0, 0, 0, 0, 36768160, 6.8155, 199901, 0, 199801
50000,0,true,WOUND_WAIT,false,false,true,true,WR,1,0,false,LH_SPINLOCK,100000,1,TOP,1,16,true,WR,0,true,10000000,4,true,YCSB,false,0, 3, 0, 97310,0,0,0,0, 97311, 38.9233,41105.2, 0.000168806, 0.187155, 0, 0, 0, 2.15393, 5.15725, 0.0147561, 0, 0, 0, 0, 57711381, 29.1339, 399987, 0, 399986
50000,0,true,WOUND_WAIT,false,false,true,true,WR,1,0,false,LH_SPINLOCK,100000,1,TOP,1,16,true,WR,0,true,10000000,8,true,YCSB,false,0, 2, 0, 180911,0,0,0,0, 180912, 144.722,44220.4, 0.000346175, 0.418784, 0, 0, 0, 3.40377, 9.77047, 0.0276896, 0, 0, 0, 0, 129808677, 126.459, 799958, 0, 799957
50000,0,true,WOUND_WAIT,false,false,true,true,WR,1,0,false,LH_SPINLOCK,100000,1,TOP,1,16,true,WR,0,true,10000000,16,true,YCSB,false,0, 3, 0, 312832,0,0,0,0, 312832, 500.531,51145.6, 0.0001041, 0.804976, 0, 0, 0, 4.85845, 17.354, 0.0558223, 0, 0, 0, 0, 228572365, 468.362, 1600000, 0, 1599999
50000,0,true,WOUND_WAIT,false,false,true,true,WR,1,0,false,LH_SPINLOCK,100000,1,TOP,1,16,true,WR,0,true,10000000,32,true,YCSB,false,0, 1, 0, 570205,0,0,0,0, 570205, 1824.64,56120.1, 0.000418937, 1.66223, 0, 0, 0, 7.51925, 33.9708, 0.109475, 0, 0, 0, 0, 484404225, 1763.26, 3199976, 0, 3199975
50000,0,true,BAMBOO,false,false,true,true,WR,1,0,false,LH_SPINLOCK,100000,1,TOP,1,16,true,WR,0,true,10000000,1,true,YCSB,false,0, 0, 0, 15684,0,0,0,0, 15684, 1.56841,63759, 0, 0.0282634, 0.00155044, 0, 0, 0.302859, 0.579322, 0.00306427, 0, 0, 0, 0, 0, 0, 100000, 0, 0
50000,0,true,BAMBOO,false,false,true,true,WR,1,0,false,LH_SPINLOCK,100000,1,TOP,1,16,true,WR,0,true,10000000,2,true,YCSB,false,0, 0, 0, 33219,0,0,0,0, 33219, 6.61184,60205.9, 0, 0.624245, 0.472271, 0, 0, 1.2312, 4.04777, 0.00636235, 0, 0, 0, 0, 0, 0.00461168, 199036, 0, 5948
50000,0,true,BAMBOO,false,false,true,true,WR,1,0,false,LH_SPINLOCK,100000,1,TOP,1,16,true,WR,0,true,10000000,4,true,YCSB,false,0, 0, 0, 28302,0,0,0,0, 28302, 11.2741,141329, 0, 2.22508, 1.83099, 0, 0, 1.49675, 7.14741, 0.0115951, 0, 0, 0, 0, 0, 0.0228605, 398338, 0, 23187
50000,0,true,BAMBOO,false,false,true,true,WR,1,0,false,LH_SPINLOCK,100000,1,TOP,1,16,true,WR,0,true,10000000,8,true,YCSB,false,0, 0, 0, 26723,0,0,0,0, 26723, 21.3204,299364, 0, 5.20819, 4.12833, 0, 0, 1.99101, 14.1857, 0.0251574, 0, 0, 0, 0, 0, 0.0615644, 797819, 0, 45784
50000,0,true,BAMBOO,false,false,true,true,WR,1,0,false,LH_SPINLOCK,100000,1,TOP,1,16,true,WR,0,true,10000000,16,true,YCSB,false,0, 0, 0, 41430,0,0,0,0, 41430, 66.0139,386186, 0, 32.8439, 29.6817, 0, 0, 3.28675, 50.9979, 0.0488228, 0, 0, 0, 0, 0, 0.873457, 1593355, 0, 256680
50000,0,true,BAMBOO,false,false,true,true,WR,1,0,false,LH_SPINLOCK,100000,1,TOP,1,16,true,WR,0,true,10000000,32,true,YCSB,false,0, 0, 0, 89601,0,0,0,0, 89601, 286.188,357139, 0, 218.716, 210.646, 0, 0, 6.63277, 255.988, 0.0969415, 0, 0, 0, 0, 0, 1.468, 3194029, 0, 490591
50000,0,true,WAIT_DIE,false,false,true,true,WR,1,0,false,LH_SPINLOCK,100000,1,TOP,1,16,true,WR,0,true,10000000,1,true,YCSB,false,0, 0, 0, 17375,0,0,0,0, 17375, 1.73754,57552.8, 0, 0.0264929, 0, 0, 0, 0.319285, 1.01135, 0.00671577, 0, 0, 0, 0, 2700729, 0, 100000, 0, 0
50000,0,true,WAIT_DIE,false,false,true,true,WR,1,0,false,LH_SPINLOCK,100000,1,TOP,1,16,true,WR,0,true,10000000,2,true,YCSB,false,0, 50425, 0, 47335,0,0,0,0, 48472, 9.6114,41262.5, 0.224961, 0.0723674, 0, 0, 0, 1.03562, 2.68251, 3.93008, 0, 0, 0, 0, 13600136, 0.851819, 198295, 0, 46701
50000,0,true,WAIT_DIE,false,false,true,true,WR,1,0,false,LH_SPINLOCK,100000,1,TOP,1,16,true,WR,0,true,10000000,4,true,YCSB,false,0, 241320, 0, 62388,0,0,0,0, 75331, 30.0355,53102.8, 5.15862, 0.146513, 0, 0, 0, 1.22103, 4.10219, 18.6259, 0, 0, 0, 0, 23815392, 3.8122, 398743, 0, 170147
50000,0,true,WAIT_DIE,false,false,true,true,WR,1,0,false,LH_SPINLOCK,100000,1,TOP,1,16,true,WR,0,true,10000000,8,true,YCSB,false,0, 992760, 0, 88377,0,0,0,0, 132178, 105.456,60529.7, 34.939, 0.29466, 0, 0, 0, 1.78925, 7.34969, 76.4895, 0, 0, 0, 0, 57236777, 15.4007, 797902, 0, 527115
50000,0,true,WAIT_DIE,false,false,true,true,WR,1,0,false,LH_SPINLOCK,100000,1,TOP,1,16,true,WR,0,true,10000000,16,true,YCSB,false,0, 3545300, 0, 120930,0,0,0,0, 226377, 360.976,70685.1, 168.125, 0.656084, 0, 0, 0, 2.68969, 12.2692, 273.297, 0, 0, 0, 0, 137041518, 63.2495, 1594727, 0, 1341469
50000,0,true,WAIT_DIE,false,false,true,true,WR,1,0,false,LH_SPINLOCK,100000,1,TOP,1,16,true,WR,0,true,10000000,32,true,YCSB,false,0, 12755325, 0, 209936,0,0,0,0, 446555, 1424.46,71667.8, 754.711, 1.61683, 0, 0, 0, 4.71788, 23.8081, 989.408, 0, 0, 0, 0, 306650811, 382.479, 3190252, 0, 3010239
50000,0,true,NO_WAIT,false,false,true,true,WR,1,0,false,LH_SPINLOCK,100000,1,TOP,1,16,true,WR,0,true,10000000,1,true,YCSB,false,0, 0, 0, 17283,0,0,0,0, 17283, 1.72834,57859, 0, 0.0263567, 0, 0, 0, 0.318891, 1.00497, 0.00306335, 0, 0, 0, 0, 0, 0, 100000, 0, 0
50000,0,true,NO_WAIT,false,false,true,true,WR,1,0,false,LH_SPINLOCK,100000,1,TOP,1,16,true,WR,0,true,10000000,2,true,YCSB,false,0, 57544, 0, 26343,0,0,0,0, 51939, 9.01607,38509, 4.44279, 0.0611599, 0, 0, 0, 0.949904, 2.54018, 4.47272, 0, 0, 0, 0, 0, 0, 173600, 0, 0
50000,0,true,NO_WAIT,false,false,true,true,WR,1,0,false,LH_SPINLOCK,100000,1,TOP,1,16,true,WR,0,true,10000000,4,true,YCSB,false,0, 293786, 0, 22156,0,0,0,0, 84645, 30.3998,47260.5, 22.4418, 0.11774, 0, 0, 0, 1.60786, 4.06299, 22.6862, 0, 0, 0, 0, 0, 0, 359178, 0, 0
50000,0,true,NO_WAIT,false,false,true,true,WR,1,0,false,LH_SPINLOCK,100000,1,TOP,1,16,true,WR,0,true,10000000,8,true,YCSB,false,0, 962714, 0, 17992,0,0,0,0, 127660, 85.0533,62659, 73.0672, 0.210345, 0, 0, 0, 1.6253, 5.7386, 74.1199, 0, 0, 0, 0, 0, 0, 666170, 0, 0
50000,0,true,NO_WAIT,false,false,true,true,WR,1,0,false,LH_SPINLOCK,100000,1,TOP,1,16,true,WR,0,true,10000000,16,true,YCSB,false,0, 3859342, 0, 18994,0,0,0,0, 224743, 318.881,71196, 291.929, 0.489451, 0, 0, 0, 2.41338, 10.4029, 297.563, 0, 0, 0, 0, 0, 0, 1418941, 0, 0
50000,0,true,NO_WAIT,false,false,true,true,WR,1,0,false,LH_SPINLOCK,100000,1,TOP,1,16,true,WR,0,true,10000000,32,true,YCSB,false,0, 17423336, 0, 22519,0,0,0,0, 436790, 1265.44,73268.1, 1200.19, 1.17446, 0, 0, 0, 3.85231, 20.5721, 1216.53, 0, 0, 0, 0, 0, 0, 2897384, 0, 0
50000,0,true,SILO,false,false,true,true,WR,1,0,false,LH_SPINLOCK,100000,1,TOP,1,16,true,WR,0,true,10000000,1,true,YCSB,false,0, 0, 0, 20244,0,0,0,0, 20244, 2.02446,49395.9, 0, 0.0201451, 0, 0, 0, 0.348874, 0.940207, 0.00307447, 0, 0, 0, 0, 0, 0, 100000, 0, 0
50000,0,true,SILO,false,false,true,true,WR,1,0,false,LH_SPINLOCK,100000,1,TOP,1,16,true,WR,0,true,10000000,2,true,YCSB,false,0, 46909, 0, 38843,0,0,0,0, 50697, 9.83471,39454.4, 2.29873, 0.0543736, 0, 0, 0, 0.734492, 1.80325, 3.64373, 0, 0, 0, 0, 0, 0, 194011, 0, 0
50000,0,true,SILO,false,false,true,true,WR,1,0,false,LH_SPINLOCK,100000,1,TOP,1,16,true,WR,0,true,10000000,4,true,YCSB,false,0, 173281, 0, 40332,0,0,0,0, 56496, 22.0452,70807.8, 6.30577, 0.128112, 0, 0, 0, 0.438678, 0.925123, 13.3528, 0, 0, 0, 0, 0, 0, 390243, 0, 0
50000,0,true,SILO,false,false,true,true,WR,1,0,false,LH_SPINLOCK,100000,1,TOP,1,16,true,WR,0,true,10000000,8,true,YCSB,false,0, 595704, 0, 56605,0,0,0,0, 79419, 60.7524,100742, 17.447, 0.309609, 0, 0, 0, 0.423448, 0.840117, 45.9402, 0, 0, 0, 0, 0, 0, 765043, 0, 0
50000,0,true,SILO,false,false,true,true,WR,1,0,false,LH_SPINLOCK,100000,1,TOP,1,16,true,WR,0,true,10000000,16,true,YCSB,false,0, 1733209, 0, 69039,0,0,0,0, 103311, 159.258,154889, 52.8188, 0.769045, 0, 0, 0, 0.554204, 1.03093, 133.571, 0, 0, 0, 0, 0, 0, 1541704, 0, 0
50000,0,true,SILO,false,false,true,true,WR,1,0,false,LH_SPINLOCK,100000,1,TOP,1,16,true,WR,0,true,10000000,32,true,YCSB,false,0, 5523866, 0, 76582,0,0,0,0, 160322, 469.463,199631, 245.173, 1.6948, 0, 0, 0, 1.09187, 1.96845, 403.342, 0, 0, 0, 0, 0, 0, 2928730, 0, 0
