ABORT_PENALTY,BB_OPT_MAX_WAITER,BB_OPT_RAW,CC_ALG,DEBUG_ABORT_LENGTH,DEBUG_CS_PROFILING,DEBUG_PROFILING,DYNAMIC_TS,FIRST_HS,FIXED_HS,FLIP_RATIO,KEY_ORDER,LAST_RETIRE,LATCH,LONG_TXN_RATIO,MAX_ROW_PER_TXN,MAX_RUNTIME,MAX_TXN_PER_PART,NUM_HS,POS_HS,READ_PERC,REQ_PER_QUERY,RETIRE_ON,SECOND_HS,SPECIFIED_RATIO,SYNTHETIC_YCSB,SYNTH_TABLE_SIZE,TERMINIATE_BY_COUNT,THREAD_CNT,UNSET_NUMA,WORKLOAD,WW_STARV_FREE,ZIPF_THETA,abort_cnt,abort_length,cascading_abort_times,commit_latency,cycle_detect,deadlock_cnt,dl_detect_time,dl_wait_time,latency,max_abort_length,run_time,throughput,time_abort,time_cleanup,time_commit,time_get_cs,time_get_latch,time_index,time_man,time_query,time_release_cs,time_release_latch,time_retire_cs,time_retire_latch,time_ts_alloc,time_wait,txn_cnt,user_abort_cnt,wait_cnt
50000,0,true,BAMBOO,false,false,true,true,WR,1,0,false,0.15,LH_MCSLOCK,0,64,10,1000000,0,TOP,0.5,16,true,WR,0,false,200000000,false,1,true,YCSB,false,0.9, 0, 0, 0, 12603,0,0,0,0, 12603, 0, 10,79345.5, 0, 0.295646, 0.00991248, 0, 0, 0.398136, 4.08884, 0.0215341, 0, 0, 0, 0, 0, 0, 793456, 0, 0
50000,0,true,BAMBOO,false,false,true,true,WR,1,0,false,0.15,LH_MCSLOCK,0,64,10,1000000,0,TOP,0.5,16,true,WR,0,false,200000000,false,32,true,YCSB,false,0.9, 428987, 0, 0, 100335,0,0,0,0, 113116, 0, 319.963,282990, 36.0553, 48.4344, 37.8523, 0, 0, 45.5092, 166.068, 37.4033, 0, 0, 0, 0, 0, 9.85257, 2829571, 0, 349640
50000,0,true,BAMBOO,false,false,true,true,WR,1,0,false,0.15,LH_MCSLOCK,0,64,10,1000000,0,TOP,0.5,16,true,WR,0,false,200000000,false,64,true,YCSB,false,0.9, 1316955, 0, 0, 157090,0,0,0,0, 216419, 0, 639.834,295908, 175.112, 136.715, 116.044, 0, 0, 54.4418, 254.204, 117.488, 0, 0, 0, 0, 0, 57.2, 2958311, 0, 1266615
50000,0,true,BAMBOO,false,false,true,true,WR,1,0,false,0.15,LH_MCSLOCK,0,64,10,1000000,0,TOP,0.5,16,true,WR,0,false,200000000,false,96,true,YCSB,false,0.9, 1578665, 0, 0, 345938,0,0,0,0, 618817, 0, 959.844,155218, 422.974, 275.757, 255.544, 0, 0, 52.0645, 270.226, 152.336, 0, 0, 0, 0, 0, 139.833, 1551923, 0, 1356239
50000,0,true,BAMBOO,false,false,true,true,WR,1,0,false,0.15,LH_MCSLOCK,0,64,10,1000000,0,TOP,0.5,16,true,WR,0,false,200000000,false,128,true,YCSB,false,0.9, 873982, 0, 0, 1229142,0,0,0,0, 2844095, 0, 1279.81,45016.5, 726.577, 439.802, 416.89, 0, 0, 31.3833, 261.962, 133.566, 0, 0, 0, 0, 0, 218.914, 450100, 0, 696372
50000,0,true,BAMBOO,false,false,true,true,WR,1,0,false,0.15,LH_MCSLOCK,0,64,10,1000000,0,TOP,0.5,16,true,WR,0,false,200000000,false,1,true,YCSB,false,0.9, 0, 0, 0, 12616,0,0,0,0, 12616, 0, 10,79260.3, 0, 0.306023, 0.0099446, 0, 0, 0.43076, 4.08765, 0.0223476, 0, 0, 0, 0, 0, 0, 792604, 0, 0
50000,0,true,BAMBOO,false,false,true,true,WR,1,0,false,0.15,LH_MCSLOCK,0,64,10,1000000,0,TOP,0.5,16,true,WR,0,false,200000000,false,32,true,YCSB,false,0.9, 372260, 0, 0, 118067,0,0,0,0, 133546, 0, 319.963,239696, 36.992, 50.1638, 40.1319, 0, 0, 50.8776, 166.126, 32.3072, 0, 0, 0, 0, 0, 10.4086, 2396681, 0, 302499
50000,0,true,BAMBOO,false,false,true,true,WR,1,0,false,0.15,LH_MCSLOCK,0,64,10,1000000,0,TOP,0.5,16,true,WR,0,false,200000000,false,64,true,YCSB,false,0.9, 1086440, 0, 0, 213554,0,0,0,0, 296323, 0, 639.854,216116, 178.433, 141.038, 121.785, 0, 0, 59.1723, 266.004, 95.3189, 0, 0, 0, 0, 0, 56.8047, 2160666, 0, 971054
50000,0,true,BAMBOO,false,false,true,true,WR,1,0,false,0.15,LH_MCSLOCK,0,64,10,1000000,0,TOP,0.5,16,true,WR,0,false,200000000,false,96,true,YCSB,false,0.9, 1149858, 0, 0, 530577,0,0,0,0, 961909, 0, 959.93,99840.5, 430.238, 302.134, 286.133, 0, 0, 50.3178, 282.811, 113.683, 0, 0, 0, 0, 0, 143.831, 998332, 0, 940752
50000,0,true,BAMBOO,false,false,true,true,WR,1,0,false,0.15,LH_MCSLOCK,0,64,10,1000000,0,TOP,0.5,16,true,WR,0,false,200000000,false,128,true,YCSB,false,0.9, 655917, 0, 0, 1523764,0,0,0,0, 3653065, 0, 1280.98,34958.4, 747.888, 440.863, 419.18, 0, 0, 23.571, 226.991, 126.284, 0, 0, 0, 0, 0, 244.607, 349851, 0, 514447
50000,0,true,BAMBOO,false,false,true,true,WR,1,0,false,0.15,LH_MCSLOCK,0,64,10,1000000,0,TOP,0.5,16,true,WR,0,false,200000000,false,1,true,YCSB,false,0.9, 0, 0, 0, 12679,0,0,0,0, 12679, 0, 10,78867.1, 0, 0.292647, 0.00970655, 0, 0, 0.458578, 4.06749, 0.0217446, 0, 0, 0, 0, 0, 0, 788671, 0, 0
50000,0,true,BAMBOO,false,false,true,true,WR,1,0,false,0.15,LH_MCSLOCK,0,64,10,1000000,0,TOP,0.5,16,true,WR,0,false,200000000,false,32,true,YCSB,false,0.9, 388399, 0, 0, 112637,0,0,0,0, 127059, 0, 319.939,251928, 36.2269, 48.6637, 38.8393, 0, 0, 47.0209, 170.002, 33.8122, 0, 0, 0, 0, 0, 9.60528, 2518804, 0, 310867
50000,0,true,BAMBOO,false,false,true,true,WR,1,0,false,0.15,LH_MCSLOCK,0,64,10,1000000,0,TOP,0.5,16,true,WR,0,false,200000000,false,64,true,YCSB,false,0.9, 1007989, 0, 0, 239193,0,0,0,0, 333132, 0, 639.882,192213, 180.204, 146.89, 129.417, 0, 0, 59.4277, 270.355, 89.0013, 0, 0, 0, 0, 0, 57.1938, 1921780, 0, 864638
50000,0,true,BAMBOO,false,false,true,true,WR,1,0,false,0.15,LH_MCSLOCK,0,64,10,1000000,0,TOP,0.5,16,true,WR,0,false,200000000,false,96,true,YCSB,false,0.9, 2137320, 0, 0, 222251,0,0,0,0, 384622, 0, 959.87,249756, 404.859, 232.134, 205.124, 0, 0, 52.1014, 270.896, 195.989, 0, 0, 0, 0, 0, 127.54, 2497220, 0, 2028131
50000,0,true,BAMBOO,false,false,true,true,WR,1,0,false,0.15,LH_MCSLOCK,0,64,10,1000000,0,TOP,0.5,16,true,WR,0,false,200000000,false,128,true,YCSB,false,0.9, 720891, 0, 0, 1443417,0,0,0,0, 3328059, 0, 1280.19,38417.8, 725.579, 460.149, 440.859, 0, 0, 31.0776, 251.9, 125.926, 0, 0, 0, 0, 0, 234.233, 384235, 0, 570216
50000,0,true,WOUND_WAIT,false,false,true,true,WR,1,0,false,0.15,LH_MCSLOCK,0,64,10,1000000,0,TOP,0.5,16,true,WR,0,false,200000000,false,1,true,YCSB,false,0.9, 0, 0, 0, 15953,0,0,0,0, 15953, 0, 10,62682.3, 0, 0.490805, 0, 0, 0, 0.354472, 5.45919, 0.0167239, 0, 0, 0, 0, 17143908, 0, 626823, 0, 0
50000,0,true,WOUND_WAIT,false,false,true,true,WR,1,0,false,0.15,LH_MCSLOCK,0,64,10,1000000,0,TOP,0.5,16,true,WR,0,false,200000000,false,32,true,YCSB,false,0.9, 204367, 0, 0, 212646,0,0,0,0, 240045, 0, 319.994,133325, 36.488, 4.07525, 0, 0, 0, 22.5015, 53.8516, 17.6072, 0, 0, 0, 0, 263784789, 182.023, 1333224, 0, 1055730
50000,0,true,WOUND_WAIT,false,false,true,true,WR,1,0,false,0.15,LH_MCSLOCK,0,64,10,1000000,0,TOP,0.5,16,true,WR,0,false,200000000,false,64,true,YCSB,false,0.9, 278180, 0, 0, 460670,0,0,0,0, 557934, 0, 639.991,114717, 111.53, 3.72047, 0, 0, 0, 21.6307, 52.4653, 23.9983, 0, 0, 0, 0, 241432312, 429.236, 1147156, 0, 1305568
50000,0,true,WOUND_WAIT,false,false,true,true,WR,1,0,false,0.15,LH_MCSLOCK,0,64,10,1000000,0,TOP,0.5,16,true,WR,0,false,200000000,false,96,true,YCSB,false,0.9, 529277, 0, 0, 440185,0,0,0,0, 561365, 0, 959.997,171025, 207.171, 5.1622, 0, 0, 0, 18.3649, 49.9181, 46.004, 0, 0, 0, 0, 379494836, 644.038, 1710247, 0, 2303263
50000,0,true,WOUND_WAIT,false,false,true,true,WR,1,0,false,0.15,LH_MCSLOCK,0,64,10,1000000,0,TOP,0.5,16,true,WR,0,false,200000000,false,128,true,YCSB,false,0.9, 14662, 0, 0, 24396714,0,0,0,0, 32202297, 0, 1280.46,3968.66, 311.889, 0.20624, 0, 0, 0, 11.5825, 8.13832, 23.0765, 0, 0, 0, 0, 10087046, 936.298, 39701, 0, 61496
50000,0,true,WOUND_WAIT,false,false,true,true,WR,1,0,false,0.15,LH_MCSLOCK,0,64,10,1000000,0,TOP,0.5,16,true,WR,0,false,200000000,false,1,true,YCSB,false,0.9, 0, 0, 0, 16054,0,0,0,0, 16054, 0, 10,62286.7, 0, 0.507284, 0, 0, 0, 0.290617, 5.54453, 0.0166634, 0, 0, 0, 0, 17178576, 0, 622868, 0, 0
50000,0,true,WOUND_WAIT,false,false,true,true,WR,1,0,false,0.15,LH_MCSLOCK,0,64,10,1000000,0,TOP,0.5,16,true,WR,0,false,200000000,false,32,true,YCSB,false,0.9, 160536, 0, 0, 275125,0,0,0,0, 310343, 0, 320.001,103123, 36.2827, 3.5757, 0, 0, 0, 24.2381, 53.3345, 13.8507, 0, 0, 0, 0, 207471409, 185.9, 1031234, 0, 828579
50000,0,true,WOUND_WAIT,false,false,true,true,WR,1,0,false,0.15,LH_MCSLOCK,0,64,10,1000000,0,TOP,0.5,16,true,WR,0,false,200000000,false,64,true,YCSB,false,0.9, 225348, 0, 0, 571355,0,0,0,0, 690649, 0, 640.029,92671.6, 110.521, 3.31532, 0, 0, 0, 22.2746, 52.0957, 19.3976, 0, 0, 0, 0, 199654331, 434.406, 926758, 0, 1060591
50000,0,true,WOUND_WAIT,false,false,true,true,WR,1,0,false,0.15,LH_MCSLOCK,0,64,10,1000000,0,TOP,0.5,16,true,WR,0,false,200000000,false,96,true,YCSB,false,0.9, 375009, 0, 0, 633554,0,0,0,0, 803349, 0, 959.982,119503, 202.88, 3.97507, 0, 0, 0, 20.9003, 51.6526, 32.8978, 0, 0, 0, 0, 268450337, 655.357, 1195007, 0, 1631108
50000,0,true,WOUND_WAIT,false,false,true,true,WR,1,0,false,0.15,LH_MCSLOCK,0,64,10,1000000,0,TOP,0.5,16,true,WR,0,false,200000000,false,128,true,YCSB,false,0.9, 9151, 0, 0, 39266560,0,0,0,0, 51849557, 0, 1280.71,2464.83, 312.317, 0.19768, 0, 0, 0, 16.0912, 10.4182, 25.1311, 0, 0, 0, 0, 6639650, 928.4, 24662, 0, 38563
50000,0,true,WOUND_WAIT,false,false,true,true,WR,1,0,false,0.15,LH_MCSLOCK,0,64,10,1000000,0,TOP,0.5,16,true,WR,0,false,200000000,false,1,true,YCSB,false,0.9, 0, 0, 0, 15830,0,0,0,0, 15830, 0, 10,63167.3, 0, 0.51112, 0, 0, 0, 0.348769, 5.50475, 0.0169686, 0, 0, 0, 0, 17246732, 0, 631674, 0, 0
50000,0,true,WOUND_WAIT,false,false,true,true,WR,1,0,false,0.15,LH_MCSLOCK,0,64,10,1000000,0,TOP,0.5,16,true,WR,0,false,200000000,false,32,true,YCSB,false,0.9, 145526, 0, 0, 304177,0,0,0,0, 342617, 0, 319.998,93409, 35.8712, 3.44082, 0, 0, 0, 24.3143, 54.4806, 12.5309, 0, 0, 0, 0, 190233233, 186.865, 934085, 0, 752419
50000,0,true,WOUND_WAIT,false,false,true,true,WR,1,0,false,0.15,LH_MCSLOCK,0,64,10,1000000,0,TOP,0.5,16,true,WR,0,false,200000000,false,64,true,YCSB,false,0.9, 213679, 0, 0, 603785,0,0,0,0, 729615, 0, 639.996,87722.5, 110.344, 3.09791, 0, 0, 0, 25.3738, 49.2027, 18.4132, 0, 0, 0, 0, 188594467, 435.591, 877219, 0, 1006746
50000,0,true,WOUND_WAIT,false,false,true,true,WR,1,0,false,0.15,LH_MCSLOCK,0,64,10,1000000,0,TOP,0.5,16,true,WR,0,false,200000000,false,96,true,YCSB,false,0.9, 240467, 0, 0, 1000900,0,0,0,0, 1267794, 0, 960.013,75722.3, 202.098, 2.88167, 0, 0, 0, 23.9916, 48.198, 21.6662, 0, 0, 0, 0, 174660885, 666.517, 757233, 0, 1046995
50000,0,true,WOUND_WAIT,false,false,true,true,WR,1,0,false,0.15,LH_MCSLOCK,0,64,10,1000000,0,TOP,0.5,16,true,WR,0,false,200000000,false,128,true,YCSB,false,0.9, 15398, 0, 0, 23409216,0,0,0,0, 30849961, 0, 1280.85,4140.93, 310.847, 0.229988, 0, 0, 0, 11.2011, 11.9813, 28.9027, 0, 0, 0, 0, 10819217, 931.087, 41437, 0, 64727
50000,0,true,SILO,false,false,true,true,WR,1,0,false,0.15,LH_MCSLOCK,0,64,10,1000000,0,TOP,0.5,16,true,WR,0,false,200000000,false,1,true,YCSB,false,0.9, 0, 0, 0, 14004,0,0,0,0, 14004, 0, 10,71407.1, 0, 0.546023, 0, 0, 0, 0.355068, 4.07356, 0.0196255, 0, 0, 0, 0, 0, 0, 714071, 0, 0
50000,0,true,SILO,false,false,true,true,WR,1,0,false,0.15,LH_MCSLOCK,0,64,10,1000000,0,TOP,0.5,16,true,WR,0,false,200000000,false,32,true,YCSB,false,0.9, 1131033, 0, 0, 75863,0,0,0,0, 107575, 0, 319.953,297753, 94.1009, 8.29813, 0, 0, 0, 37.7123, 74.7308, 98.1049, 0, 0, 0, 0, 0, 0, 2977085, 0, 0
50000,0,true,SILO,false,false,true,true,WR,1,0,false,0.15,LH_MCSLOCK,0,64,10,1000000,0,TOP,0.5,16,true,WR,0,false,200000000,false,64,true,YCSB,false,0.9, 2255756, 0, 0, 95814,0,0,0,0, 159876, 0, 639.785,400865, 255.827, 16.3663, 0, 0, 0, 54.9378, 131.12, 202.775, 0, 0, 0, 0, 0, 0, 4007306, 0, 0
50000,0,true,SILO,false,false,true,true,WR,1,0,false,0.15,LH_MCSLOCK,0,64,10,1000000,0,TOP,0.5,16,true,WR,0,false,200000000,false,96,true,YCSB,false,0.9, 4161631, 0, 0, 90403,0,0,0,0, 161631, 0, 959.655,594787, 422.14, 21.803, 0, 0, 0, 61.4253, 156.208, 388.22, 0, 0, 0, 0, 0, 0, 5945729, 0, 0
50000,0,true,SILO,false,false,true,true,WR,1,0,false,0.15,LH_MCSLOCK,0,64,10,1000000,0,TOP,0.5,16,true,WR,0,false,200000000,false,128,true,YCSB,false,0.9, 4926157, 0, 0, 113793,0,0,0,0, 230232, 0, 1279.52,556865, 646.085, 28.9246, 0, 0, 0, 79.7987, 196.365, 498.678, 0, 0, 0, 0, 0, 0, 5566570, 0, 0
50000,0,true,SILO,false,false,true,true,WR,1,0,false,0.15,LH_MCSLOCK,0,64,10,1000000,0,TOP,0.5,16,true,WR,0,false,200000000,false,1,true,YCSB,false,0.9, 0, 0, 0, 14201,0,0,0,0, 14201, 0, 10,70413.6, 0, 0.56175, 0, 0, 0, 0.382907, 4.82329, 0.0200625, 0, 0, 0, 0, 0, 0, 704137, 0, 0
50000,0,true,SILO,false,false,true,true,WR,1,0,false,0.15,LH_MCSLOCK,0,64,10,1000000,0,TOP,0.5,16,true,WR,0,false,200000000,false,32,true,YCSB,false,0.9, 1149829, 0, 0, 75881,0,0,0,0, 107012, 0, 319.937,299356, 92.8251, 8.49703, 0, 0, 0, 34.5606, 77.6753, 100.052, 0, 0, 0, 0, 0, 0, 2992970, 0, 0
50000,0,true,SILO,false,false,true,true,WR,1,0,false,0.15,LH_MCSLOCK,0,64,10,1000000,0,TOP,0.5,16,true,WR,0,false,200000000,false,64,true,YCSB,false,0.9, 1953681, 0, 0, 106669,0,0,0,0, 183044, 0, 639.818,350102, 266.473, 15.8329, 0, 0, 0, 57.5835, 140.384, 175.044, 0, 0, 0, 0, 0, 0, 3500026, 0, 0
50000,0,true,SILO,false,false,true,true,WR,1,0,false,0.15,LH_MCSLOCK,0,64,10,1000000,0,TOP,0.5,16,true,WR,0,false,200000000,false,96,true,YCSB,false,0.9, 5003377, 0, 0, 75893,0,0,0,0, 128726, 0, 959.58,746730, 393.106, 21.3637, 0, 0, 0, 50.1233, 137.06, 460.279, 0, 0, 0, 0, 0, 0, 7464039, 0, 0
50000,0,true,SILO,false,false,true,true,WR,1,0,false,0.15,LH_MCSLOCK,0,64,10,1000000,0,TOP,0.5,16,true,WR,0,false,200000000,false,128,true,YCSB,false,0.9, 4794284, 0, 0, 115982,0,0,0,0, 233056, 0, 1279.7,550126, 641.802, 27.7186, 0, 0, 0, 80.7015, 198.562, 496.535, 0, 0, 0, 0, 0, 0, 5499982, 0, 0
50000,0,true,SILO,false,false,true,true,WR,1,0,false,0.15,LH_MCSLOCK,0,64,10,1000000,0,TOP,0.5,16,true,WR,0,false,200000000,false,1,true,YCSB,false,0.9, 0, 0, 0, 14053,0,0,0,0, 14053, 0, 10,71156.3, 0, 0.544506, 0, 0, 0, 0.365066, 4.08282, 0.0198027, 0, 0, 0, 0, 0, 0, 711564, 0, 0
50000,0,true,SILO,false,false,true,true,WR,1,0,false,0.15,LH_MCSLOCK,0,64,10,1000000,0,TOP,0.5,16,true,WR,0,false,200000000,false,32,true,YCSB,false,0.9, 1033038, 0, 0, 84011,0,0,0,0, 120378, 0, 319.916,266079, 96.4378, 8.37543, 0, 0, 0, 36.0207, 82.3032, 89.8728, 0, 0, 0, 0, 0, 0, 2660089, 0, 0
50000,0,true,SILO,false,false,true,true,WR,1,0,false,0.15,LH_MCSLOCK,0,64,10,1000000,0,TOP,0.5,16,true,WR,0,false,200000000,false,64,true,YCSB,false,0.9, 2484417, 0, 0, 86763,0,0,0,0, 142667, 0, 639.704,449110, 250.219, 14.6902, 0, 0, 0, 58.0647, 119.476, 223.735, 0, 0, 0, 0, 0, 0, 4489024, 0, 0
50000,0,true,SILO,false,false,true,true,WR,1,0,false,0.15,LH_MCSLOCK,0,64,10,1000000,0,TOP,0.5,16,true,WR,0,false,200000000,false,96,true,YCSB,false,0.9, 5072084, 0, 0, 74926,0,0,0,0, 127260, 0, 959.576,755315, 393.892, 21.4997, 0, 0, 0, 48.9705, 135.274, 465.371, 0, 0, 0, 0, 0, 0, 7549817, 0, 0
50000,0,true,SILO,false,false,true,true,WR,1,0,false,0.15,LH_MCSLOCK,0,64,10,1000000,0,TOP,0.5,16,true,WR,0,false,200000000,false,128,true,YCSB,false,0.9, 5059299, 0, 0, 110890,0,0,0,0, 222007, 0, 1279.53,577487, 639.388, 28.3157, 0, 0, 0, 79.3471, 194.072, 512.925, 0, 0, 0, 0, 0, 0, 5772750, 0, 0
50000,0,true,WAIT_DIE,false,false,true,true,WR,1,0,false,0.15,LH_MCSLOCK,0,64,10,1000000,0,TOP,0.5,16,true,WR,0,false,200000000,false,1,true,YCSB,false,0.9, 0, 0, 0, 15746,0,0,0,0, 15746, 0, 10,63504.8, 0, 0.417423, 0, 0, 0, 0.3497, 5.4759, 0.0399177, 0, 0, 0, 0, 17428525, 0, 635048, 0, 0
50000,0,true,WAIT_DIE,false,false,true,true,WR,1,0,false,0.15,LH_MCSLOCK,0,64,10,1000000,0,TOP,0.5,16,true,WR,0,false,200000000,false,32,true,YCSB,false,0.9, 1781546, 0, 0, 207491,0,0,0,0, 411401, 0, 319.913,77871.3, 158.381, 3.60818, 0, 0, 0, 21.4957, 45.4911, 153.264, 0, 0, 0, 0, 211699610, 56.9851, 778502, 0, 322143
50000,0,true,WAIT_DIE,false,false,true,true,WR,1,0,false,0.15,LH_MCSLOCK,0,64,10,1000000,0,TOP,0.5,16,true,WR,0,false,200000000,false,64,true,YCSB,false,0.9, 4528876, 0, 0, 208712,0,0,0,0, 621059, 0, 639.898,103141, 424.664, 4.96741, 0, 0, 0, 18.2934, 38.7685, 393.688, 0, 0, 0, 0, 237468289, 104.329, 1031245, 0, 645190
50000,0,true,WAIT_DIE,false,false,true,true,WR,1,0,false,0.15,LH_MCSLOCK,0,64,10,1000000,0,TOP,0.5,16,true,WR,0,false,200000000,false,96,true,YCSB,false,0.9, 6961726, 0, 0, 474323,0,0,0,0, 2043825, 0, 959.837,47005.6, 736.917, 5.29545, 0, 0, 0, 17.4365, 33.6982, 602.481, 0, 0, 0, 0, 126188016, 144.333, 469976, 0, 472436
50000,0,true,WAIT_DIE,false,false,true,true,WR,1,0,false,0.15,LH_MCSLOCK,0,64,10,1000000,0,TOP,0.5,16,true,WR,0,false,200000000,false,128,true,YCSB,false,0.9, 9586571, 0, 0, 597505,0,0,0,0, 3225326, 0, 1279.86,39704.8, 1042.65, 7.00461, 0, 0, 0, 16.2357, 31.2365, 824.714, 0, 0, 0, 0, 112151116, 165.031, 397005, 0, 524915
50000,0,true,WAIT_DIE,false,false,true,true,WR,1,0,false,0.15,LH_MCSLOCK,0,64,10,1000000,0,TOP,0.5,16,true,WR,0,false,200000000,false,1,true,YCSB,false,0.9, 0, 0, 0, 15782,0,0,0,0, 15782, 0, 10,63363.2, 0, 0.400169, 0, 0, 0, 0.369256, 5.44113, 0.0397635, 0, 0, 0, 0, 17573683, 0, 633633, 0, 0
50000,0,true,WAIT_DIE,false,false,true,true,WR,1,0,false,0.15,LH_MCSLOCK,0,64,10,1000000,0,TOP,0.5,16,true,WR,0,false,200000000,false,32,true,YCSB,false,0.9, 1816332, 0, 0, 174116,0,0,0,0, 335451, 0, 319.939,95485.8, 153.714, 3.50923, 0, 0, 0, 20.9131, 45.7577, 156.513, 0, 0, 0, 0, 237628578, 54.814, 954676, 0, 385909
50000,0,true,WAIT_DIE,false,false,true,true,WR,1,0,false,0.15,LH_MCSLOCK,0,64,10,1000000,0,TOP,0.5,16,true,WR,0,false,200000000,false,64,true,YCSB,false,0.9, 4448396, 0, 0, 318290,0,0,0,0, 1015992, 0, 639.943,63060.9, 439.244, 4.53023, 0, 0, 0, 19.5074, 36.9091, 381.801, 0, 0, 0, 0, 166534839, 110.309, 630553, 0, 441728
50000,0,true,WAIT_DIE,false,false,true,true,WR,1,0,false,0.15,LH_MCSLOCK,0,64,10,1000000,0,TOP,0.5,16,true,WR,0,false,200000000,false,96,true,YCSB,false,0.9, 6959319, 0, 0, 500841,0,0,0,0, 2158740, 0, 959.893,44507.6, 737.005, 5.13881, 0, 0, 0, 18.1309, 33.4939, 601.395, 0, 0, 0, 0, 128417751, 145.422, 445027, 0, 453981
50000,0,true,WAIT_DIE,false,false,true,true,WR,1,0,false,0.15,LH_MCSLOCK,0,64,10,1000000,0,TOP,0.5,16,true,WR,0,false,200000000,false,128,true,YCSB,false,0.9, 9554333, 0, 0, 615673,0,0,0,0, 3410681, 0, 1279.79,37556, 1048.6, 6.81472, 0, 0, 0, 16.6004, 30.7669, 825.142, 0, 0, 0, 0, 107412653, 160.249, 375497, 0, 499122
50000,0,true,WAIT_DIE,false,false,true,true,WR,1,0,false,0.15,LH_MCSLOCK,0,64,10,1000000,0,TOP,0.5,16,true,WR,0,false,200000000,false,1,true,YCSB,false,0.9, 0, 0, 0, 15903,0,0,0,0, 15903, 0, 10,62881, 0, 0.396182, 0, 0, 0, 0.287385, 5.48281, 0.0394826, 0, 0, 0, 0, 17338241, 0, 628811, 0, 0
50000,0,true,WAIT_DIE,false,false,true,true,WR,1,0,false,0.15,LH_MCSLOCK,0,64,10,1000000,0,TOP,0.5,16,true,WR,0,false,200000000,false,32,true,YCSB,false,0.9, 1927296, 0, 0, 120463,0,0,0,0, 218149, 0, 319.951,146826, 143.107, 4.06079, 0, 0, 0, 18.5955, 44.4766, 166.81, 0, 0, 0, 0, 339357992, 48.3383, 1468032, 0, 543451
50000,0,true,WAIT_DIE,false,false,true,true,WR,1,0,false,0.15,LH_MCSLOCK,0,64,10,1000000,0,TOP,0.5,16,true,WR,0,false,200000000,false,64,true,YCSB,false,0.9, 4488191, 0, 0, 260567,0,0,0,0, 799432, 0, 639.925,80139.8, 431.131, 4.81038, 0, 0, 0, 18.7711, 38.1039, 385.026, 0, 0, 0, 0, 203108773, 109.007, 801304, 0, 534035
50000,0,true,WAIT_DIE,false,false,true,true,WR,1,0,false,0.15,LH_MCSLOCK,0,64,10,1000000,0,TOP,0.5,16,true,WR,0,false,200000000,false,96,true,YCSB,false,0.9, 7085513, 0, 0, 414667,0,0,0,0, 1777051, 0, 959.938,54064.2, 735.766, 5.50912, 0, 0, 0, 18.7433, 30.8391, 612.016, 0, 0, 0, 0, 140584070, 142.904, 540607, 0, 523631
50000,0,true,WAIT_DIE,false,false,true,true,WR,1,0,false,0.15,LH_MCSLOCK,0,64,10,1000000,0,TOP,0.5,16,true,WR,0,false,200000000,false,128,true,YCSB,false,0.9, 9428814, 0, 0, 1011248,0,0,0,0, 5674546, 0, 1279.93,22554.2, 1051.86, 6.22209, 0, 0, 0, 17.2618, 30.0709, 811.621, 0, 0, 0, 0, 67741044, 165.258, 225529, 0, 347019
50000,0,true,NO_WAIT,false,false,true,true,WR,1,0,false,0.15,LH_MCSLOCK,0,64,10,1000000,0,TOP,0.5,16,true,WR,0,false,200000000,false,1,true,YCSB,false,0.9, 0, 0, 0, 15699,0,0,0,0, 15699, 0, 10,63697.2, 0, 0.415469, 0, 0, 0, 0.33965, 5.51014, 0.0171763, 0, 0, 0, 0, 0, 0, 636973, 0, 0
50000,0,true,NO_WAIT,false,false,true,true,WR,1,0,false,0.15,LH_MCSLOCK,0,64,10,1000000,0,TOP,0.5,16,true,WR,0,false,200000000,false,32,true,YCSB,false,0.9, 2467204, 0, 0, 98340,0,0,0,0, 272096, 0, 319.899,117823, 204.068, 4.65806, 0, 0, 0, 23.8723, 45.1131, 213.387, 0, 0, 0, 0, 0, 0, 1177856, 0, 0
50000,0,true,NO_WAIT,false,false,true,true,WR,1,0,false,0.15,LH_MCSLOCK,0,64,10,1000000,0,TOP,0.5,16,true,WR,0,false,200000000,false,64,true,YCSB,false,0.9, 5795385, 0, 0, 158871,0,0,0,0, 875418, 0, 639.727,73286.9, 523.345, 7.23691, 0, 0, 0, 28.1103, 53.9709, 497.416, 0, 0, 0, 0, 0, 0, 732557, 0, 0
50000,0,true,NO_WAIT,false,false,true,true,WR,1,0,false,0.15,LH_MCSLOCK,0,64,10,1000000,0,TOP,0.5,16,true,WR,0,false,200000000,false,96,true,YCSB,false,0.9, 9005065, 0, 0, 179312,0,0,0,0, 1464966, 0, 959.776,65623.9, 842.131, 8.62466, 0, 0, 0, 30.4995, 55.073, 798.544, 0, 0, 0, 0, 0, 0, 656086, 0, 0
50000,0,true,NO_WAIT,false,false,true,true,WR,1,0,false,0.15,LH_MCSLOCK,0,64,10,1000000,0,TOP,0.5,16,true,WR,0,false,200000000,false,128,true,YCSB,false,0.9, 12024582, 0, 0, 348867,0,0,0,0, 4283715, 0, 1279.6,29859.8, 1175.46, 11.5535, 0, 0, 0, 33.137, 54.6861, 1081.97, 0, 0, 0, 0, 0, 0, 298506, 0, 0
50000,0,true,NO_WAIT,false,false,true,true,WR,1,0,false,0.15,LH_MCSLOCK,0,64,10,1000000,0,TOP,0.5,16,true,WR,0,false,200000000,false,1,true,YCSB,false,0.9, 0, 0, 0, 15660,0,0,0,0, 15660, 0, 10,63855.5, 0, 0.41152, 0, 0, 0, 0.345551, 5.4609, 0.0172085, 0, 0, 0, 0, 0, 0, 638555, 0, 0
50000,0,true,NO_WAIT,false,false,true,true,WR,1,0,false,0.15,LH_MCSLOCK,0,64,10,1000000,0,TOP,0.5,16,true,WR,0,false,200000000,false,32,true,YCSB,false,0.9, 2424814, 0, 0, 121428,0,0,0,0, 349953, 0, 319.838,91633.7, 208.625, 4.62543, 0, 0, 0, 24.104, 48.5764, 209.125, 0, 0, 0, 0, 0, 0, 915874, 0, 0
50000,0,true,NO_WAIT,false,false,true,true,WR,1,0,false,0.15,LH_MCSLOCK,0,64,10,1000000,0,TOP,0.5,16,true,WR,0,false,200000000,false,64,true,YCSB,false,0.9, 5782029, 0, 0, 109879,0,0,0,0, 546746, 0, 639.629,117264, 510.854, 6.72696, 0, 0, 0, 25.0112, 52.1283, 507.36, 0, 0, 0, 0, 0, 0, 1171962, 0, 0
50000,0,true,NO_WAIT,false,false,true,true,WR,1,0,false,0.15,LH_MCSLOCK,0,64,10,1000000,0,TOP,0.5,16,true,WR,0,false,200000000,false,96,true,YCSB,false,0.9, 8978313, 0, 0, 174156,0,0,0,0, 1414391, 0, 959.512,67993.1, 841.158, 9.3521, 0, 0, 0, 30.0462, 54.6249, 796.263, 0, 0, 0, 0, 0, 0, 679585, 0, 0
50000,0,true,NO_WAIT,false,false,true,true,WR,1,0,false,0.15,LH_MCSLOCK,0,64,10,1000000,0,TOP,0.5,16,true,WR,0,false,200000000,false,128,true,YCSB,false,0.9, 12013520, 0, 0, 290892,0,0,0,0, 3422212, 0, 1279.73,37405.4, 1170.94, 11.0582, 0, 0, 0, 33.0258, 55.6206, 1091.95, 0, 0, 0, 0, 0, 0, 373974, 0, 0
50000,0,true,NO_WAIT,false,false,true,true,WR,1,0,false,0.15,LH_MCSLOCK,0,64,10,1000000,0,TOP,0.5,16,true,WR,0,false,200000000,false,1,true,YCSB,false,0.9, 0, 0, 0, 15857,0,0,0,0, 15857, 0, 10,63063.2, 0, 0.40589, 0, 0, 0, 0.348761, 5.45898, 0.0164491, 0, 0, 0, 0, 0, 0, 630633, 0, 0
50000,0,true,NO_WAIT,false,false,true,true,WR,1,0,false,0.15,LH_MCSLOCK,0,64,10,1000000,0,TOP,0.5,16,true,WR,0,false,200000000,false,32,true,YCSB,false,0.9, 2382035, 0, 0, 149650,0,0,0,0, 445789, 0, 319.759,71940.1, 212.181, 4.42758, 0, 0, 0, 25.8194, 49.9596, 205.623, 0, 0, 0, 0, 0, 0, 718860, 0, 0
50000,0,true,NO_WAIT,false,false,true,true,WR,1,0,false,0.15,LH_MCSLOCK,0,64,10,1000000,0,TOP,0.5,16,true,WR,0,false,200000000,false,64,true,YCSB,false,0.9, 5748128, 0, 0, 139772,0,0,0,0, 740668, 0, 639.666,86593.9, 518.695, 6.7031, 0, 0, 0, 27.494, 53.5422, 501.632, 0, 0, 0, 0, 0, 0, 865487, 0, 0
50000,0,true,NO_WAIT,false,false,true,true,WR,1,0,false,0.15,LH_MCSLOCK,0,64,10,1000000,0,TOP,0.5,16,true,WR,0,false,200000000,false,96,true,YCSB,false,0.9, 8893161, 0, 0, 148389,0,0,0,0, 1158853, 0, 959.561,82986.6, 836.474, 8.9734, 0, 0, 0, 29.2764, 53.8661, 802.65, 0, 0, 0, 0, 0, 0, 829486, 0, 0
50000,0,true,NO_WAIT,false,false,true,true,WR,1,0,false,0.15,LH_MCSLOCK,0,64,10,1000000,0,TOP,0.5,16,true,WR,0,false,200000000,false,128,true,YCSB,false,0.9, 11855832, 0, 0, 258968,0,0,0,0, 2975230, 0, 1279.67,42991.3, 1168.36, 10.6728, 0, 0, 0, 33.4476, 54.9909, 1093.6, 0, 0, 0, 0, 0, 0, 429801, 0, 0
