ABORT_PENALTY,BB_ALWAYS_RETIRE_READ,BB_AUTORETIRE,BB_DYNAMIC_TS,BB_LAST_RETIRE,BB_OPT_RAW,BB_PRECOMMIT,CC_ALG,COMPILE_ONLY,CPU_FREQ,LATCH,MAX_RUNTIME,MAX_TXN_PER_PART,NDEBUG,NUM_WH,OUTPUT_TO_FILE,PF_ABORT,PF_BASIC,PF_CS,TERMINATE_BY_COUNT,THREAD_CNT,TPCC_USER_ABORT,UNSET_NUMA,WORKLOAD,WW_STARV_FREE,abort_cnt,abort_cnt_long,abort_length,cascading_abort_times,commit_latency,cycle_detect,deadlock_cnt,dl_detect_time,dl_wait_time,latency,max_abort_length,run_time,throughput,time_abort,time_cleanup,time_commit,time_copy,time_get_cs,time_get_latch,time_index,time_man,time_query,time_release_cs,time_release_latch,time_retire_cs,time_retire_latch,time_semaphore_cs,time_ts_alloc,time_wait,txn_cnt,txn_cnt_long,user_abort_cnt,wait_cnt
50000,true,false,true,0,true,false,WAIT_DIE,false,2.8,LH_MCSLOCK,10,100000,true,1,true,false,true,false,true,120,true,false,TPCC,false, 24489691, 0, 0, 0, 685821,0,0,0,0, 802926, 0, 8715.91,149231, 1282.29, 23.5945, 0, 0, 0, 0, 5.76243, 103.297, 1924.78, 0, 0, 0, 0, 0, 2067318958, 6566.21, 10839016, 0, 54368, 6800482
50000,true,false,true,0,true,false,SILO,false,2.8,LH_MCSLOCK,10,100000,true,1,true,false,true,false,true,120,true,false,TPCC,false, 69915125, 0, 0, 0, 79972,0,0,0,0, 645621, 0, 7098.4,186326, 6216.96, 117.506, 0, 0, 0, 0, 5.97756, 60.3946, 6060.76, 0, 0, 0, 0, 0, 0, 0, 11021829, 0, 55645, 0
50000,true,false,true,0,true,false,WOUND_WAIT,false,2.8,LH_MCSLOCK,10,100000,true,1,true,false,true,false,true,120,true,false,TPCC,false, 99298, 0, 0, 0, 1013980,0,0,0,0, 1017281, 0, 12257.1,117373, 100.67, 27.1718, 0, 0, 0, 0, 6.3067, 135.712, 3.82733, 0, 0, 0, 0, 0, 2145414690, 11953.1, 11988855, 0, 60135, 12657942
50000,true,false,true,0,true,false,BAMBOO,false,2.8,LH_MCSLOCK,10,100000,true,1,true,false,true,false,true,120,true,false,TPCC,false, 287039, 0, 0, 0, 1242132,0,0,0,0, 1245461, 0, 14944.9,96330.8, 42.8841, 14473, 14301.3, 0, 0, 0, 6.54736, 14714.7, 20.4511, 0, 0, 0, 0, 0, 0, 69.1214, 11997133, 0, 60751, 6022602
50000,true,false,true,0,true,false,NO_WAIT,false,2.8,LH_MCSLOCK,10,100000,true,1,true,false,true,false,true,120,true,false,TPCC,false, 213087215, 0, 0, 0, 103398,0,0,0,0, 1804212, 0, 21289.8,66607.2, 20067.9, 119.994, 0, 0, 0, 0, 13.9879, 262.895, 18890.1, 0, 0, 0, 0, 0, 0, 0, 11817118, 0, 59022, 0
50000,true,false,true,0,true,false,WAIT_DIE,false,2.8,LH_MCSLOCK,10,100000,true,1,true,false,true,false,true,96,true,false,TPCC,false, 19621101, 0, 0, 0, 500370,0,0,0,0, 607940, 0, 5563.69,157667, 991.511, 18.5394, 0, 0, 0, 0, 4.95512, 82.5075, 1537.02, 0, 0, 0, 0, 0, 1770991084, 3849.13, 9137590, 0, 45748, 5735569
50000,true,false,true,0,true,false,SILO,false,2.8,LH_MCSLOCK,10,100000,true,1,true,false,true,false,true,96,true,false,TPCC,false, 40924243, 0, 0, 0, 76713,0,0,0,0, 508583, 0, 4069.47,189184, 3454.26, 72.0729, 0, 0, 0, 0, 4.27141, 41.7276, 3458.56, 0, 0, 0, 0, 0, 0, 0, 8019574, 0, 40172, 0
50000,true,false,true,0,true,false,WOUND_WAIT,false,2.8,LH_MCSLOCK,10,100000,true,1,true,false,true,false,true,96,true,false,TPCC,false, 83710, 0, 0, 0, 741736,0,0,0,0, 744405, 0, 7172.31,128311, 61.8109, 18.8224, 0, 0, 0, 0, 5.11867, 94.5592, 3.15803, 0, 0, 0, 0, 0, 1728365990, 6963.72, 9586279, 0, 48612, 10122353
50000,true,false,true,0,true,false,BAMBOO,false,2.8,LH_MCSLOCK,10,100000,true,1,true,false,true,false,true,96,true,false,TPCC,false, 215818, 0, 0, 0, 759671,0,0,0,0, 760860, 0, 7298.04,126139, 13.3696, 6992.48, 6884.92, 0, 0, 0, 5.18369, 7163.52, 14.4955, 0, 0, 0, 0, 0, 0, 34.1152, 9589236, 0, 48563, 4856883
50000,true,false,true,0,true,false,NO_WAIT,false,2.8,LH_MCSLOCK,10,100000,true,1,true,false,true,false,true,96,true,false,TPCC,false, 136625282, 0, 0, 0, 90237,0,0,0,0, 1357053, 0, 12600.6,70864.5, 11761.3, 48.3229, 0, 0, 0, 0, 11.6502, 138.854, 11691.3, 0, 0, 0, 0, 0, 0, 0, 9301437, 0, 46805, 0
50000,true,false,true,0,true,false,WAIT_DIE,false,2.8,LH_MCSLOCK,10,100000,true,1,true,false,true,false,true,64,true,false,TPCC,false, 13226176, 0, 0, 0, 325930,0,0,0,0, 429911, 0, 2706.83,148632, 657.944, 13.1383, 0, 0, 0, 0, 4.12739, 58.9972, 1035.05, 0, 0, 0, 0, 0, 1510620620, 1546.83, 6286274, 0, 31359, 3933768
50000,true,false,true,0,true,false,SILO,false,2.8,LH_MCSLOCK,10,100000,true,1,true,false,true,false,true,64,true,false,TPCC,false, 16374031, 0, 0, 0, 70448,0,0,0,0, 311142, 0, 1574.67,206126, 1217.39, 30.1419, 0, 0, 0, 0, 2.37189, 21.8346, 1342.89, 0, 0, 0, 0, 0, 0, 0, 5071557, 0, 25742, 0
50000,true,false,true,0,true,false,WOUND_WAIT,false,2.8,LH_MCSLOCK,10,100000,true,1,true,false,true,false,true,64,true,false,TPCC,false, 50520, 0, 0, 0, 413580,0,0,0,0, 414710, 0, 2665.22,153547, 20.6438, 9.61578, 0, 0, 0, 0, 3.5444, 48.6069, 1.60512, 0, 0, 0, 0, 0, 1095290190, 2565.12, 6394350, 0, 32331, 6751860
50000,true,false,true,0,true,false,BAMBOO,false,2.8,LH_MCSLOCK,10,100000,true,1,true,false,true,false,true,64,true,false,TPCC,false, 143959, 0, 0, 0, 355708,0,0,0,0, 356277, 0, 2279.39,179552, 4.69832, 2119.49, 2070.22, 0, 0, 0, 3.49182, 2206.52, 9.23201, 0, 0, 0, 0, 0, 0, 16.4443, 6394825, 0, 32353, 3261658
50000,true,false,true,0,true,false,NO_WAIT,false,2.8,LH_MCSLOCK,10,100000,true,1,true,false,true,false,true,64,true,false,TPCC,false, 62543234, 0, 0, 0, 72969,0,0,0,0, 909309, 0, 5481.11,70507.2, 5040.49, 16.047, 0, 0, 0, 0, 7.28785, 66.633, 5183.37, 0, 0, 0, 0, 0, 0, 0, 6038396, 0, 30274, 0
50000,true,false,true,0,true,false,WAIT_DIE,false,2.8,LH_MCSLOCK,10,100000,true,1,true,false,true,false,true,32,true,false,TPCC,false, 5878864, 0, 0, 0, 163696,0,0,0,0, 249184, 0, 792.669,128194, 272.856, 5.36013, 0, 0, 0, 0, 2.52626, 26.3623, 465, 0, 0, 0, 0, 0, 826282912, 268.865, 3175476, 0, 16049, 1954489
50000,true,false,true,0,true,false,SILO,false,2.8,LH_MCSLOCK,10,100000,true,1,true,false,true,false,true,32,true,false,TPCC,false, 4650166, 0, 0, 0, 60513,0,0,0,0, 164771, 0, 449.094,194455, 283.952, 9.99997, 0, 0, 0, 0, 1.25355, 9.6515, 375.717, 0, 0, 0, 0, 0, 0, 0, 2729020, 0, 13659, 0
50000,true,false,true,0,true,false,WOUND_WAIT,false,2.8,LH_MCSLOCK,10,100000,true,1,true,false,true,false,true,32,true,false,TPCC,false, 24351, 0, 0, 0, 195313,0,0,0,0, 195773, 0, 629.225,162627, 4.65288, 4.17301, 0, 0, 0, 0, 1.77178, 20.403, 0.715917, 0, 0, 0, 0, 0, 565786416, 589.335, 3197788, 0, 16262, 3376000
50000,true,false,true,0,true,false,BAMBOO,false,2.8,LH_MCSLOCK,10,100000,true,1,true,false,true,false,true,32,true,false,TPCC,false, 83441, 0, 0, 0, 119734,0,0,0,0, 120240, 0, 384.755,265819, 2.07275, 316.256, 299.717, 0, 0, 0, 1.71925, 349.347, 5.41214, 0, 0, 0, 0, 0, 0, 8.08853, 3196104, 0, 16370, 1740738
50000,true,false,true,0,true,false,NO_WAIT,false,2.8,LH_MCSLOCK,10,100000,true,1,true,false,true,false,true,32,true,false,TPCC,false, 15693598, 0, 0, 0, 51661,0,0,0,0, 452857, 0, 1371.11,70758.1, 1214.48, 5.14262, 0, 0, 0, 0, 3.37467, 26.8221, 1283.25, 0, 0, 0, 0, 0, 0, 0, 3031786, 0, 15379, 0
50000,true,false,true,0,true,false,WAIT_DIE,false,2.8,LH_MCSLOCK,10,100000,true,1,true,false,true,false,true,16,true,false,TPCC,false, 2139784, 0, 0, 0, 103225,0,0,0,0, 155181, 0, 245.163,102909, 82.3927, 2.43099, 0, 0, 0, 0, 1.46465, 12.9028, 171.216, 0, 0, 0, 0, 0, 442170142, 44.7433, 1576834, 0, 7952, 866122
50000,true,false,true,0,true,false,SILO,false,2.8,LH_MCSLOCK,10,100000,true,1,true,false,true,false,true,16,true,false,TPCC,false, 1266652, 0, 0, 0, 48509,0,0,0,0, 98104, 0, 128.031,163273, 64.6536, 3.73364, 0, 0, 0, 0, 0.596507, 4.50312, 101.843, 0, 0, 0, 0, 0, 0, 0, 1306499, 0, 6520, 0
50000,true,false,true,0,true,false,WOUND_WAIT,false,2.8,LH_MCSLOCK,10,100000,true,1,true,false,true,false,true,16,true,false,TPCC,false, 11992, 0, 0, 0, 95573,0,0,0,0, 95781, 0, 153.801,166215, 1.09737, 1.96747, 0, 0, 0, 0, 0.887827, 9.2544, 0.351158, 0, 0, 0, 0, 0, 273720556, 136.195, 1597750, 0, 8026, 1686716
50000,true,false,true,0,true,false,BAMBOO,false,2.8,LH_MCSLOCK,10,100000,true,1,true,false,true,false,true,16,true,false,TPCC,false, 48725, 0, 0, 0, 46819,0,0,0,0, 47379, 0, 75.77,336729, 1.1108, 43.4542, 37.031, 0, 0, 0, 0.85595, 57.818, 3.27952, 0, 0, 0, 0, 0, 0, 3.94899, 1594622, 0, 8023, 949350
50000,true,false,true,0,true,false,NO_WAIT,false,2.8,LH_MCSLOCK,10,100000,true,1,true,false,true,false,true,16,true,false,TPCC,false, 4207263, 0, 0, 0, 37733,0,0,0,0, 242995, 0, 379.237,65911, 320.288, 2.30804, 0, 0, 0, 0, 1.71093, 13.109, 343.486, 0, 0, 0, 0, 0, 0, 0, 1562244, 0, 7937, 0
50000,true,false,true,0,true,false,WAIT_DIE,false,2.8,LH_MCSLOCK,10,100000,true,1,true,false,true,false,true,8,true,false,TPCC,false, 647065, 0, 0, 0, 71790,0,0,0,0, 93587, 0, 73.7712,85266.8, 17.3239, 1.02033, 0, 0, 0, 0, 0.788946, 6.15196, 52.332, 0, 0, 0, 0, 0, 221158580, 7.35843, 786279, 0, 3963, 323581
50000,true,false,true,0,true,false,SILO,false,2.8,LH_MCSLOCK,10,100000,true,1,true,false,true,false,true,8,true,false,TPCC,false, 413246, 0, 0, 0, 38277,0,0,0,0, 63586, 0, 46.0804,125900, 18.3218, 1.69894, 0, 0, 0, 0, 0.376689, 2.65326, 33.2766, 0, 0, 0, 0, 0, 0, 0, 725188, 0, 3635, 0
50000,true,false,true,0,true,false,WOUND_WAIT,false,2.8,LH_MCSLOCK,10,100000,true,1,true,false,true,false,true,8,true,false,TPCC,false, 6389, 0, 0, 0, 46806,0,0,0,0, 46901, 0, 37.6215,169717, 0.263728, 0.963402, 0, 0, 0, 0, 0.416532, 4.28346, 0.207644, 0, 0, 0, 0, 0, 137505794, 29.4406, 798124, 0, 4000, 838664
50000,true,false,true,0,true,false,BAMBOO,false,2.8,LH_MCSLOCK,10,100000,true,1,true,false,true,false,true,8,true,false,TPCC,false, 15824, 0, 0, 0, 22686,0,0,0,0, 22904, 0, 18.2995,347754, 0.253262, 6.34186, 4.41812, 0, 0, 0, 0.432883, 12.1842, 0.959807, 0, 0, 0, 0, 0, 0, 0.541141, 795467, 0, 4014, 319957
50000,true,false,true,0,true,false,NO_WAIT,false,2.8,LH_MCSLOCK,10,100000,true,1,true,false,true,false,true,8,true,false,TPCC,false, 877105, 0, 0, 0, 24178,0,0,0,0, 109409, 0, 83.1655,73123.8, 64.7859, 0.797139, 0, 0, 0, 0, 0.745436, 5.21255, 70.4784, 0, 0, 0, 0, 0, 0, 0, 760172, 0, 3798, 0
50000,true,false,true,0,true,false,WAIT_DIE,false,2.8,LH_MCSLOCK,10,100000,true,1,true,false,true,false,true,4,true,false,TPCC,false, 138542, 0, 0, 0, 40097,0,0,0,0, 44116, 0, 17.1881,90358.2, 1.61927, 0.325104, 0, 0, 0, 0, 0.352868, 2.21786, 11.0709, 0, 0, 0, 0, 0, 79600802, 0.87691, 388272, 0, 1964, 85576
50000,true,false,true,0,true,false,SILO,false,2.8,LH_MCSLOCK,10,100000,true,1,true,false,true,false,true,4,true,false,TPCC,false, 98487, 0, 0, 0, 23728,0,0,0,0, 32909, 0, 12.4745,121476, 3.48531, 0.603823, 0, 0, 0, 0, 0.177364, 1.1839, 7.77362, 0, 0, 0, 0, 0, 0, 0, 378837, 0, 1941, 0
50000,true,false,true,0,true,false,WOUND_WAIT,false,2.8,LH_MCSLOCK,10,100000,true,1,true,false,true,false,true,4,true,false,TPCC,false, 4295, 0, 0, 0, 23194,0,0,0,0, 23259, 0, 9.33674,171159, 0.0701911, 0.427368, 0, 0, 0, 0, 0.227741, 1.86295, 0.195776, 0, 0, 0, 0, 0, 71628516, 5.43318, 399516, 0, 1937, 390134
50000,true,false,true,0,true,false,BAMBOO,false,2.8,LH_MCSLOCK,10,100000,true,1,true,false,true,false,true,4,true,false,TPCC,false, 4215, 0, 0, 0, 16300,0,0,0,0, 16366, 0, 6.50622,243172, 0.0590231, 1.83659, 1.25816, 0, 0, 0, 0.223223, 4.19763, 0.185249, 0, 0, 0, 0, 0, 0, 0.107228, 395533, 0, 2008, 87949
50000,true,false,true,0,true,false,NO_WAIT,false,2.8,LH_MCSLOCK,10,100000,true,1,true,false,true,false,true,4,true,false,TPCC,false, 180178, 0, 0, 0, 16667,0,0,0,0, 50147, 0, 19.6275,79650.8, 13.1133, 0.318408, 0, 0, 0, 0, 0.352007, 2.23763, 14.3291, 0, 0, 0, 0, 0, 0, 0, 390836, 0, 2000, 0
50000,true,false,true,0,true,false,WAIT_DIE,false,2.8,LH_MCSLOCK,10,100000,true,1,true,false,true,false,true,2,true,false,TPCC,false, 22311, 0, 0, 0, 19355,0,0,0,0, 19511, 0, 3.90389,101883, 0.0546795, 0.0980136, 0, 0, 0, 0, 0.165721, 0.916609, 1.74219, 0, 0, 0, 0, 0, 34122600, 0.10046, 198871, 0, 1009, 14891
50000,true,false,true,0,true,false,SILO,false,2.8,LH_MCSLOCK,10,100000,true,1,true,false,true,false,true,2,true,false,TPCC,false, 16776, 0, 0, 0, 13569,0,0,0,0, 16016, 0, 3.01612,124547, 0.467487, 0.192004, 0, 0, 0, 0, 0.0686998, 0.536329, 1.26292, 0, 0, 0, 0, 0, 0, 0, 187824, 0, 955, 0
50000,true,false,true,0,true,false,WOUND_WAIT,false,2.8,LH_MCSLOCK,10,100000,true,1,true,false,true,false,true,2,true,false,TPCC,false, 3355, 0, 0, 0, 14103,0,0,0,0, 14161, 0, 2.82716,140473, 0.0265647, 0.182662, 0, 0, 0, 0, 0.136054, 0.930012, 0.188055, 0, 0, 0, 0, 0, 42389684, 0.743083, 198570, 0, 1032, 131602
50000,true,false,true,0,true,false,BAMBOO,false,2.8,LH_MCSLOCK,10,100000,true,1,true,false,true,false,true,2,true,false,TPCC,false, 1131, 0, 0, 0, 12947,0,0,0,0, 12958, 0, 2.56484,153433, 0.0171805, 0.512282, 0.342905, 0, 0, 0, 0.1532, 1.56829, 0.0170711, 0, 0, 0, 0, 0, 0, 0.019203, 196766, 0, 973, 15021
50000,true,false,true,0,true,false,NO_WAIT,false,2.8,LH_MCSLOCK,10,100000,true,1,true,false,true,false,true,2,true,false,TPCC,false, 23155, 0, 0, 0, 10959,0,0,0,0, 19816, 0, 3.58214,100515, 1.60909, 0.0850569, 0, 0, 0, 0, 0.135807, 0.78985, 1.75872, 0, 0, 0, 0, 0, 0, 0, 180030, 0, 898, 0
50000,true,false,true,0,true,false,WAIT_DIE,false,2.8,LH_MCSLOCK,10,100000,true,1,true,false,true,false,true,1,true,false,TPCC,false, 501, 0, 0, 0, 6010,0,0,0,0, 6010, 0, 0.605134,165253, 0.00409357, 0.0121138, 0, 0, 0, 0, 0.056523, 0.133108, 0.0201205, 0, 0, 0, 0, 0, 17231704, 0, 100000, 0, 501, 0
50000,true,false,true,0,true,false,SILO,false,2.8,LH_MCSLOCK,10,100000,true,1,true,false,true,false,true,1,true,false,TPCC,false, 501, 0, 0, 0, 7068,0,0,0,0, 7068, 0, 0.711442,140560, 0.00461888, 0.0532668, 0, 0, 0, 0, 0.0329967, 0.228714, 0.00214363, 0, 0, 0, 0, 0, 0, 0, 100000, 0, 501, 0
50000,true,false,true,0,true,false,WOUND_WAIT,false,2.8,LH_MCSLOCK,10,100000,true,1,true,false,true,false,true,1,true,false,TPCC,false, 501, 0, 0, 0, 6186,0,0,0,0, 6186, 0, 0.62277,160573, 0.00412308, 0.0225032, 0, 0, 0, 0, 0.0486957, 0.144781, 0.00211978, 0, 0, 0, 0, 0, 16280952, 0, 100000, 0, 501, 0
50000,true,false,true,0,true,false,BAMBOO,false,2.8,LH_MCSLOCK,10,100000,true,1,true,false,true,false,true,1,true,false,TPCC,false, 501, 0, 0, 0, 6472,0,0,0,0, 6472, 0, 0.651581,153473, 0.0043649, 0.0283724, 0.00245777, 0, 0, 0, 0.0558988, 0.211618, 0.00205943, 0, 0, 0, 0, 0, 0, 0, 100000, 0, 501, 0
50000,true,false,true,0,true,false,NO_WAIT,false,2.8,LH_MCSLOCK,10,100000,true,1,true,false,true,false,true,1,true,false,TPCC,false, 501, 0, 0, 0, 5749,0,0,0,0, 5749, 0, 0.578905,172740, 0.00392584, 0.0130226, 0, 0, 0, 0, 0.0513629, 0.130705, 0.00201527, 0, 0, 0, 0, 0, 0, 0, 100000, 0, 501, 0
50000,true,false,true,0,true,false,WAIT_DIE,false,2.8,LH_MCSLOCK,10,100000,true,1,true,false,true,false,true,120,true,false,TPCC,false, 23096635, 0, 0, 0, 680785,0,0,0,0, 797791, 0, 8180.16,150186, 1210.38, 22.3677, 0, 0, 0, 0, 5.40344, 97.3528, 1814.87, 0, 0, 0, 0, 0, 1944646478, 6151.05, 10237845, 0, 51356, 6422499
50000,true,false,true,0,true,false,SILO,false,2.8,LH_MCSLOCK,10,100000,true,1,true,false,true,false,true,120,true,false,TPCC,false, 70194490, 0, 0, 0, 80083,0,0,0,0, 651993, 0, 7114.15,184501, 6238.19, 119.72, 0, 0, 0, 0, 5.99706, 60.9706, 6060.25, 0, 0, 0, 0, 0, 0, 0, 10938090, 0, 54674, 0
50000,true,false,true,0,true,false,WOUND_WAIT,false,2.8,LH_MCSLOCK,10,100000,true,1,true,false,true,false,true,120,true,false,TPCC,false, 100949, 0, 0, 0, 1018265,0,0,0,0, 1021676, 0, 12304.3,116861, 103.022, 27.7043, 0, 0, 0, 0, 6.31102, 137.205, 3.90423, 0, 0, 0, 0, 0, 2164704662, 11996, 11982375, 0, 60354, 12650409
50000,true,false,true,0,true,false,BAMBOO,false,2.8,LH_MCSLOCK,10,100000,true,1,true,false,true,false,true,120,true,false,TPCC,false, 285279, 0, 0, 0, 1241044,0,0,0,0, 1243860, 0, 14925.1,96454.7, 36.7503, 14453.4, 14281.9, 0, 0, 0, 6.41434, 14703.3, 20.3797, 0, 0, 0, 0, 0, 0, 66.3153, 11996640, 0, 60703, 6075663
50000,true,false,true,0,true,false,NO_WAIT,false,2.8,LH_MCSLOCK,10,100000,true,1,true,false,true,false,true,120,true,false,TPCC,false, 213422972, 0, 0, 0, 103441,0,0,0,0, 1811840, 0, 21349.8,66326.2, 20129.1, 120.076, 0, 0, 0, 0, 14.0209, 264.994, 18883.7, 0, 0, 0, 0, 0, 0, 0, 11800414, 0, 59441, 0
50000,true,false,true,0,true,false,WAIT_DIE,false,2.8,LH_MCSLOCK,10,100000,true,1,true,false,true,false,true,96,true,false,TPCC,false, 20195522, 0, 0, 0, 521850,0,0,0,0, 632458, 0, 5870.7,151568, 1033.74, 20.2435, 0, 0, 0, 0, 5.26901, 88.6543, 1584.29, 0, 0, 0, 0, 0, 1918804496, 4095.11, 9268855, 0, 46806, 5807110
50000,true,false,true,0,true,false,SILO,false,2.8,LH_MCSLOCK,10,100000,true,1,true,false,true,false,true,96,true,false,TPCC,false, 37783594, 0, 0, 0, 75729,0,0,0,0, 489995, 0, 3735.91,196333, 3157.3, 65.2909, 0, 0, 0, 0, 3.96081, 38.2317, 3183.82, 0, 0, 0, 0, 0, 0, 0, 7640437, 0, 38204, 0
50000,true,false,true,0,true,false,WOUND_WAIT,false,2.8,LH_MCSLOCK,10,100000,true,1,true,false,true,false,true,96,true,false,TPCC,false, 85773, 0, 0, 0, 760857,0,0,0,0, 763773, 0, 7357.92,125063, 64.7774, 19.1523, 0, 0, 0, 0, 5.09986, 96.7045, 3.43021, 0, 0, 0, 0, 0, 1712557412, 7142.16, 9585432, 0, 48192, 10122006
50000,true,false,true,0,true,false,BAMBOO,false,2.8,LH_MCSLOCK,10,100000,true,1,true,false,true,false,true,96,true,false,TPCC,false, 211205, 0, 0, 0, 766055,0,0,0,0, 767221, 0, 7358.76,125093, 13.1528, 7053.88, 6945.6, 0, 0, 0, 5.16667, 7225.66, 14.155, 0, 0, 0, 0, 0, 0, 33.4465, 9588866, 0, 48287, 4825670
50000,true,false,true,0,true,false,NO_WAIT,false,2.8,LH_MCSLOCK,10,100000,true,1,true,false,true,false,true,96,true,false,TPCC,false, 136271064, 0, 0, 0, 90334,0,0,0,0, 1358276, 0, 12639.8,70801.5, 11797.7, 47.2483, 0, 0, 0, 0, 11.4302, 136.653, 11757.1, 0, 0, 0, 0, 0, 0, 0, 9322060, 0, 46645, 0
50000,true,false,true,0,true,false,WAIT_DIE,false,2.8,LH_MCSLOCK,10,100000,true,1,true,false,true,false,true,64,true,false,TPCC,false, 13290289, 0, 0, 0, 329955,0,0,0,0, 435210, 0, 2735.02,146796, 665.112, 13.3331, 0, 0, 0, 0, 4.22181, 59.4956, 1041.57, 0, 0, 0, 0, 0, 1467124032, 1567.33, 6273283, 0, 31816, 3928164
50000,true,false,true,0,true,false,SILO,false,2.8,LH_MCSLOCK,10,100000,true,1,true,false,true,false,true,64,true,false,TPCC,false, 12592623, 0, 0, 0, 72802,0,0,0,0, 347593, 0, 1242.53,184509, 981.74, 26.0641, 0, 0, 0, 0, 1.93578, 17.942, 1044.76, 0, 0, 0, 0, 0, 0, 0, 3582160, 0, 17950, 0
50000,true,false,true,0,true,false,WOUND_WAIT,false,2.8,LH_MCSLOCK,10,100000,true,1,true,false,true,false,true,64,true,false,TPCC,false, 50070, 0, 0, 0, 411586,0,0,0,0, 412700, 0, 2652.77,154302, 20.3681, 9.55154, 0, 0, 0, 0, 3.45706, 48.175, 1.58833, 0, 0, 0, 0, 0, 1096551154, 2553.58, 6395728, 0, 32052, 6751391
50000,true,false,true,0,true,false,BAMBOO,false,2.8,LH_MCSLOCK,10,100000,true,1,true,false,true,false,true,64,true,false,TPCC,false, 142964, 0, 0, 0, 351534,0,0,0,0, 352098, 0, 2253.03,181683, 4.64671, 2094.21, 2045.57, 0, 0, 0, 3.50505, 2180.46, 9.10689, 0, 0, 0, 0, 0, 0, 16.4433, 6395907, 0, 32155, 3250656
50000,true,false,true,0,true,false,NO_WAIT,false,2.8,LH_MCSLOCK,10,100000,true,1,true,false,true,false,true,64,true,false,TPCC,false, 60318987, 0, 0, 0, 70852,0,0,0,0, 893120, 0, 5277.58,71777.3, 4858.21, 14.7772, 0, 0, 0, 0, 6.90074, 62.459, 5001.49, 0, 0, 0, 0, 0, 0, 0, 5918913, 0, 29633, 0
50000,true,false,true,0,true,false,WAIT_DIE,false,2.8,LH_MCSLOCK,10,100000,true,1,true,false,true,false,true,32,true,false,TPCC,false, 5908002, 0, 0, 0, 164727,0,0,0,0, 251314, 0, 796.82,127113, 275.427, 5.29398, 0, 0, 0, 0, 2.54763, 25.9964, 467.131, 0, 0, 0, 0, 0, 812963026, 271.205, 3165194, 0, 15987, 1949439
50000,true,false,true,0,true,false,SILO,false,2.8,LH_MCSLOCK,10,100000,true,1,true,false,true,false,true,32,true,false,TPCC,false, 4854939, 0, 0, 0, 62337,0,0,0,0, 176533, 0, 475.236,181551, 307.161, 11.3995, 0, 0, 0, 0, 1.31448, 10.6804, 394.132, 0, 0, 0, 0, 0, 0, 0, 2696230, 0, 13722, 0
50000,true,false,true,0,true,false,WOUND_WAIT,false,2.8,LH_MCSLOCK,10,100000,true,1,true,false,true,false,true,32,true,false,TPCC,false, 24572, 0, 0, 0, 194573,0,0,0,0, 195048, 0, 626.899,163237, 4.66995, 4.12507, 0, 0, 0, 0, 1.76088, 20.2588, 0.741193, 0, 0, 0, 0, 0, 551694822, 587.043, 3197916, 0, 16186, 3375761
50000,true,false,true,0,true,false,BAMBOO,false,2.8,LH_MCSLOCK,10,100000,true,1,true,false,true,false,true,32,true,false,TPCC,false, 84403, 0, 0, 0, 119331,0,0,0,0, 119848, 0, 383.527,266687, 2.10838, 315.034, 298.552, 0, 0, 0, 1.71739, 348.274, 5.50944, 0, 0, 0, 0, 0, 0, 7.89952, 3196302, 0, 16189, 1735681
50000,true,false,true,0,true,false,NO_WAIT,false,2.8,LH_MCSLOCK,10,100000,true,1,true,false,true,false,true,32,true,false,TPCC,false, 15173718, 0, 0, 0, 50491,0,0,0,0, 438908, 0, 1317.13,72998.3, 1165.42, 4.77856, 0, 0, 0, 0, 3.23761, 25.3131, 1234.1, 0, 0, 0, 0, 0, 0, 0, 3004623, 0, 15137, 0
50000,true,false,true,0,true,false,WAIT_DIE,false,2.8,LH_MCSLOCK,10,100000,true,1,true,false,true,false,true,16,true,false,TPCC,false, 2123509, 0, 0, 0, 101646,0,0,0,0, 152728, 0, 241.668,104548, 81.155, 2.34372, 0, 0, 0, 0, 1.40423, 12.6027, 169.759, 0, 0, 0, 0, 0, 414057320, 43.2343, 1579126, 0, 8012, 864495
50000,true,false,true,0,true,false,SILO,false,2.8,LH_MCSLOCK,10,100000,true,1,true,false,true,false,true,16,true,false,TPCC,false, 1292840, 0, 0, 0, 50079,0,0,0,0, 104877, 0, 132.511,152776, 69.1468, 3.94686, 0, 0, 0, 0, 0.621842, 4.75823, 104.52, 0, 0, 0, 0, 0, 0, 0, 1265288, 0, 6363, 0
50000,true,false,true,0,true,false,WOUND_WAIT,false,2.8,LH_MCSLOCK,10,100000,true,1,true,false,true,false,true,16,true,false,TPCC,false, 11752, 0, 0, 0, 94747,0,0,0,0, 94937, 0, 152.378,167691, 1.06425, 1.95418, 0, 0, 0, 0, 0.888984, 9.18915, 0.329468, 0, 0, 0, 0, 0, 271301228, 134.915, 1597022, 0, 8043, 1685384
50000,true,false,true,0,true,false,BAMBOO,false,2.8,LH_MCSLOCK,10,100000,true,1,true,false,true,false,true,16,true,false,TPCC,false, 49600, 0, 0, 0, 46713,0,0,0,0, 47276, 0, 75.5607,337425, 1.12306, 43.3841, 36.9671, 0, 0, 0, 0.848534, 57.602, 3.33667, 0, 0, 0, 0, 0, 0, 3.89841, 1593502, 0, 8176, 947949
50000,true,false,true,0,true,false,NO_WAIT,false,2.8,LH_MCSLOCK,10,100000,true,1,true,false,true,false,true,16,true,false,TPCC,false, 4032346, 0, 0, 0, 37454,0,0,0,0, 241439, 0, 363.196,66333.7, 306.799, 2.21221, 0, 0, 0, 0, 1.65144, 12.6049, 328.899, 0, 0, 0, 0, 0, 0, 0, 1505759, 0, 7618, 0
50000,true,false,true,0,true,false,WAIT_DIE,false,2.8,LH_MCSLOCK,10,100000,true,1,true,false,true,false,true,8,true,false,TPCC,false, 617187, 0, 0, 0, 68980,0,0,0,0, 89191, 0, 69.4778,89477.2, 15.8738, 0.967211, 0, 0, 0, 0, 0.753124, 5.79795, 49.6967, 0, 0, 0, 0, 0, 192234374, 6.60193, 777085, 0, 3931, 314149
50000,true,false,true,0,true,false,SILO,false,2.8,LH_MCSLOCK,10,100000,true,1,true,false,true,false,true,8,true,false,TPCC,false, 255229, 0, 0, 0, 36526,0,0,0,0, 60207, 0, 28.1693,132946, 11.0702, 1.02789, 0, 0, 0, 0, 0.221172, 1.61643, 20.4739, 0, 0, 0, 0, 0, 0, 0, 468125, 0, 2341, 0
50000,true,false,true,0,true,false,WOUND_WAIT,false,2.8,LH_MCSLOCK,10,100000,true,1,true,false,true,false,true,8,true,false,TPCC,false, 6515, 0, 0, 0, 47532,0,0,0,0, 47632, 0, 38.2504,167102, 0.27329, 0.971674, 0, 0, 0, 0, 0.448558, 4.37443, 0.210788, 0, 0, 0, 0, 0, 139725454, 29.9166, 798966, 0, 4077, 839601
50000,true,false,true,0,true,false,BAMBOO,false,2.8,LH_MCSLOCK,10,100000,true,1,true,false,true,false,true,8,true,false,TPCC,false, 15805, 0, 0, 0, 22095,0,0,0,0, 22310, 0, 17.8209,357040, 0.24763, 6.19089, 4.38399, 0, 0, 0, 0.438545, 11.819, 0.969606, 0, 0, 0, 0, 0, 0, 0.490159, 795349, 0, 3920, 313473
50000,true,false,true,0,true,false,NO_WAIT,false,2.8,LH_MCSLOCK,10,100000,true,1,true,false,true,false,true,8,true,false,TPCC,false, 883472, 0, 0, 0, 24380,0,0,0,0, 110648, 0, 84.0352,72309.3, 65.5166, 0.796368, 0, 0, 0, 0, 0.755834, 5.24331, 71.1908, 0, 0, 0, 0, 0, 0, 0, 759566, 0, 3890, 0
50000,true,false,true,0,true,false,WAIT_DIE,false,2.8,LH_MCSLOCK,10,100000,true,1,true,false,true,false,true,4,true,false,TPCC,false, 144933, 0, 0, 0, 41423,0,0,0,0, 45701, 0, 18.092,87205.2, 1.75319, 0.349281, 0, 0, 0, 0, 0.374034, 2.30425, 11.6305, 0, 0, 0, 0, 0, 82838764, 0.942035, 394430, 0, 1993, 89522
50000,true,false,true,0,true,false,SILO,false,2.8,LH_MCSLOCK,10,100000,true,1,true,false,true,false,true,4,true,false,TPCC,false, 93833, 0, 0, 0, 23506,0,0,0,0, 32590, 0, 11.8792,122651, 3.31688, 0.551714, 0, 0, 0, 0, 0.172584, 1.07749, 7.40524, 0, 0, 0, 0, 0, 0, 0, 364250, 0, 1793, 0
50000,true,false,true,0,true,false,WOUND_WAIT,false,2.8,LH_MCSLOCK,10,100000,true,1,true,false,true,false,true,4,true,false,TPCC,false, 4019, 0, 0, 0, 23071,0,0,0,0, 23129, 0, 9.21419,172102, 0.0676979, 0.407074, 0, 0, 0, 0, 0.223636, 1.82247, 0.175695, 0, 0, 0, 0, 0, 69094644, 5.41247, 396446, 0, 1905, 387879
50000,true,false,true,0,true,false,BAMBOO,false,2.8,LH_MCSLOCK,10,100000,true,1,true,false,true,false,true,4,true,false,TPCC,false, 4285, 0, 0, 0, 16537,0,0,0,0, 16608, 0, 6.6487,239659, 0.0608176, 1.84807, 1.24406, 0, 0, 0, 0.223987, 4.27519, 0.197459, 0, 0, 0, 0, 0, 0, 0.112756, 398356, 0, 1938, 90050
50000,true,false,true,0,true,false,NO_WAIT,false,2.8,LH_MCSLOCK,10,100000,true,1,true,false,true,false,true,4,true,false,TPCC,false, 165800, 0, 0, 0, 15915,0,0,0,0, 48118, 0, 17.9874,83010.6, 12.0463, 0.286118, 0, 0, 0, 0, 0.333157, 1.98532, 13.141, 0, 0, 0, 0, 0, 0, 0, 373286, 0, 1885, 0
50000,true,false,true,0,true,false,WAIT_DIE,false,2.8,LH_MCSLOCK,10,100000,true,1,true,false,true,false,true,2,true,false,TPCC,false, 21933, 0, 0, 0, 19128,0,0,0,0, 19281, 0, 3.83247,103129, 0.0522687, 0.0954098, 0, 0, 0, 0, 0.162753, 0.892974, 1.70862, 0, 0, 0, 0, 0, 31859266, 0.099336, 197620, 0, 987, 14855
50000,true,false,true,0,true,false,SILO,false,2.8,LH_MCSLOCK,10,100000,true,1,true,false,true,false,true,2,true,false,TPCC,false, 18168, 0, 0, 0, 14083,0,0,0,0, 16600, 0, 3.28777,120178, 0.505479, 0.204351, 0, 0, 0, 0, 0.0768571, 0.577312, 1.37062, 0, 0, 0, 0, 0, 0, 0, 197559, 0, 980, 0
50000,true,false,true,0,true,false,WOUND_WAIT,false,2.8,LH_MCSLOCK,10,100000,true,1,true,false,true,false,true,2,true,false,TPCC,false, 3231, 0, 0, 0, 12772,0,0,0,0, 12823, 0, 2.53659,155100, 0.0239972, 0.134472, 0, 0, 0, 0, 0.136434, 0.773411, 0.180427, 0, 0, 0, 0, 0, 32546632, 0.666516, 196712, 0, 1013, 129853
50000,true,false,true,0,true,false,BAMBOO,false,2.8,LH_MCSLOCK,10,100000,true,1,true,false,true,false,true,2,true,false,TPCC,false, 1132, 0, 0, 0, 12609,0,0,0,0, 12619, 0, 2.53392,157568, 0.0166764, 0.496613, 0.342908, 0, 0, 0, 0.154708, 1.54898, 0.0184984, 0, 0, 0, 0, 0, 0, 0.016373, 199632, 0, 955, 14395
50000,true,false,true,0,true,false,NO_WAIT,false,2.8,LH_MCSLOCK,10,100000,true,1,true,false,true,false,true,2,true,false,TPCC,false, 21495, 0, 0, 0, 10817,0,0,0,0, 19469, 0, 3.32689,102303, 1.48611, 0.0801723, 0, 0, 0, 0, 0.129413, 0.733409, 1.63188, 0, 0, 0, 0, 0, 0, 0, 170175, 0, 806, 0
50000,true,false,true,0,true,false,WAIT_DIE,false,2.8,LH_MCSLOCK,10,100000,true,1,true,false,true,false,true,1,true,false,TPCC,false, 501, 0, 0, 0, 5999,0,0,0,0, 5999, 0, 0.604082,165540, 0.00416841, 0.0121523, 0, 0, 0, 0, 0.0563317, 0.133745, 0.0200347, 0, 0, 0, 0, 0, 17077396, 0, 100000, 0, 501, 0
50000,true,false,true,0,true,false,SILO,false,2.8,LH_MCSLOCK,10,100000,true,1,true,false,true,false,true,1,true,false,TPCC,false, 501, 0, 0, 0, 7037,0,0,0,0, 7037, 0, 0.708327,141178, 0.00452931, 0.0533264, 0, 0, 0, 0, 0.0314757, 0.227637, 0.00215508, 0, 0, 0, 0, 0, 0, 0, 100000, 0, 501, 0
50000,true,false,true,0,true,false,WOUND_WAIT,false,2.8,LH_MCSLOCK,10,100000,true,1,true,false,true,false,true,1,true,false,TPCC,false, 501, 0, 0, 0, 5940,0,0,0,0, 5940, 0, 0.597986,167228, 0.00396702, 0.0216034, 0, 0, 0, 0, 0.0502641, 0.1394, 0.00207844, 0, 0, 0, 0, 0, 15478254, 0, 100000, 0, 501, 0
50000,true,false,true,0,true,false,BAMBOO,false,2.8,LH_MCSLOCK,10,100000,true,1,true,false,true,false,true,1,true,false,TPCC,false, 501, 0, 0, 0, 6482,0,0,0,0, 6482, 0, 0.652676,153215, 0.00439062, 0.0276531, 0.00247186, 0, 0, 0, 0.0497885, 0.213896, 0.00206966, 0, 0, 0, 0, 0, 0, 0, 100000, 0, 501, 0
50000,true,false,true,0,true,false,NO_WAIT,false,2.8,LH_MCSLOCK,10,100000,true,1,true,false,true,false,true,1,true,false,TPCC,false, 501, 0, 0, 0, 5672,0,0,0,0, 5672, 0, 0.571138,175089, 0.00389366, 0.0131725, 0, 0, 0, 0, 0.0504091, 0.134032, 0.00203314, 0, 0, 0, 0, 0, 0, 0, 100000, 0, 501, 0
50000,true,false,true,0,true,false,WAIT_DIE,false,2.8,LH_MCSLOCK,10,100000,true,1,true,false,true,false,true,120,true,false,TPCC,false, 24023450, 0, 0, 0, 686938,0,0,0,0, 804494, 0, 8542.11,148922, 1259.95, 23.3799, 0, 0, 0, 0, 5.57249, 102.66, 1889.17, 0, 0, 0, 0, 0, 2044660096, 6431.55, 10600892, 0, 52891, 6647547
50000,true,false,true,0,true,false,SILO,false,2.8,LH_MCSLOCK,10,100000,true,1,true,false,true,false,true,120,true,false,TPCC,false, 67077326, 0, 0, 0, 80252,0,0,0,0, 644019, 0, 6795.74,186758, 5946.96, 114.395, 0, 0, 0, 0, 5.81172, 58.6281, 5795.83, 0, 0, 0, 0, 0, 0, 0, 10576352, 0, 53162, 0
50000,true,false,true,0,true,false,WOUND_WAIT,false,2.8,LH_MCSLOCK,10,100000,true,1,true,false,true,false,true,120,true,false,TPCC,false, 99852, 0, 0, 0, 1025164,0,0,0,0, 1028547, 0, 12393.9,116089, 102.203, 28.1244, 0, 0, 0, 0, 6.31627, 139.319, 3.86147, 0, 0, 0, 0, 0, 2135567516, 12084.2, 11989996, 0, 60049, 12659460
50000,true,false,true,0,true,false,BAMBOO,false,2.8,LH_MCSLOCK,10,100000,true,1,true,false,true,false,true,120,true,false,TPCC,false, 284759, 0, 0, 0, 1243028,0,0,0,0, 1245940, 0, 14950.7,96293.9, 37.8704, 14480.5, 14308.5, 0, 0, 0, 6.33272, 14730, 20.4599, 0, 0, 0, 0, 0, 0, 64.8778, 11997160, 0, 60413, 6078810
50000,true,false,true,0,true,false,NO_WAIT,false,2.8,LH_MCSLOCK,10,100000,true,1,true,false,true,false,true,120,true,false,TPCC,false, 211715591, 0, 0, 0, 103722,0,0,0,0, 1804708, 0, 21208.5,66588.8, 19987.8, 119.423, 0, 0, 0, 0, 13.9123, 263.505, 18786.6, 0, 0, 0, 0, 0, 0, 0, 11768720, 0, 58532, 0
50000,true,false,true,0,true,false,WAIT_DIE,false,2.8,LH_MCSLOCK,10,100000,true,1,true,false,true,false,true,96,true,false,TPCC,false, 19450318, 0, 0, 0, 504338,0,0,0,0, 612866, 0, 5529.2,156393, 986.343, 18.3251, 0, 0, 0, 0, 4.85095, 81.1675, 1522.63, 0, 0, 0, 0, 0, 1755335884, 3830.1, 9007562, 0, 45263, 5657789
50000,true,false,true,0,true,false,SILO,false,2.8,LH_MCSLOCK,10,100000,true,1,true,false,true,false,true,96,true,false,TPCC,false, 14758723, 0, 0, 0, 75839,0,0,0,0, 510429, 0, 1478.07,188496, 1257.97, 26.1328, 0, 0, 0, 0, 1.55863, 15.0137, 1252.57, 0, 0, 0, 0, 0, 0, 0, 2902195, 0, 14671, 0
50000,true,false,true,0,true,false,WOUND_WAIT,false,2.8,LH_MCSLOCK,10,100000,true,1,true,false,true,false,true,96,true,false,TPCC,false, 83039, 0, 0, 0, 744680,0,0,0,0, 747350, 0, 7200.02,127811, 61.6073, 19.4137, 0, 0, 0, 0, 5.05148, 96.5006, 3.20615, 0, 0, 0, 0, 0, 1715734512, 6989.84, 9585871, 0, 48080, 10121055
50000,true,false,true,0,true,false,BAMBOO,false,2.8,LH_MCSLOCK,10,100000,true,1,true,false,true,false,true,96,true,false,TPCC,false, 210723, 0, 0, 0, 777046,0,0,0,0, 778256, 0, 7464.64,123320, 13.5943, 7154.87, 7044.87, 0, 0, 0, 5.16472, 7328.97, 14.1293, 0, 0, 0, 0, 0, 0, 34.7911, 9588931, 0, 48055, 4873988
50000,true,false,true,0,true,false,NO_WAIT,false,2.8,LH_MCSLOCK,10,100000,true,1,true,false,true,false,true,96,true,false,TPCC,false, 137507800, 0, 0, 0, 91203,0,0,0,0, 1378978, 0, 12663.9,69739.2, 11824.8, 51.1106, 0, 0, 0, 0, 11.6004, 142.475, 11720.4, 0, 0, 0, 0, 0, 0, 0, 9199659, 0, 46337, 0
50000,true,false,true,0,true,false,WAIT_DIE,false,2.8,LH_MCSLOCK,10,100000,true,1,true,false,true,false,true,64,true,false,TPCC,false, 13226148, 0, 0, 0, 328995,0,0,0,0, 434192, 0, 2715.61,147150, 661.434, 12.8201, 0, 0, 0, 0, 4.14324, 58.0528, 1036.76, 0, 0, 0, 0, 0, 1498263500, 1555.21, 6243774, 0, 31416, 3910226
50000,true,false,true,0,true,false,SILO,false,2.8,LH_MCSLOCK,10,100000,true,1,true,false,true,false,true,64,true,false,TPCC,false, 13756911, 0, 0, 0, 72043,0,0,0,0, 337777, 0, 1350.36,189884, 1061.72, 27.6666, 0, 0, 0, 0, 2.11144, 19.4182, 1139.69, 0, 0, 0, 0, 0, 0, 0, 4006440, 0, 20286, 0
50000,true,false,true,0,true,false,WOUND_WAIT,false,2.8,LH_MCSLOCK,10,100000,true,1,true,false,true,false,true,64,true,false,TPCC,false, 50229, 0, 0, 0, 411423,0,0,0,0, 412536, 0, 2650.61,154360, 20.4056, 9.71099, 0, 0, 0, 0, 3.55318, 48.6134, 1.59219, 0, 0, 0, 0, 0, 1089222736, 2550.87, 6392947, 0, 32220, 6748548
50000,true,false,true,0,true,false,BAMBOO,false,2.8,LH_MCSLOCK,10,100000,true,1,true,false,true,false,true,64,true,false,TPCC,false, 145179, 0, 0, 0, 349651,0,0,0,0, 350219, 0, 2240.82,182657, 4.67628, 2082.34, 2033.9, 0, 0, 0, 3.49382, 2168.22, 9.27792, 0, 0, 0, 0, 0, 0, 16.4056, 6395347, 0, 32261, 3248502
50000,true,false,true,0,true,false,NO_WAIT,false,2.8,LH_MCSLOCK,10,100000,true,1,true,false,true,false,true,64,true,false,TPCC,false, 62041610, 0, 0, 0, 73592,0,0,0,0, 923234, 0, 5445.28,69445.4, 5010.45, 16.1138, 0, 0, 0, 0, 7.38981, 66.3089, 5147.23, 0, 0, 0, 0, 0, 0, 0, 5908583, 0, 29612, 0
50000,true,false,true,0,true,false,WAIT_DIE,false,2.8,LH_MCSLOCK,10,100000,true,1,true,false,true,false,true,32,true,false,TPCC,false, 5862613, 0, 0, 0, 163203,0,0,0,0, 248395, 0, 789.241,128592, 271.628, 5.39914, 0, 0, 0, 0, 2.51513, 26.2457, 463.335, 0, 0, 0, 0, 0, 831394700, 267.399, 3171571, 0, 16145, 1952235
50000,true,false,true,0,true,false,SILO,false,2.8,LH_MCSLOCK,10,100000,true,1,true,false,true,false,true,32,true,false,TPCC,false, 4353140, 0, 0, 0, 58645,0,0,0,0, 157719, 0, 416.304,203139, 261.319, 8.99238, 0, 0, 0, 0, 1.12832, 8.88559, 349.836, 0, 0, 0, 0, 0, 0, 0, 2642734, 0, 13355, 0
50000,true,false,true,0,true,false,WOUND_WAIT,false,2.8,LH_MCSLOCK,10,100000,true,1,true,false,true,false,true,32,true,false,TPCC,false, 23937, 0, 0, 0, 193113,0,0,0,0, 193552, 0, 622.1,164502, 4.52066, 4.09281, 0, 0, 0, 0, 1.72394, 20.1371, 0.692793, 0, 0, 0, 0, 0, 562856132, 582.71, 3198014, 0, 16126, 3375367
50000,true,false,true,0,true,false,BAMBOO,false,2.8,LH_MCSLOCK,10,100000,true,1,true,false,true,false,true,32,true,false,TPCC,false, 82684, 0, 0, 0, 121111,0,0,0,0, 121626, 0, 389.274,262794, 2.09911, 319.666, 302.949, 0, 0, 0, 1.73148, 353.24, 5.4195, 0, 0, 0, 0, 0, 0, 8.25988, 3196842, 0, 15778, 1749279
50000,true,false,true,0,true,false,NO_WAIT,false,2.8,LH_MCSLOCK,10,100000,true,1,true,false,true,false,true,32,true,false,TPCC,false, 14849080, 0, 0, 0, 50291,0,0,0,0, 436428, 0, 1288.3,73413.3, 1139.66, 4.76862, 0, 0, 0, 0, 3.17102, 25.2003, 1206.94, 0, 0, 0, 0, 0, 0, 0, 2955572, 0, 14836, 0
50000,true,false,true,0,true,false,WAIT_DIE,false,2.8,LH_MCSLOCK,10,100000,true,1,true,false,true,false,true,16,true,false,TPCC,false, 2192639, 0, 0, 0, 107340,0,0,0,0, 161630, 0, 256.243,98804, 86.3915, 2.52837, 0, 0, 0, 0, 1.49095, 13.5751, 176.502, 0, 0, 0, 0, 0, 431410068, 48.9379, 1582365, 0, 7850, 876364
50000,true,false,true,0,true,false,SILO,false,2.8,LH_MCSLOCK,10,100000,true,1,true,false,true,false,true,16,true,false,TPCC,false, 1158580, 0, 0, 0, 47445,0,0,0,0, 94612, 0, 116.186,169274, 57.8656, 3.35879, 0, 0, 0, 0, 0.538394, 4.10221, 92.7952, 0, 0, 0, 0, 0, 0, 0, 1229203, 0, 6158, 0
50000,true,false,true,0,true,false,WOUND_WAIT,false,2.8,LH_MCSLOCK,10,100000,true,1,true,false,true,false,true,16,true,false,TPCC,false, 12124, 0, 0, 0, 94603,0,0,0,0, 94805, 0, 152.332,167908, 1.0982, 1.93586, 0, 0, 0, 0, 0.871894, 9.18078, 0.347723, 0, 0, 0, 0, 0, 274533540, 134.799, 1598612, 0, 8191, 1687447
50000,true,false,true,0,true,false,BAMBOO,false,2.8,LH_MCSLOCK,10,100000,true,1,true,false,true,false,true,16,true,false,TPCC,false, 48650, 0, 0, 0, 45686,0,0,0,0, 46233, 0, 73.8811,345115, 1.07545, 42.0983, 35.8569, 0, 0, 0, 0.875289, 56.0928, 3.28525, 0, 0, 0, 0, 0, 0, 3.77604, 1593591, 0, 7891, 932157
50000,true,false,true,0,true,false,NO_WAIT,false,2.8,LH_MCSLOCK,10,100000,true,1,true,false,true,false,true,16,true,false,TPCC,false, 3845927, 0, 0, 0, 36146,0,0,0,0, 229625, 0, 344.722,69740.9, 290.41, 2.06655, 0, 0, 0, 0, 1.59329, 11.9113, 312.863, 0, 0, 0, 0, 0, 0, 0, 1502576, 0, 7583, 0
50000,true,false,true,0,true,false,WAIT_DIE,false,2.8,LH_MCSLOCK,10,100000,true,1,true,false,true,false,true,8,true,false,TPCC,false, 611895, 0, 0, 0, 68004,0,0,0,0, 88078, 0, 68.5622,90626.8, 15.7432, 0.923704, 0, 0, 0, 0, 0.738347, 5.6162, 49.3035, 0, 0, 0, 0, 0, 193241430, 6.33913, 776697, 0, 3888, 311405
50000,true,false,true,0,true,false,SILO,false,2.8,LH_MCSLOCK,10,100000,true,1,true,false,true,false,true,8,true,false,TPCC,false, 292367, 0, 0, 0, 34338,0,0,0,0, 55773, 0, 31.6224,143484, 12.1469, 1.10429, 0, 0, 0, 0, 0.244683, 1.79954, 23.2338, 0, 0, 0, 0, 0, 0, 0, 567164, 0, 2974, 0
50000,true,false,true,0,true,false,WOUND_WAIT,false,2.8,LH_MCSLOCK,10,100000,true,1,true,false,true,false,true,8,true,false,TPCC,false, 6480, 0, 0, 0, 47529,0,0,0,0, 47626, 0, 38.1974,167123, 0.271017, 0.97476, 0, 0, 0, 0, 0.443145, 4.37477, 0.209927, 0, 0, 0, 0, 0, 139924668, 29.8871, 797959, 0, 4065, 838900
50000,true,false,true,0,true,false,BAMBOO,false,2.8,LH_MCSLOCK,10,100000,true,1,true,false,true,false,true,8,true,false,TPCC,false, 15694, 0, 0, 0, 22027,0,0,0,0, 22237, 0, 17.8185,358156, 0.246399, 6.22445, 4.39724, 0, 0, 0, 0.434982, 11.8706, 0.956106, 0, 0, 0, 0, 0, 0, 0.496167, 797726, 0, 3930, 309882
50000,true,false,true,0,true,false,NO_WAIT,false,2.8,LH_MCSLOCK,10,100000,true,1,true,false,true,false,true,8,true,false,TPCC,false, 909498, 0, 0, 0, 26609,0,0,0,0, 119092, 0, 87.3745,67200.4, 67.8447, 0.87327, 0, 0, 0, 0, 0.762506, 5.54257, 73.7547, 0, 0, 0, 0, 0, 0, 0, 733950, 0, 3628, 0
50000,true,false,true,0,true,false,WAIT_DIE,false,2.8,LH_MCSLOCK,10,100000,true,1,true,false,true,false,true,4,true,false,TPCC,false, 138314, 0, 0, 0, 40144,0,0,0,0, 44196, 0, 17.1658,90175.4, 1.63062, 0.330048, 0, 0, 0, 0, 0.359443, 2.22567, 11.0598, 0, 0, 0, 0, 0, 87565558, 0.882783, 386983, 0, 1978, 84994
50000,true,false,true,0,true,false,SILO,false,2.8,LH_MCSLOCK,10,100000,true,1,true,false,true,false,true,4,true,false,TPCC,false, 93298, 0, 0, 0, 23958,0,0,0,0, 33264, 0, 11.8526,120211, 3.31856, 0.567755, 0, 0, 0, 0, 0.167311, 1.10637, 7.361, 0, 0, 0, 0, 0, 0, 0, 356202, 0, 1810, 0
50000,true,false,true,0,true,false,WOUND_WAIT,false,2.8,LH_MCSLOCK,10,100000,true,1,true,false,true,false,true,4,true,false,TPCC,false, 4968, 0, 0, 0, 23466,0,0,0,0, 23551, 0, 9.34721,169024, 0.0784503, 0.407375, 0, 0, 0, 0, 0.243413, 1.81478, 0.253274, 0, 0, 0, 0, 0, 69604940, 5.41049, 394975, 0, 1892, 385528
50000,true,false,true,0,true,false,BAMBOO,false,2.8,LH_MCSLOCK,10,100000,true,1,true,false,true,false,true,4,true,false,TPCC,false, 4121, 0, 0, 0, 16375,0,0,0,0, 16441, 0, 6.58993,242089, 0.058737, 1.85205, 1.25063, 0, 0, 0, 0.219688, 4.25736, 0.182278, 0, 0, 0, 0, 0, 0, 0.113696, 398837, 0, 1958, 89897
50000,true,false,true,0,true,false,NO_WAIT,false,2.8,LH_MCSLOCK,10,100000,true,1,true,false,true,false,true,4,true,false,TPCC,false, 156710, 0, 0, 0, 15036,0,0,0,0, 45539, 0, 16.9303,87720.7, 11.3477, 0.2637, 0, 0, 0, 0, 0.314971, 1.87696, 12.3939, 0, 0, 0, 0, 0, 0, 0, 371285, 0, 1884, 0
50000,true,false,true,0,true,false,WAIT_DIE,false,2.8,LH_MCSLOCK,10,100000,true,1,true,false,true,false,true,2,true,false,TPCC,false, 21891, 0, 0, 0, 18930,0,0,0,0, 19076, 0, 3.81285,104277, 0.0495908, 0.0958871, 0, 0, 0, 0, 0.155061, 0.886431, 1.70979, 0, 0, 0, 0, 0, 34717694, 0.095623, 198797, 0, 960, 14744
50000,true,false,true,0,true,false,SILO,false,2.8,LH_MCSLOCK,10,100000,true,1,true,false,true,false,true,2,true,false,TPCC,false, 17936, 0, 0, 0, 14249,0,0,0,0, 16735, 0, 3.25213,119191, 0.490486, 0.202402, 0, 0, 0, 0, 0.0761699, 0.572665, 1.35375, 0, 0, 0, 0, 0, 0, 0, 193812, 0, 956, 0
50000,true,false,true,0,true,false,WOUND_WAIT,false,2.8,LH_MCSLOCK,10,100000,true,1,true,false,true,false,true,2,true,false,TPCC,false, 3199, 0, 0, 0, 12825,0,0,0,0, 12877, 0, 2.58755,154480, 0.0242488, 0.153666, 0, 0, 0, 0, 0.138184, 0.821144, 0.177605, 0, 0, 0, 0, 0, 35716164, 0.681955, 199862, 0, 1013, 132602
50000,true,false,true,0,true,false,BAMBOO,false,2.8,LH_MCSLOCK,10,100000,true,1,true,false,true,false,true,2,true,false,TPCC,false, 1195, 0, 0, 0, 12626,0,0,0,0, 12637, 0, 2.51446,157282, 0.0176861, 0.502408, 0.343814, 0, 0, 0, 0.149011, 1.54401, 0.0175453, 0, 0, 0, 0, 0, 0, 0.019924, 197740, 0, 1029, 16349
50000,true,false,true,0,true,false,NO_WAIT,false,2.8,LH_MCSLOCK,10,100000,true,1,true,false,true,false,true,2,true,false,TPCC,false, 21388, 0, 0, 0, 10671,0,0,0,0, 19272, 0, 3.30289,103351, 1.48152, 0.0801248, 0, 0, 0, 0, 0.126403, 0.729229, 1.6211, 0, 0, 0, 0, 0, 0, 0, 170679, 0, 850, 0
50000,true,false,true,0,true,false,WAIT_DIE,false,2.8,LH_MCSLOCK,10,100000,true,1,true,false,true,false,true,1,true,false,TPCC,false, 501, 0, 0, 0, 6109,0,0,0,0, 6109, 0, 0.615023,162596, 0.00409604, 0.0121848, 0, 0, 0, 0, 0.0543329, 0.134012, 0.0198179, 0, 0, 0, 0, 0, 16881522, 0, 100000, 0, 501, 0
50000,true,false,true,0,true,false,SILO,false,2.8,LH_MCSLOCK,10,100000,true,1,true,false,true,false,true,1,true,false,TPCC,false, 501, 0, 0, 0, 7147,0,0,0,0, 7147, 0, 0.719436,138998, 0.00465137, 0.0534472, 0, 0, 0, 0, 0.0324657, 0.229708, 0.00215603, 0, 0, 0, 0, 0, 0, 0, 100000, 0, 501, 0
50000,true,false,true,0,true,false,WOUND_WAIT,false,2.8,LH_MCSLOCK,10,100000,true,1,true,false,true,false,true,1,true,false,TPCC,false, 501, 0, 0, 0, 5604,0,0,0,0, 5604, 0, 0.564067,177284, 0.00364481, 0.0215029, 0, 0, 0, 0, 0.0476904, 0.131049, 0.00205767, 0, 0, 0, 0, 0, 14359472, 0, 100000, 0, 501, 0
50000,true,false,true,0,true,false,BAMBOO,false,2.8,LH_MCSLOCK,10,100000,true,1,true,false,true,false,true,1,true,false,TPCC,false, 501, 0, 0, 0, 6456,0,0,0,0, 6456, 0, 0.649898,153870, 0.00427152, 0.0277762, 0.00246165, 0, 0, 0, 0.0487359, 0.213442, 0.00208627, 0, 0, 0, 0, 0, 0, 0, 100000, 0, 501, 0
50000,true,false,true,0,true,false,NO_WAIT,false,2.8,LH_MCSLOCK,10,100000,true,1,true,false,true,false,true,1,true,false,TPCC,false, 501, 0, 0, 0, 5674,0,0,0,0, 5674, 0, 0.571476,174986, 0.00397961, 0.0129045, 0, 0, 0, 0, 0.0504961, 0.128064, 0.00205202, 0, 0, 0, 0, 0, 0, 0, 100000, 0, 501, 0
50000,true,false,true,0,true,false,WAIT_DIE,false,2.8,LH_MCSLOCK,10,100000,true,1,true,false,true,false,true,120,true,false,TPCC,false, 23197081, 0, 0, 0, 684763,0,0,0,0, 801950, 0, 8256.33,149381, 1218.45, 23.2045, 0, 0, 0, 0, 5.43726, 101.04, 1823.39, 0, 0, 0, 0, 0, 1998590504, 6212, 10277821, 0, 51675, 6446540
50000,true,false,true,0,true,false,SILO,false,2.8,LH_MCSLOCK,10,100000,true,1,true,false,true,false,true,120,true,false,TPCC,false, 68913138, 0, 0, 0, 79990,0,0,0,0, 646487, 0, 6986.56,186039, 6120.14, 118.068, 0, 0, 0, 0, 5.91123, 60.4746, 5956.06, 0, 0, 0, 0, 0, 0, 0, 10831450, 0, 54253, 0
50000,true,false,true,0,true,false,WOUND_WAIT,false,2.8,LH_MCSLOCK,10,100000,true,1,true,false,true,false,true,120,true,false,TPCC,false, 100140, 0, 0, 0, 1032756,0,0,0,0, 1036143, 0, 12488.1,115231, 103.506, 28.8246, 0, 0, 0, 0, 6.26934, 142.799, 3.88093, 0, 0, 0, 0, 0, 2140519666, 12173.4, 11991806, 0, 60595, 12662118
50000,true,false,true,0,true,false,BAMBOO,false,2.8,LH_MCSLOCK,10,100000,true,1,true,false,true,false,true,120,true,false,TPCC,false, 287029, 0, 0, 0, 1224259,0,0,0,0, 1227189, 0, 14724.3,97764.6, 38.1247, 14252.4, 14082.6, 0, 0, 0, 6.4566, 14501.2, 20.6578, 0, 0, 0, 0, 0, 0, 65.1707, 11995976, 0, 60010, 6145071
50000,true,false,true,0,true,false,NO_WAIT,false,2.8,LH_MCSLOCK,10,100000,true,1,true,false,true,false,true,120,true,false,TPCC,false, 212848402, 0, 0, 0, 104062,0,0,0,0, 1813507, 0, 21320.5,66265.7, 20095.3, 122.696, 0, 0, 0, 0, 14.0038, 268.759, 18818.8, 0, 0, 0, 0, 0, 0, 0, 11773460, 0, 59658, 0
50000,true,false,true,0,true,false,WAIT_DIE,false,2.8,LH_MCSLOCK,10,100000,true,1,true,false,true,false,true,96,true,false,TPCC,false, 19842120, 0, 0, 0, 524184,0,0,0,0, 634835, 0, 5780.26,150997, 1014.53, 19.4892, 0, 0, 0, 0, 5.14223, 85.7258, 1556.05, 0, 0, 0, 0, 0, 1812273116, 4039.51, 9091700, 0, 45920, 5697999
50000,true,false,true,0,true,false,SILO,false,2.8,LH_MCSLOCK,10,100000,true,1,true,false,true,false,true,96,true,false,TPCC,false, 38674138, 0, 0, 0, 76807,0,0,0,0, 509252, 0, 3848.55,188960, 3266.72, 68.2164, 0, 0, 0, 0, 4.09396, 39.1092, 3270.01, 0, 0, 0, 0, 0, 0, 0, 7575220, 0, 37706, 0
50000,true,false,true,0,true,false,WOUND_WAIT,false,2.8,LH_MCSLOCK,10,100000,true,1,true,false,true,false,true,96,true,false,TPCC,false, 87491, 0, 0, 0, 750503,0,0,0,0, 753523, 0, 7259.27,126762, 65.3545, 19.2703, 0, 0, 0, 0, 5.15634, 96.4327, 3.49113, 0, 0, 0, 0, 0, 1758471260, 7044.21, 9585450, 0, 48234, 10122708
50000,true,false,true,0,true,false,BAMBOO,false,2.8,LH_MCSLOCK,10,100000,true,1,true,false,true,false,true,96,true,false,TPCC,false, 211796, 0, 0, 0, 764831,0,0,0,0, 766034, 0, 7347.99,125287, 13.5032, 7043.3, 6935.31, 0, 0, 0, 5.17784, 7214.1, 14.2222, 0, 0, 0, 0, 0, 0, 34.0353, 9589681, 0, 48233, 4795073
50000,true,false,true,0,true,false,NO_WAIT,false,2.8,LH_MCSLOCK,10,100000,true,1,true,false,true,false,true,96,true,false,TPCC,false, 136790960, 0, 0, 0, 90300,0,0,0,0, 1359698, 0, 12603.9,70727.8, 11765.4, 48.1495, 0, 0, 0, 0, 11.5968, 138.753, 11701.9, 0, 0, 0, 0, 0, 0, 0, 9285893, 0, 46771, 0
50000,true,false,true,0,true,false,WAIT_DIE,false,2.8,LH_MCSLOCK,10,100000,true,1,true,false,true,false,true,64,true,false,TPCC,false, 13252202, 0, 0, 0, 324712,0,0,0,0, 428299, 0, 2709.18,149168, 658.806, 13.2318, 0, 0, 0, 0, 4.22198, 59.347, 1037.71, 0, 0, 0, 0, 0, 1493534382, 1546.1, 6314433, 0, 31704, 3953005
50000,true,false,true,0,true,false,SILO,false,2.8,LH_MCSLOCK,10,100000,true,1,true,false,true,false,true,64,true,false,TPCC,false, 14418232, 0, 0, 0, 73197,0,0,0,0, 351327, 0, 1428.68,182533, 1130.42, 30.2443, 0, 0, 0, 0, 2.24048, 20.6528, 1200.02, 0, 0, 0, 0, 0, 0, 0, 4074700, 0, 20625, 0
50000,true,false,true,0,true,false,WOUND_WAIT,false,2.8,LH_MCSLOCK,10,100000,true,1,true,false,true,false,true,64,true,false,TPCC,false, 50244, 0, 0, 0, 413234,0,0,0,0, 414351, 0, 2663.09,153683, 20.5082, 9.75261, 0, 0, 0, 0, 3.56412, 48.9976, 1.59115, 0, 0, 0, 0, 0, 1094178790, 2562.75, 6394856, 0, 32228, 6750876
50000,true,false,true,0,true,false,BAMBOO,false,2.8,LH_MCSLOCK,10,100000,true,1,true,false,true,false,true,64,true,false,TPCC,false, 145269, 0, 0, 0, 355919,0,0,0,0, 356489, 0, 2281,179446, 4.69818, 2122.41, 2073.25, 0, 0, 0, 3.50132, 2208.98, 9.25023, 0, 0, 0, 0, 0, 0, 16.1016, 6395570, 0, 32473, 3194891
50000,true,false,true,0,true,false,NO_WAIT,false,2.8,LH_MCSLOCK,10,100000,true,1,true,false,true,false,true,64,true,false,TPCC,false, 61689988, 0, 0, 0, 71414,0,0,0,0, 895391, 0, 5410.91,71599.4, 4978.61, 15.3938, 0, 0, 0, 0, 7.21753, 65.0973, 5127.97, 0, 0, 0, 0, 0, 0, 0, 6053407, 0, 30504, 0
50000,true,false,true,0,true,false,WAIT_DIE,false,2.8,LH_MCSLOCK,10,100000,true,1,true,false,true,false,true,32,true,false,TPCC,false, 5913516, 0, 0, 0, 163876,0,0,0,0, 250273, 0, 795.768,127636, 275.623, 5.27644, 0, 0, 0, 0, 2.50604, 25.9553, 467.759, 0, 0, 0, 0, 0, 820186852, 269.544, 3174008, 0, 16140, 1954612
50000,true,false,true,0,true,false,SILO,false,2.8,LH_MCSLOCK,10,100000,true,1,true,false,true,false,true,32,true,false,TPCC,false, 4179780, 0, 0, 0, 58689,0,0,0,0, 154896, 0, 397.884,206860, 246.93, 8.70287, 0, 0, 0, 0, 1.06885, 8.5047, 334.992, 0, 0, 0, 0, 0, 0, 0, 2572067, 0, 13119, 0
50000,true,false,true,0,true,false,WOUND_WAIT,false,2.8,LH_MCSLOCK,10,100000,true,1,true,false,true,false,true,32,true,false,TPCC,false, 23934, 0, 0, 0, 194921,0,0,0,0, 195353, 0, 627.916,162974, 4.5682, 4.15041, 0, 0, 0, 0, 1.73931, 20.2913, 0.677664, 0, 0, 0, 0, 0, 552365630, 588.31, 3197947, 0, 16318, 3375893
50000,true,false,true,0,true,false,BAMBOO,false,2.8,LH_MCSLOCK,10,100000,true,1,true,false,true,false,true,32,true,false,TPCC,false, 82968, 0, 0, 0, 118911,0,0,0,0, 119413, 0, 381.948,267663, 2.05197, 313.971, 297.584, 0, 0, 0, 1.71528, 346.877, 5.39973, 0, 0, 0, 0, 0, 0, 7.90835, 3194787, 0, 16077, 1733291
50000,true,false,true,0,true,false,NO_WAIT,false,2.8,LH_MCSLOCK,10,100000,true,1,true,false,true,false,true,32,true,false,TPCC,false, 16119424, 0, 0, 0, 52730,0,0,0,0, 468477, 0, 1413.08,68405.5, 1253.8, 5.26024, 0, 0, 0, 0, 3.47758, 27.5732, 1321.6, 0, 0, 0, 0, 0, 0, 0, 3020703, 0, 15037, 0
50000,true,false,true,0,true,false,WAIT_DIE,false,2.8,LH_MCSLOCK,10,100000,true,1,true,false,true,false,true,16,true,false,TPCC,false, 2163347, 0, 0, 0, 105152,0,0,0,0, 158024, 0, 250.287,101052, 84.0666, 2.49701, 0, 0, 0, 0, 1.49575, 13.3361, 173.431, 0, 0, 0, 0, 0, 432590688, 46.7802, 1580751, 0, 7990, 871857
50000,true,false,true,0,true,false,SILO,false,2.8,LH_MCSLOCK,10,100000,true,1,true,false,true,false,true,16,true,false,TPCC,false, 1247624, 0, 0, 0, 48468,0,0,0,0, 99894, 0, 126.758,160338, 65.1903, 3.66646, 0, 0, 0, 0, 0.587168, 4.47872, 100.541, 0, 0, 0, 0, 0, 0, 0, 1270261, 0, 6336, 0
50000,true,false,true,0,true,false,WOUND_WAIT,false,2.8,LH_MCSLOCK,10,100000,true,1,true,false,true,false,true,16,true,false,TPCC,false, 11968, 0, 0, 0, 95335,0,0,0,0, 95534, 0, 153.398,166631, 1.09455, 1.96189, 0, 0, 0, 0, 0.88152, 9.29496, 0.340002, 0, 0, 0, 0, 0, 269237402, 135.731, 1597555, 0, 8145, 1685949
50000,true,false,true,0,true,false,BAMBOO,false,2.8,LH_MCSLOCK,10,100000,true,1,true,false,true,false,true,16,true,false,TPCC,false, 48830, 0, 0, 0, 45732,0,0,0,0, 46284, 0, 73.9485,344717, 1.08705, 42.2821, 36.0199, 0, 0, 0, 0.849003, 56.2469, 3.29769, 0, 0, 0, 0, 0, 0, 3.78722, 1593208, 0, 7937, 940302
50000,true,false,true,0,true,false,NO_WAIT,false,2.8,LH_MCSLOCK,10,100000,true,1,true,false,true,false,true,16,true,false,TPCC,false, 3827133, 0, 0, 0, 36313,0,0,0,0, 230266, 0, 342.703,69544.3, 288.612, 2.07035, 0, 0, 0, 0, 1.54425, 11.9261, 310.627, 0, 0, 0, 0, 0, 0, 0, 1489564, 0, 7561, 0
50000,true,false,true,0,true,false,WAIT_DIE,false,2.8,LH_MCSLOCK,10,100000,true,1,true,false,true,false,true,8,true,false,TPCC,false, 623614, 0, 0, 0, 68860,0,0,0,0, 88931, 0, 70.2602,89747, 15.984, 0.974223, 0, 0, 0, 0, 0.782547, 5.92924, 50.2366, 0, 0, 0, 0, 0, 216975598, 6.62689, 788205, 0, 3911, 317126
50000,true,false,true,0,true,false,SILO,false,2.8,LH_MCSLOCK,10,100000,true,1,true,false,true,false,true,8,true,false,TPCC,false, 330764, 0, 0, 0, 34176,0,0,0,0, 55267, 0, 35.766,144804, 13.6405, 1.20783, 0, 0, 0, 0, 0.278717, 2.01325, 26.3227, 0, 0, 0, 0, 0, 0, 0, 647381, 0, 3234, 0
50000,true,false,true,0,true,false,WOUND_WAIT,false,2.8,LH_MCSLOCK,10,100000,true,1,true,false,true,false,true,8,true,false,TPCC,false, 6350, 0, 0, 0, 47562,0,0,0,0, 47657, 0, 38.2182,167031, 0.26585, 0.962391, 0, 0, 0, 0, 0.432241, 4.33709, 0.204285, 0, 0, 0, 0, 0, 136746238, 29.9668, 797956, 0, 4015, 838246
50000,true,false,true,0,true,false,BAMBOO,false,2.8,LH_MCSLOCK,10,100000,true,1,true,false,true,false,true,8,true,false,TPCC,false, 15885, 0, 0, 0, 22485,0,0,0,0, 22700, 0, 18.1561,350882, 0.250449, 6.308, 4.43616, 0, 0, 0, 0.438836, 12.0688, 0.974428, 0, 0, 0, 0, 0, 0, 0.513261, 796331, 0, 3956, 314004
50000,true,false,true,0,true,false,NO_WAIT,false,2.8,LH_MCSLOCK,10,100000,true,1,true,false,true,false,true,8,true,false,TPCC,false, 861921, 0, 0, 0, 24977,0,0,0,0, 112106, 0, 82.2827,71375.7, 63.9462, 0.798127, 0, 0, 0, 0, 0.721159, 5.18743, 69.658, 0, 0, 0, 0, 0, 0, 0, 734123, 0, 3664, 0
50000,true,false,true,0,true,false,WAIT_DIE,false,2.8,LH_MCSLOCK,10,100000,true,1,true,false,true,false,true,4,true,false,TPCC,false, 134088, 0, 0, 0, 38916,0,0,0,0, 42679, 0, 16.5635,93410.1, 1.51047, 0.310323, 0, 0, 0, 0, 0.34115, 2.12856, 10.7069, 0, 0, 0, 0, 0, 78347664, 0.818195, 386800, 0, 1961, 82923
50000,true,false,true,0,true,false,SILO,false,2.8,LH_MCSLOCK,10,100000,true,1,true,false,true,false,true,4,true,false,TPCC,false, 97312, 0, 0, 0, 23927,0,0,0,0, 33198, 0, 12.3529,120429, 3.45412, 0.604326, 0, 0, 0, 0, 0.173327, 1.16701, 7.6759, 0, 0, 0, 0, 0, 0, 0, 371912, 0, 1835, 0
50000,true,false,true,0,true,false,WOUND_WAIT,false,2.8,LH_MCSLOCK,10,100000,true,1,true,false,true,false,true,4,true,false,TPCC,false, 4405, 0, 0, 0, 23097,0,0,0,0, 23164, 0, 9.27781,171832, 0.0722519, 0.415806, 0, 0, 0, 0, 0.235483, 1.85898, 0.201468, 0, 0, 0, 0, 0, 71273198, 5.41448, 398556, 0, 1976, 389535
50000,true,false,true,0,true,false,BAMBOO,false,2.8,LH_MCSLOCK,10,100000,true,1,true,false,true,false,true,4,true,false,TPCC,false, 4326, 0, 0, 0, 16385,0,0,0,0, 16459, 0, 6.5225,241872, 0.060151, 1.84873, 1.30158, 0, 0, 0, 0.234249, 4.16651, 0.202048, 0, 0, 0, 0, 0, 0, 0.0967396, 394403, 0, 1905, 81863
50000,true,false,true,0,true,false,NO_WAIT,false,2.8,LH_MCSLOCK,10,100000,true,1,true,false,true,false,true,4,true,false,TPCC,false, 145354, 0, 0, 0, 13813,0,0,0,0, 41996, 0, 15.5929,95101.6, 10.4718, 0.238248, 0, 0, 0, 0, 0.312629, 1.61192, 11.4466, 0, 0, 0, 0, 0, 0, 0, 370727, 0, 1943, 0
50000,true,false,true,0,true,false,WAIT_DIE,false,2.8,LH_MCSLOCK,10,100000,true,1,true,false,true,false,true,2,true,false,TPCC,false, 21783, 0, 0, 0, 18927,0,0,0,0, 19082, 0, 3.79496,104212, 0.0522926, 0.0964778, 0, 0, 0, 0, 0.161207, 0.886535, 1.70085, 0, 0, 0, 0, 0, 33729056, 0.0951689, 197740, 0, 1005, 14460
50000,true,false,true,0,true,false,SILO,false,2.8,LH_MCSLOCK,10,100000,true,1,true,false,true,false,true,2,true,false,TPCC,false, 17322, 0, 0, 0, 13996,0,0,0,0, 16505, 0, 3.13632,120883, 0.483107, 0.19633, 0, 0, 0, 0, 0.0712667, 0.555838, 1.3056, 0, 0, 0, 0, 0, 0, 0, 189564, 0, 918, 0
50000,true,false,true,0,true,false,WOUND_WAIT,false,2.8,LH_MCSLOCK,10,100000,true,1,true,false,true,false,true,2,true,false,TPCC,false, 3282, 0, 0, 0, 13967,0,0,0,0, 14024, 0, 2.79441,141889, 0.0254673, 0.175119, 0, 0, 0, 0, 0.131527, 0.898252, 0.188666, 0, 0, 0, 0, 0, 41464508, 0.73431, 198248, 0, 954, 130879
50000,true,false,true,0,true,false,BAMBOO,false,2.8,LH_MCSLOCK,10,100000,true,1,true,false,true,false,true,2,true,false,TPCC,false, 1155, 0, 0, 0, 12822,0,0,0,0, 12834, 0, 2.5634,154896, 0.0176491, 0.509769, 0.358681, 0, 0, 0, 0.158555, 1.56505, 0.0179364, 0, 0, 0, 0, 0, 0, 0.0134461, 198531, 0, 983, 12747
50000,true,false,true,0,true,false,NO_WAIT,false,2.8,LH_MCSLOCK,10,100000,true,1,true,false,true,false,true,2,true,false,TPCC,false, 21027, 0, 0, 0, 10594,0,0,0,0, 19210, 0, 3.24648,103645, 1.46404, 0.079287, 0, 0, 0, 0, 0.121831, 0.720809, 1.59238, 0, 0, 0, 0, 0, 0, 0, 168240, 0, 882, 0
50000,true,false,true,0,true,false,WAIT_DIE,false,2.8,LH_MCSLOCK,10,100000,true,1,true,false,true,false,true,1,true,false,TPCC,false, 501, 0, 0, 0, 5943,0,0,0,0, 5943, 0, 0.598452,167098, 0.00408615, 0.0123643, 0, 0, 0, 0, 0.0556809, 0.131539, 0.0199043, 0, 0, 0, 0, 0, 16936528, 0, 100000, 0, 501, 0
50000,true,false,true,0,true,false,SILO,false,2.8,LH_MCSLOCK,10,100000,true,1,true,false,true,false,true,1,true,false,TPCC,false, 501, 0, 0, 0, 7249,0,0,0,0, 7249, 0, 0.729677,137047, 0.00469742, 0.0542889, 0, 0, 0, 0, 0.0342118, 0.236932, 0.00219789, 0, 0, 0, 0, 0, 0, 0, 100000, 0, 501, 0
50000,true,false,true,0,true,false,WOUND_WAIT,false,2.8,LH_MCSLOCK,10,100000,true,1,true,false,true,false,true,1,true,false,TPCC,false, 501, 0, 0, 0, 6062,0,0,0,0, 6062, 0, 0.610321,163848, 0.00409288, 0.0212546, 0, 0, 0, 0, 0.0496834, 0.142109, 0.00207593, 0, 0, 0, 0, 0, 15406730, 0, 100000, 0, 501, 0
50000,true,false,true,0,true,false,BAMBOO,false,2.8,LH_MCSLOCK,10,100000,true,1,true,false,true,false,true,1,true,false,TPCC,false, 501, 0, 0, 0, 6326,0,0,0,0, 6326, 0, 0.6369,157010, 0.00423682, 0.027615, 0.00245271, 0, 0, 0, 0.04924, 0.207393, 0.00206723, 0, 0, 0, 0, 0, 0, 0, 100000, 0, 501, 0
50000,true,false,true,0,true,false,NO_WAIT,false,2.8,LH_MCSLOCK,10,100000,true,1,true,false,true,false,true,1,true,false,TPCC,false, 501, 0, 0, 0, 5674,0,0,0,0, 5674, 0, 0.571307,175037, 0.0038841, 0.0130973, 0, 0, 0, 0, 0.050384, 0.128805, 0.0020087, 0, 0, 0, 0, 0, 0, 0, 100000, 0, 501, 0
50000,true,false,true,0,true,false,WAIT_DIE,false,2.8,LH_MCSLOCK,10,100000,true,1,true,false,true,false,true,120,true,false,TPCC,false, 24083899, 0, 0, 0, 687290,0,0,0,0, 804110, 0, 8629.32,149051, 1262.65, 25.6791, 0, 0, 0, 0, 5.64663, 112.137, 1892.71, 0, 0, 0, 0, 0, 2031818852, 6498.7, 10718419, 0, 53993, 6722850
50000,true,false,true,0,true,false,SILO,false,2.8,LH_MCSLOCK,10,100000,true,1,true,false,true,false,true,120,true,false,TPCC,false, 69492462, 0, 0, 0, 79976,0,0,0,0, 649692, 0, 7052.24,185115, 6182.17, 119.603, 0, 0, 0, 0, 6.00056, 61.085, 6007.74, 0, 0, 0, 0, 0, 0, 0, 10878957, 0, 54369, 0
50000,true,false,true,0,true,false,WOUND_WAIT,false,2.8,LH_MCSLOCK,10,100000,true,1,true,false,true,false,true,120,true,false,TPCC,false, 99327, 0, 0, 0, 1028425,0,0,0,0, 1031772, 0, 12433,115726, 101.983, 28.8379, 0, 0, 0, 0, 6.31431, 143.39, 3.89642, 0, 0, 0, 0, 0, 2121154406, 12119.8, 11990170, 0, 59826, 12659138
50000,true,false,true,0,true,false,BAMBOO,false,2.8,LH_MCSLOCK,10,100000,true,1,true,false,true,false,true,120,true,false,TPCC,false, 286846, 0, 0, 0, 1228339,0,0,0,0, 1230935, 0, 14770.7,97467.7, 34.0484, 14304.9, 14135.2, 0, 0, 0, 6.34565, 14552.3, 20.4723, 0, 0, 0, 0, 0, 0, 66.116, 11997248, 0, 60085, 6101841
50000,true,false,true,0,true,false,NO_WAIT,false,2.8,LH_MCSLOCK,10,100000,true,1,true,false,true,false,true,120,true,false,TPCC,false, 213991867, 0, 0, 0, 103669,0,0,0,0, 1819555, 0, 21288.7,66048.5, 20074, 117.048, 0, 0, 0, 0, 14.0744, 259.892, 18932.2, 0, 0, 0, 0, 0, 0, 0, 11717408, 0, 58516, 0
50000,true,false,true,0,true,false,WAIT_DIE,false,2.8,LH_MCSLOCK,10,100000,true,1,true,false,true,false,true,96,true,false,TPCC,false, 19427594, 0, 0, 0, 499519,0,0,0,0, 607067, 0, 5502.63,157881, 982.192, 18.452, 0, 0, 0, 0, 4.90268, 82.3166, 1521.01, 0, 0, 0, 0, 0, 1802118836, 3804.09, 9049575, 0, 45804, 5683173
50000,true,false,true,0,true,false,SILO,false,2.8,LH_MCSLOCK,10,100000,true,1,true,false,true,false,true,96,true,false,TPCC,false, 21786383, 0, 0, 0, 76740,0,0,0,0, 505815, 0, 2173.81,190211, 1843.28, 38.9611, 0, 0, 0, 0, 2.32418, 22.422, 1845.99, 0, 0, 0, 0, 0, 0, 0, 4307121, 0, 21881, 0
50000,true,false,true,0,true,false,WOUND_WAIT,false,2.8,LH_MCSLOCK,10,100000,true,1,true,false,true,false,true,96,true,false,TPCC,false, 83943, 0, 0, 0, 745307,0,0,0,0, 748016, 0, 7209.49,127698, 62.0259, 18.9506, 0, 0, 0, 0, 5.09526, 94.6966, 3.26481, 0, 0, 0, 0, 0, 1728041732, 6999.95, 9589943, 0, 48247, 10125272
50000,true,false,true,0,true,false,BAMBOO,false,2.8,LH_MCSLOCK,10,100000,true,1,true,false,true,false,true,96,true,false,TPCC,false, 212958, 0, 0, 0, 765404,0,0,0,0, 766863, 0, 7356.43,125152, 15.9503, 7048.19, 6940.15, 0, 0, 0, 5.14942, 7219.41, 14.3145, 0, 0, 0, 0, 0, 0, 34.6851, 9590324, 0, 48448, 4776639
50000,true,false,true,0,true,false,NO_WAIT,false,2.8,LH_MCSLOCK,10,100000,true,1,true,false,true,false,true,96,true,false,TPCC,false, 134539195, 0, 0, 0, 90938,0,0,0,0, 1364118, 0, 12424.1,70496.8, 11594.4, 49.2851, 0, 0, 0, 0, 11.3738, 139.009, 11507.2, 0, 0, 0, 0, 0, 0, 0, 9123502, 0, 45789, 0
50000,true,false,true,0,true,false,WAIT_DIE,false,2.8,LH_MCSLOCK,10,100000,true,1,true,false,true,false,true,64,true,false,TPCC,false, 13212515, 0, 0, 0, 327656,0,0,0,0, 431840, 0, 2712.85,147950, 658.001, 13.107, 0, 0, 0, 0, 4.24226, 59.0671, 1034.18, 0, 0, 0, 0, 0, 1474841862, 1553.51, 6271338, 0, 31438, 3925020
50000,true,false,true,0,true,false,SILO,false,2.8,LH_MCSLOCK,10,100000,true,1,true,false,true,false,true,64,true,false,TPCC,false, 16062160, 0, 0, 0, 71485,0,0,0,0, 324350, 0, 1561.52,197718, 1216.67, 31.6814, 0, 0, 0, 0, 2.43982, 22.394, 1324.46, 0, 0, 0, 0, 0, 0, 0, 4824077, 0, 24310, 0
50000,true,false,true,0,true,false,WOUND_WAIT,false,2.8,LH_MCSLOCK,10,100000,true,1,true,false,true,false,true,64,true,false,TPCC,false, 50182, 0, 0, 0, 413437,0,0,0,0, 414571, 0, 2664.45,153610, 20.483, 9.64815, 0, 0, 0, 0, 3.56736, 48.5419, 1.61174, 0, 0, 0, 0, 0, 1070810088, 2564.66, 6395090, 0, 31883, 6751568
50000,true,false,true,0,true,false,BAMBOO,false,2.8,LH_MCSLOCK,10,100000,true,1,true,false,true,false,true,64,true,false,TPCC,false, 143662, 0, 0, 0, 347228,0,0,0,0, 347802, 0, 2225.82,183927, 4.70708, 2068.31, 2020.3, 0, 0, 0, 3.5087, 2153.89, 9.15589, 0, 0, 0, 0, 0, 0, 16.2319, 6396687, 0, 32141, 3226859
50000,true,false,true,0,true,false,NO_WAIT,false,2.8,LH_MCSLOCK,10,100000,true,1,true,false,true,false,true,64,true,false,TPCC,false, 61322044, 0, 0, 0, 72372,0,0,0,0, 895737, 0, 5382.64,71573.9, 4946.99, 16.2394, 0, 0, 0, 0, 7.17692, 66.0055, 5090.62, 0, 0, 0, 0, 0, 0, 0, 6019637, 0, 30433, 0
50000,true,false,true,0,true,false,WAIT_DIE,false,2.8,LH_MCSLOCK,10,100000,true,1,true,false,true,false,true,32,true,false,TPCC,false, 5889189, 0, 0, 0, 163842,0,0,0,0, 249500, 0, 794.021,128033, 273.511, 5.34693, 0, 0, 0, 0, 2.50937, 26.2694, 465.817, 0, 0, 0, 0, 0, 814607364, 269.633, 3176898, 0, 15831, 1956299
50000,true,false,true,0,true,false,SILO,false,2.8,LH_MCSLOCK,10,100000,true,1,true,false,true,false,true,32,true,false,TPCC,false, 4802534, 0, 0, 0, 60936,0,0,0,0, 168446, 0, 465.754,190242, 297.026, 10.7631, 0, 0, 0, 0, 1.25148, 10.2893, 388.248, 0, 0, 0, 0, 0, 0, 0, 2768933, 0, 13708, 0
50000,true,false,true,0,true,false,WOUND_WAIT,false,2.8,LH_MCSLOCK,10,100000,true,1,true,false,true,false,true,32,true,false,TPCC,false, 23800, 0, 0, 0, 194679,0,0,0,0, 195126, 0, 626.994,163184, 4.53433, 4.17171, 0, 0, 0, 0, 1.7719, 20.3468, 0.698449, 0, 0, 0, 0, 0, 549267400, 587.217, 3197350, 0, 15918, 3374913
50000,true,false,true,0,true,false,BAMBOO,false,2.8,LH_MCSLOCK,10,100000,true,1,true,false,true,false,true,32,true,false,TPCC,false, 84197, 0, 0, 0, 119058,0,0,0,0, 119564, 0, 382.6,267322, 2.06888, 314.803, 298.391, 0, 0, 0, 1.70914, 347.715, 5.48698, 0, 0, 0, 0, 0, 0, 7.72605, 3196170, 0, 16323, 1722571
50000,true,false,true,0,true,false,NO_WAIT,false,2.8,LH_MCSLOCK,10,100000,true,1,true,false,true,false,true,32,true,false,TPCC,false, 14947334, 0, 0, 0, 49258,0,0,0,0, 430405, 0, 1296.02,74438.4, 1147.51, 4.77019, 0, 0, 0, 0, 3.16798, 25.266, 1215.55, 0, 0, 0, 0, 0, 0, 0, 3014797, 0, 15153, 0
50000,true,false,true,0,true,false,WAIT_DIE,false,2.8,LH_MCSLOCK,10,100000,true,1,true,false,true,false,true,16,true,false,TPCC,false, 2146622, 0, 0, 0, 103378,0,0,0,0, 155230, 0, 246.567,102881, 82.6663, 2.43077, 0, 0, 0, 0, 1.4734, 13.0468, 171.922, 0, 0, 0, 0, 0, 447345376, 45.077, 1585435, 0, 7797, 871530
50000,true,false,true,0,true,false,SILO,false,2.8,LH_MCSLOCK,10,100000,true,1,true,false,true,false,true,16,true,false,TPCC,false, 1392306, 0, 0, 0, 51667,0,0,0,0, 110287, 0, 144.838,145296, 76.8808, 4.26807, 0, 0, 0, 0, 0.703071, 5.11907, 113.466, 0, 0, 0, 0, 0, 0, 0, 1315272, 0, 6508, 0
50000,true,false,true,0,true,false,WOUND_WAIT,false,2.8,LH_MCSLOCK,10,100000,true,1,true,false,true,false,true,16,true,false,TPCC,false, 11823, 0, 0, 0, 96545,0,0,0,0, 96744, 0, 155.313,164556, 1.09546, 1.96276, 0, 0, 0, 0, 0.891065, 9.27877, 0.336202, 0, 0, 0, 0, 0, 278551720, 137.579, 1597348, 0, 8043, 1685450
50000,true,false,true,0,true,false,BAMBOO,false,2.8,LH_MCSLOCK,10,100000,true,1,true,false,true,false,true,16,true,false,TPCC,false, 48340, 0, 0, 0, 47158,0,0,0,0, 47720, 0, 76.2786,334358, 1.10621, 43.8438, 37.3732, 0, 0, 0, 0.857438, 58.2359, 3.27362, 0, 0, 0, 0, 0, 0, 3.93572, 1594020, 0, 7854, 945420
50000,true,false,true,0,true,false,NO_WAIT,false,2.8,LH_MCSLOCK,10,100000,true,1,true,false,true,false,true,16,true,false,TPCC,false, 4080310, 0, 0, 0, 38498,0,0,0,0, 245701, 0, 368.9,65188.4, 311.037, 2.2686, 0, 0, 0, 0, 1.67844, 12.7657, 333.732, 0, 0, 0, 0, 0, 0, 0, 1502999, 0, 7479, 0
50000,true,false,true,0,true,false,WAIT_DIE,false,2.8,LH_MCSLOCK,10,100000,true,1,true,false,true,false,true,8,true,false,TPCC,false, 611435, 0, 0, 0, 69491,0,0,0,0, 90109, 0, 69.0639,88570.2, 15.9292, 0.941651, 0, 0, 0, 0, 0.733324, 5.76571, 49.2598, 0, 0, 0, 0, 0, 192088960, 6.68148, 764626, 0, 3813, 309332
50000,true,false,true,0,true,false,SILO,false,2.8,LH_MCSLOCK,10,100000,true,1,true,false,true,false,true,8,true,false,TPCC,false, 310306, 0, 0, 0, 36163,0,0,0,0, 60898, 0, 34.4237,131471, 13.9655, 1.22901, 0, 0, 0, 0, 0.271304, 2.01478, 24.941, 0, 0, 0, 0, 0, 0, 0, 565716, 0, 2805, 0
50000,true,false,true,0,true,false,WOUND_WAIT,false,2.8,LH_MCSLOCK,10,100000,true,1,true,false,true,false,true,8,true,false,TPCC,false, 6461, 0, 0, 0, 47703,0,0,0,0, 47801, 0, 38.309,166523, 0.2695, 0.964562, 0, 0, 0, 0, 0.452874, 4.36897, 0.214257, 0, 0, 0, 0, 0, 140647912, 30.0028, 797416, 0, 3991, 837762
50000,true,false,true,0,true,false,BAMBOO,false,2.8,LH_MCSLOCK,10,100000,true,1,true,false,true,false,true,8,true,false,TPCC,false, 15349, 0, 0, 0, 22511,0,0,0,0, 22715, 0, 18.171,350647, 0.241311, 6.38258, 4.49585, 0, 0, 0, 0.440469, 12.1249, 0.919844, 0, 0, 0, 0, 0, 0, 0.517152, 796451, 0, 4002, 314512
50000,true,false,true,0,true,false,NO_WAIT,false,2.8,LH_MCSLOCK,10,100000,true,1,true,false,true,false,true,8,true,false,TPCC,false, 871899, 0, 0, 0, 24755,0,0,0,0, 111223, 0, 83.0924,71939.3, 64.595, 0.812826, 0, 0, 0, 0, 0.736807, 5.18835, 70.4386, 0, 0, 0, 0, 0, 0, 0, 747202, 0, 3777, 0
50000,true,false,true,0,true,false,WAIT_DIE,false,2.8,LH_MCSLOCK,10,100000,true,1,true,false,true,false,true,4,true,false,TPCC,false, 142599, 0, 0, 0, 41158,0,0,0,0, 45446, 0, 17.8148,87684.5, 1.74161, 0.34764, 0, 0, 0, 0, 0.356373, 2.3715, 11.4178, 0, 0, 0, 0, 0, 88970528, 0.933529, 390521, 0, 2000, 87422
50000,true,false,true,0,true,false,SILO,false,2.8,LH_MCSLOCK,10,100000,true,1,true,false,true,false,true,4,true,false,TPCC,false, 104226, 0, 0, 0, 24365,0,0,0,0, 33792, 0, 13.2994,118311, 3.71472, 0.681865, 0, 0, 0, 0, 0.186479, 1.29625, 8.23933, 0, 0, 0, 0, 0, 0, 0, 393367, 0, 2012, 0
50000,true,false,true,0,true,false,WOUND_WAIT,false,2.8,LH_MCSLOCK,10,100000,true,1,true,false,true,false,true,4,true,false,TPCC,false, 3938, 0, 0, 0, 23124,0,0,0,0, 23178, 0, 9.26205,171725, 0.0672011, 0.433685, 0, 0, 0, 0, 0.224879, 1.86039, 0.165643, 0, 0, 0, 0, 0, 70669384, 5.42658, 397631, 0, 1954, 389329
50000,true,false,true,0,true,false,BAMBOO,false,2.8,LH_MCSLOCK,10,100000,true,1,true,false,true,false,true,4,true,false,TPCC,false, 3959, 0, 0, 0, 16131,0,0,0,0, 16194, 0, 6.47576,245787, 0.0567463, 1.79921, 1.2279, 0, 0, 0, 0.225497, 4.17178, 0.171709, 0, 0, 0, 0, 0, 0, 0.108123, 397915, 0, 1925, 89859
50000,true,false,true,0,true,false,NO_WAIT,false,2.8,LH_MCSLOCK,10,100000,true,1,true,false,true,false,true,4,true,false,TPCC,false, 166041, 0, 0, 0, 15271,0,0,0,0, 46030, 0, 17.9531,86769.6, 12.0058, 0.284057, 0, 0, 0, 0, 0.340088, 1.93874, 13.1266, 0, 0, 0, 0, 0, 0, 0, 389445, 0, 2007, 0
50000,true,false,true,0,true,false,WAIT_DIE,false,2.8,LH_MCSLOCK,10,100000,true,1,true,false,true,false,true,2,true,false,TPCC,false, 22153, 0, 0, 0, 19167,0,0,0,0, 19330, 0, 3.8773,102930, 0.0525389, 0.0979524, 0, 0, 0, 0, 0.161457, 0.906896, 1.72834, 0, 0, 0, 0, 0, 33236044, 0.100405, 199546, 0, 975, 14973
50000,true,false,true,0,true,false,SILO,false,2.8,LH_MCSLOCK,10,100000,true,1,true,false,true,false,true,2,true,false,TPCC,false, 17886, 0, 0, 0, 13733,0,0,0,0, 16163, 0, 3.19843,123377, 0.488821, 0.195248, 0, 0, 0, 0, 0.0760901, 0.561097, 1.34241, 0, 0, 0, 0, 0, 0, 0, 197306, 0, 1067, 0
50000,true,false,true,0,true,false,WOUND_WAIT,false,2.8,LH_MCSLOCK,10,100000,true,1,true,false,true,false,true,2,true,false,TPCC,false, 3197, 0, 0, 0, 13265,0,0,0,0, 13314, 0, 2.62204,149405, 0.0237003, 0.156067, 0, 0, 0, 0, 0.127538, 0.849699, 0.17699, 0, 0, 0, 0, 0, 39159422, 0.687381, 195873, 0, 1011, 130253
50000,true,false,true,0,true,false,BAMBOO,false,2.8,LH_MCSLOCK,10,100000,true,1,true,false,true,false,true,2,true,false,TPCC,false, 1213, 0, 0, 0, 12826,0,0,0,0, 12838, 0, 2.55333,154840, 0.0177866, 0.507798, 0.345131, 0, 0, 0, 0.14612, 1.57528, 0.0194589, 0, 0, 0, 0, 0, 0, 0.017924, 197679, 0, 1022, 15689
50000,true,false,true,0,true,false,NO_WAIT,false,2.8,LH_MCSLOCK,10,100000,true,1,true,false,true,false,true,2,true,false,TPCC,false, 22747, 0, 0, 0, 10857,0,0,0,0, 19492, 0, 3.52881,102172, 1.57154, 0.0860084, 0, 0, 0, 0, 0.136978, 0.779317, 1.73009, 0, 0, 0, 0, 0, 0, 0, 180273, 0, 866, 0
50000,true,false,true,0,true,false,WAIT_DIE,false,2.8,LH_MCSLOCK,10,100000,true,1,true,false,true,false,true,1,true,false,TPCC,false, 501, 0, 0, 0, 5628,0,0,0,0, 5628, 0, 0.566754,176443, 0.00386165, 0.0121153, 0, 0, 0, 0, 0.0516797, 0.12636, 0.0185171, 0, 0, 0, 0, 0, 15579072, 0, 100000, 0, 501, 0
50000,true,false,true,0,true,false,SILO,false,2.8,LH_MCSLOCK,10,100000,true,1,true,false,true,false,true,1,true,false,TPCC,false, 501, 0, 0, 0, 7144,0,0,0,0, 7144, 0, 0.719188,139046, 0.0047098, 0.0533409, 0, 0, 0, 0, 0.0323443, 0.230092, 0.00211706, 0, 0, 0, 0, 0, 0, 0, 100000, 0, 501, 0
50000,true,false,true,0,true,false,WOUND_WAIT,false,2.8,LH_MCSLOCK,10,100000,true,1,true,false,true,false,true,1,true,false,TPCC,false, 501, 0, 0, 0, 6059,0,0,0,0, 6059, 0, 0.609902,163961, 0.00398014, 0.0215411, 0, 0, 0, 0, 0.0523443, 0.141157, 0.00203499, 0, 0, 0, 0, 0, 15942616, 0, 100000, 0, 501, 0
50000,true,false,true,0,true,false,BAMBOO,false,2.8,LH_MCSLOCK,10,100000,true,1,true,false,true,false,true,1,true,false,TPCC,false, 501, 0, 0, 0, 6804,0,0,0,0, 6804, 0, 0.685064,145972, 0.00460734, 0.0276995, 0.00246388, 0, 0, 0, 0.0518161, 0.227111, 0.00206437, 0, 0, 0, 0, 0, 0, 0, 100000, 0, 501, 0
50000,true,false,true,0,true,false,NO_WAIT,false,2.8,LH_MCSLOCK,10,100000,true,1,true,false,true,false,true,1,true,false,TPCC,false, 501, 0, 0, 0, 5918,0,0,0,0, 5918, 0, 0.595897,167814, 0.00402846, 0.0131059, 0, 0, 0, 0, 0.0466872, 0.135745, 0.00203409, 0, 0, 0, 0, 0, 0, 0, 100000, 0, 501, 0
