ABORT_PENALTY,BB_OPT_MAX_WAITER,BB_OPT_RAW,CC_ALG,DEBUG_CS_PROFILING,DEBUG_PROFILING,DYNAMIC_TS,FIRST_HS,FIXED_HS,FLIP_RATIO,KEY_ORDER,LATCH,MAX_TXN_PER_PART,NUM_HS,POS_HS,READ_PERC,REQ_PER_QUERY,RETIRE_ON,SECOND_HS,SPECIFIED_RATIO,SPINLOCK,SYNTHETIC_YCSB,SYNTH_TABLE_SIZE,THREAD_CNT,WORKLOAD,WW_STARV_FREE,ZIPF_THETA,abort_cnt,commit_latency,cycle_detect,deadlock_cnt,dl_detect_time,dl_wait_time,latency,run_time,throughput,time_abort,time_cleanup,time_commit,time_get_cs,time_get_latch,time_index,time_man,time_query,time_release_cs,time_release_latch,time_retire_cs,time_retire_latch,time_ts_alloc,time_wait,txn_cnt,user_abort_cnt,wait_cnt
50000,0,true,BAMBOO,false,true,true,WR,1,0,false,LH_MCSLOCK,100000,0,TOP,0.5,16,true,WR,0,,false,10000000,1,YCSB,false,0.9, 0, 13766,0,0,0,0, 13766, 1.37666,72639.8, 0, 0.0380051, 0.00153514, 0, 0, 0.257565, 0.746023, 0.00307297, 0, 0, 0, 0, 0, 0, 100000, 0, 0
50000,0,true,BAMBOO,false,true,false,WR,1,0,false,LH_MCSLOCK,100000,0,TOP,0.5,16,true,WR,0,,false,10000000,1,YCSB,false,0.9, 0, 14097,0,0,0,0, 14097, 1.4097,70936.9, 0, 0.0380421, 0.00154181, 0, 0, 0.276003, 0.754037, 0.00307033, 0, 0, 0, 0, 0, 0, 100000, 0, 0
50000,0,true,BAMBOO,false,true,true,WR,1,0,false,LH_MCSLOCK,100000,0,TOP,0.5,16,true,WR,0,,false,10000000,2,YCSB,false,0.9, 358, 27820,0,0,0,0, 27867, 5.47957,71769.2, 0.00910587, 0.323401, 0.068003, 0, 0, 0.849324, 3.41442, 0.0343417, 0, 0, 0, 0, 0, 0.00017384, 196632, 0, 226
50000,0,true,BAMBOO,false,true,false,WR,1,0,false,LH_MCSLOCK,100000,0,TOP,0.5,16,true,WR,0,,false,10000000,2,YCSB,false,0.9, 3166, 30048,0,0,0,0, 30397, 5.86832,65795, 0.0673357, 0.302297, 0.0404122, 0, 0, 0.912935, 3.46958, 0.251337, 0, 0, 0, 0, 0, 0.000127452, 193053, 0, 153
50000,0,true,BAMBOO,false,true,true,WR,1,0,false,LH_MCSLOCK,100000,0,TOP,0.5,16,true,WR,0,,false,10000000,4,YCSB,false,0.9, 5771, 29141,0,0,0,0, 29525, 11.3365,135478, 0.147405, 0.890888, 0.323603, 0, 0, 1.72076, 6.78637, 0.464893, 0, 0, 0, 0, 0, 0.00136165, 383961, 0, 1873
50000,0,true,BAMBOO,false,true,false,WR,1,0,false,LH_MCSLOCK,100000,0,TOP,0.5,16,true,WR,0,,false,10000000,4,YCSB,false,0.9, 17092, 26800,0,0,0,0, 27872, 10.1143,143514, 0.388899, 0.661805, 0.158498, 0, 0, 1.31709, 5.27996, 1.3351, 0, 0, 0, 0, 0, 0.00076574, 362888, 0, 1153
50000,0,true,BAMBOO,false,true,true,WR,1,0,false,LH_MCSLOCK,100000,0,TOP,0.5,16,true,WR,0,,false,10000000,8,YCSB,false,0.9, 37473, 28706,0,0,0,0, 30029, 22.4244,266409, 0.987374, 2.46748, 1.17875, 0, 0, 2.09412, 12.1744, 2.93204, 0, 0, 0, 0, 0, 0.00856332, 746758, 0, 11176
50000,0,true,BAMBOO,false,true,false,WR,1,0,false,LH_MCSLOCK,100000,0,TOP,0.5,16,true,WR,0,,false,10000000,8,YCSB,false,0.9, 76940, 27749,0,0,0,0, 30583, 23.8321,261597, 2.20699, 1.6402, 0.396257, 0, 0, 1.81914, 10.8552, 5.9878, 0, 0, 0, 0, 0, 0.004203, 779302, 0, 6777
50000,0,true,BAMBOO,false,true,true,WR,1,0,false,LH_MCSLOCK,100000,0,TOP,0.5,16,true,WR,0,,false,10000000,16,YCSB,false,0.9, 174208, 26544,0,0,0,0, 29377, 44.8701,544657, 4.32464, 6.26577, 3.35902, 0, 0, 2.09005, 18.8003, 13.5307, 0, 0, 0, 0, 0, 0.0478674, 1527428, 0, 62493
50000,0,true,BAMBOO,false,true,false,WR,1,0,false,LH_MCSLOCK,100000,0,TOP,0.5,16,true,WR,0,,false,10000000,16,YCSB,false,0.9, 282711, 27277,0,0,0,0, 33418, 52.0995,478819, 9.56949, 4.6752, 1.85736, 0, 0, 2.12467, 17.1495, 21.9294, 0, 0, 0, 0, 0, 0.0504446, 1559141, 0, 40549
50000,0,true,BAMBOO,false,true,true,WR,1,0,false,LH_MCSLOCK,100000,0,TOP,0.5,16,true,WR,0,,false,10000000,32,YCSB,false,0.9, 756264, 35889,0,0,0,0, 44938, 140.224,712148, 28.2272, 20.6768, 12.4262, 0, 0, 4.59283, 46.0401, 58.9132, 0, 0, 0, 0, 0, 0.312233, 3120630, 0, 316539
50000,0,true,BAMBOO,false,true,false,WR,1,0,false,LH_MCSLOCK,100000,0,TOP,0.5,16,true,WR,0,,false,10000000,32,YCSB,false,0.9, 1091064, 35611,0,0,0,0, 52342, 164.642,611441, 52.6127, 17.6501, 9.3681, 0, 0, 4.41515, 43.1157, 84.9224, 0, 0, 0, 0, 0, 0.218064, 3145906, 0, 243902
50000,0,true,WOUND_WAIT,false,true,false,WR,1,0,false,LH_MCSLOCK,100000,0,TOP,0.5,16,true,WR,0,,false,10000000,1,YCSB,false,0.9, 0, 15333,0,0,0,0, 15333, 1.53331,65218.3, 0, 0.0797748, 0, 0, 0, 0.259438, 0.930495, 0.0030783, 0, 0, 0, 0, 2346536, 0, 100000, 0, 0
50000,0,true,WOUND_WAIT,false,true,false,WR,1,0,false,LH_MCSLOCK,100000,0,TOP,0.5,16,true,WR,0,,false,10000000,2,YCSB,false,0.9, 4996, 28528,0,0,0,0, 29032, 5.67117,68890.2, 0.0982614, 0.209328, 0, 0, 0, 1.06837, 3.05814, 0.392633, 0, 0, 0, 0, 20368086, 0.123577, 195344, 0, 11204
50000,0,true,WOUND_WAIT,false,true,false,WR,1,0,false,LH_MCSLOCK,100000,0,TOP,0.5,16,true,WR,0,,false,10000000,4,YCSB,false,0.9, 23627, 28323,0,0,0,0, 29809, 11.0303,134188, 0.549687, 0.475095, 0, 0, 0, 1.28974, 5.02411, 1.84499, 0, 0, 0, 0, 51415122, 0.675218, 370033, 0, 61611
50000,0,true,WOUND_WAIT,false,true,false,WR,1,0,false,LH_MCSLOCK,100000,0,TOP,0.5,16,true,WR,0,,false,10000000,8,YCSB,false,0.9, 84637, 29571,0,0,0,0, 32568, 25.1423,245646, 2.31288, 1.04749, 0, 0, 0, 1.89197, 8.66924, 6.56342, 0, 0, 0, 0, 92280295, 3.41627, 772014, 0, 268678
50000,0,true,WOUND_WAIT,false,true,false,WR,1,0,false,LH_MCSLOCK,100000,0,TOP,0.5,16,true,WR,0,,false,10000000,16,YCSB,false,0.9, 255503, 36105,0,0,0,0, 41929, 65.3747,381612, 9.07842, 2.35265, 0, 0, 0, 2.42515, 14.617, 19.7576, 0, 0, 0, 0, 203257762, 17.6253, 1559238, 0, 1020965
50000,0,true,WOUND_WAIT,false,true,false,WR,1,0,false,LH_MCSLOCK,100000,0,TOP,0.5,16,true,WR,0,,false,10000000,32,YCSB,false,0.9, 846505, 60346,0,0,0,0, 76801, 239.673,416685, 51.3378, 6.02652, 0, 0, 0, 3.60878, 26.2722, 66.0237, 0, 0, 0, 0, 467312317, 99.2427, 3120880, 0, 3452604
50000,0,true,SILO,false,true,false,WR,1,0,false,LH_MCSLOCK,100000,0,TOP,0.5,16,true,WR,0,,false,10000000,1,YCSB,false,0.9, 0, 14651,0,0,0,0, 14651, 1.46511,68254.4, 0, 0.0818799, 0, 0, 0, 0.274383, 0.78303, 0.00307924, 0, 0, 0, 0, 0, 0, 100000, 0, 0
50000,0,true,SILO,false,true,false,WR,1,0,false,LH_MCSLOCK,100000,0,TOP,0.5,16,true,WR,0,,false,10000000,2,YCSB,false,0.9, 8683, 28900,0,0,0,0, 30509, 5.69123,65554.9, 0.300001, 0.217258, 0, 0, 0, 1.08058, 2.5959, 0.679581, 0, 0, 0, 0, 0, 0, 186544, 0, 0
50000,0,true,SILO,false,true,false,WR,1,0,false,LH_MCSLOCK,100000,0,TOP,0.5,16,true,WR,0,,false,10000000,4,YCSB,false,0.9, 40594, 28570,0,0,0,0, 31966, 11.6753,125139, 1.23982, 0.463707, 0, 0, 0, 1.45445, 3.78877, 3.1655, 0, 0, 0, 0, 0, 0, 365259, 0, 0
50000,0,true,SILO,false,true,false,WR,1,0,false,LH_MCSLOCK,100000,0,TOP,0.5,16,true,WR,0,,false,10000000,8,YCSB,false,0.9, 143396, 27378,0,0,0,0, 31926, 24.4353,250595, 3.4796, 0.958214, 0, 0, 0, 1.40397, 5.34694, 11.1287, 0, 0, 0, 0, 0, 0, 765420, 0, 0
50000,0,true,SILO,false,true,false,WR,1,0,false,LH_MCSLOCK,100000,0,TOP,0.5,16,true,WR,0,,false,10000000,16,YCSB,false,0.9, 417435, 26940,0,0,0,0, 32549, 50.875,491609, 8.76202, 1.77039, 0, 0, 0, 1.48764, 6.11294, 32.2504, 0, 0, 0, 0, 0, 0, 1563162, 0, 0
50000,0,true,SILO,false,true,false,WR,1,0,false,LH_MCSLOCK,100000,0,TOP,0.5,16,true,WR,0,,false,10000000,32,YCSB,false,0.9, 1298771, 34238,0,0,0,0, 45963, 141.468,696291, 36.0742, 4.23609, 0, 0, 0, 2.60369, 12.2804, 99.9691, 0, 0, 0, 0, 0, 0, 3078204, 0, 0
50000,0,true,WAIT_DIE,false,true,false,WR,1,0,false,LH_MCSLOCK,100000,0,TOP,0.5,16,true,WR,0,,false,10000000,1,YCSB,false,0.9, 0, 15276,0,0,0,0, 15276, 1.52764,65460.5, 0, 0.0648784, 0, 0, 0, 0.263895, 0.918797, 0.00671388, 0, 0, 0, 0, 2708546, 0, 100000, 0, 0
50000,0,true,WAIT_DIE,false,true,false,WR,1,0,false,LH_MCSLOCK,100000,0,TOP,0.5,16,true,WR,0,,false,10000000,2,YCSB,false,0.9, 9703, 34202,0,0,0,0, 34847, 6.51714,57393.9, 0.120432, 0.167193, 0, 0, 0, 1.17628, 3.33895, 0.785305, 0, 0, 0, 0, 24764665, 0.0728901, 187022, 0, 5232
50000,0,true,WAIT_DIE,false,true,false,WR,1,0,false,LH_MCSLOCK,100000,0,TOP,0.5,16,true,WR,0,,false,10000000,4,YCSB,false,0.9, 49969, 31805,0,0,0,0, 33498, 12.9562,119415, 0.654169, 0.367354, 0, 0, 0, 1.43597, 4.95995, 3.92579, 0, 0, 0, 0, 40528792, 0.332273, 386791, 0, 28587
50000,0,true,WAIT_DIE,false,true,false,WR,1,0,false,LH_MCSLOCK,100000,0,TOP,0.5,16,true,WR,0,,false,10000000,8,YCSB,false,0.9, 189923, 34908,0,0,0,0, 39546, 30.6803,202309, 3.59611, 0.756306, 0, 0, 0, 1.78919, 8.12397, 14.755, 0, 0, 0, 0, 71178791, 1.23365, 775864, 0, 108588
50000,0,true,WAIT_DIE,false,true,false,WR,1,0,false,LH_MCSLOCK,100000,0,TOP,0.5,16,true,WR,0,,false,10000000,16,YCSB,false,0.9, 612675, 36852,0,0,0,0, 45864, 72.6917,348888, 14.2771, 1.60712, 0, 0, 0, 1.83188, 11.1333, 47.3574, 0, 0, 0, 0, 129249258, 3.15377, 1585078, 0, 344839
50000,0,true,WAIT_DIE,false,true,false,WR,1,0,false,LH_MCSLOCK,100000,0,TOP,0.5,16,true,WR,0,,false,10000000,32,YCSB,false,0.9, 2427487, 50539,0,0,0,0, 80971, 255.437,395249, 95.9838, 4.53453, 0, 0, 0, 3.19206, 23.5261, 186.021, 0, 0, 0, 0, 314648531, 16.518, 3155032, 0, 1175031
50000,0,true,NO_WAIT,false,true,false,WR,1,0,false,LH_MCSLOCK,100000,0,TOP,0.5,16,true,WR,0,,false,10000000,1,YCSB,false,0.9, 0, 15343,0,0,0,0, 15343, 1.53434,65174.7, 0, 0.0650677, 0, 0, 0, 0.265799, 0.923147, 0.0030619, 0, 0, 0, 0, 0, 0, 100000, 0, 0
50000,0,true,NO_WAIT,false,true,false,WR,1,0,false,LH_MCSLOCK,100000,0,TOP,0.5,16,true,WR,0,,false,10000000,2,YCSB,false,0.9, 14115, 28742,0,0,0,0, 30518, 5.91385,65535.3, 0.34409, 0.155653, 0, 0, 0, 1.01273, 2.78346, 1.10023, 0, 0, 0, 0, 0, 0, 193783, 0, 0
50000,0,true,NO_WAIT,false,true,false,WR,1,0,false,LH_MCSLOCK,100000,0,TOP,0.5,16,true,WR,0,,false,10000000,4,YCSB,false,0.9, 66999, 26965,0,0,0,0, 32117, 12.7144,124551, 2.03885, 0.31816, 0, 0, 0, 1.26144, 4.1035, 5.17845, 0, 0, 0, 0, 0, 0, 395898, 0, 0
50000,0,true,NO_WAIT,false,true,false,WR,1,0,false,LH_MCSLOCK,100000,0,TOP,0.5,16,true,WR,0,,false,10000000,8,YCSB,false,0.9, 258930, 29732,0,0,0,0, 42236, 33.2459,189424, 9.84045, 0.705779, 0, 0, 0, 1.6973, 6.9876, 19.98, 0, 0, 0, 0, 0, 0, 787197, 0, 0
50000,0,true,NO_WAIT,false,true,false,WR,1,0,false,LH_MCSLOCK,100000,0,TOP,0.5,16,true,WR,0,,false,10000000,16,YCSB,false,0.9, 918706, 34689,0,0,0,0, 62185, 97.9456,257324, 43.3015, 1.83189, 0, 0, 0, 2.1479, 13.6807, 71.1927, 0, 0, 0, 0, 0, 0, 1575236, 0, 0
50000,0,true,NO_WAIT,false,true,false,WR,1,0,false,LH_MCSLOCK,100000,0,TOP,0.5,16,true,WR,0,,false,10000000,32,YCSB,false,0.9, 3070957, 37108,0,0,0,0, 88577, 279.895,361309, 162.622, 4.26087, 0, 0, 0, 3.12606, 21.4027, 230.478, 0, 0, 0, 0, 0, 0, 3160271, 0, 0
50000,0,true,BAMBOO,false,true,true,WR,1,0,false,LH_MCSLOCK,100000,0,TOP,0.5,16,true,WR,0,,false,10000000,1,YCSB,false,0.9, 0, 13872,0,0,0,0, 13872, 1.38727,72084, 0, 0.0379729, 0.00153897, 0, 0, 0.262549, 0.74691, 0.00307265, 0, 0, 0, 0, 0, 0, 100000, 0, 0
50000,0,true,BAMBOO,false,true,false,WR,1,0,false,LH_MCSLOCK,100000,0,TOP,0.5,16,true,WR,0,,false,10000000,1,YCSB,false,0.9, 0, 14053,0,0,0,0, 14053, 1.40539,71154.5, 0, 0.037973, 0.00154094, 0, 0, 0.275147, 0.751904, 0.00306353, 0, 0, 0, 0, 0, 0, 100000, 0, 0
50000,0,true,BAMBOO,false,true,true,WR,1,0,false,LH_MCSLOCK,100000,0,TOP,0.5,16,true,WR,0,,false,10000000,2,YCSB,false,0.9, 345, 31614,0,0,0,0, 31675, 6.20379,63140.2, 0.0119306, 0.340779, 0.0750544, 0, 0, 1.05763, 3.90434, 0.0356157, 0, 0, 0, 0, 0, 0.000160085, 195854, 0, 206
50000,0,true,BAMBOO,false,true,false,WR,1,0,false,LH_MCSLOCK,100000,0,TOP,0.5,16,true,WR,0,,false,10000000,2,YCSB,false,0.9, 3351, 29965,0,0,0,0, 30328, 5.90912,65946.2, 0.0705796, 0.293266, 0.0469707, 0, 0, 0.940711, 3.52197, 0.266471, 0, 0, 0, 0, 0, 0.001964, 194842, 0, 102
50000,0,true,BAMBOO,false,true,true,WR,1,0,false,LH_MCSLOCK,100000,0,TOP,0.5,16,true,WR,0,,false,10000000,4,YCSB,false,0.9, 5863, 25370,0,0,0,0, 25712, 9.9477,155567, 0.1324, 0.790685, 0.249269, 0, 0, 1.36163, 5.8357, 0.469133, 0, 0, 0, 0, 0, 0.00149005, 386883, 0, 2040
50000,0,true,BAMBOO,false,true,false,WR,1,0,false,LH_MCSLOCK,100000,0,TOP,0.5,16,true,WR,0,,false,10000000,4,YCSB,false,0.9, 17629, 28090,0,0,0,0, 29249, 10.7117,136759, 0.42427, 0.634799, 0.105376, 0, 0, 1.20889, 5.80835, 1.37858, 0, 0, 0, 0, 0, 0.000882705, 366230, 0, 1236
50000,0,true,BAMBOO,false,true,true,WR,1,0,false,LH_MCSLOCK,100000,0,TOP,0.5,16,true,WR,0,,false,10000000,8,YCSB,false,0.9, 36575, 23693,0,0,0,0, 24723, 18.4391,323591, 0.767397, 1.895, 0.682144, 0, 0, 1.40066, 9.7107, 2.85702, 0, 0, 0, 0, 0, 0.00973234, 745843, 0, 13169
50000,0,true,BAMBOO,false,true,false,WR,1,0,false,LH_MCSLOCK,100000,0,TOP,0.5,16,true,WR,0,,false,10000000,8,YCSB,false,0.9, 76743, 27397,0,0,0,0, 30250, 23.223,264473, 2.1894, 2.09704, 0.918198, 0, 0, 1.91751, 10.2094, 5.95697, 0, 0, 0, 0, 0, 0.00418056, 767733, 0, 6797
50000,0,true,BAMBOO,false,true,true,WR,1,0,false,LH_MCSLOCK,100000,0,TOP,0.5,16,true,WR,0,,false,10000000,16,YCSB,false,0.9, 162025, 20938,0,0,0,0, 22988, 35.7776,696039, 3.18903, 3.63106, 1.37662, 0, 0, 1.39574, 13.5124, 12.5802, 0, 0, 0, 0, 0, 0.0243042, 1556413, 0, 48847
50000,0,true,BAMBOO,false,true,false,WR,1,0,false,LH_MCSLOCK,100000,0,TOP,0.5,16,true,WR,0,,false,10000000,16,YCSB,false,0.9, 294711, 29971,0,0,0,0, 36767, 57.2214,435203, 10.5722, 4.89921, 1.94381, 0, 0, 2.53373, 19.7599, 22.8691, 0, 0, 0, 0, 0, 0.0245157, 1556435, 0, 38725
50000,0,true,BAMBOO,false,true,true,WR,1,0,false,LH_MCSLOCK,100000,0,TOP,0.5,16,true,WR,0,,false,10000000,32,YCSB,false,0.9, 730233, 32898,0,0,0,0, 40648, 127.128,787301, 24.2305, 17.6705, 9.84972, 0, 0, 3.83898, 39.6269, 56.8606, 0, 0, 0, 0, 0, 0.303975, 3127750, 0, 322355
50000,0,true,BAMBOO,false,true,false,WR,1,0,false,LH_MCSLOCK,100000,0,TOP,0.5,16,true,WR,0,,false,10000000,32,YCSB,false,0.9, 1029015, 30818,0,0,0,0, 45193, 142.852,708152, 45.4259, 10.0028, 3.32111, 0, 0, 2.96289, 32.6822, 80.0902, 0, 0, 0, 0, 0, 0.0824635, 3161284, 0, 179086
50000,0,true,WOUND_WAIT,false,true,false,WR,1,0,false,LH_MCSLOCK,100000,0,TOP,0.5,16,true,WR,0,,false,10000000,1,YCSB,false,0.9, 0, 15559,0,0,0,0, 15559, 1.55599,64267.9, 0, 0.0802752, 0, 0, 0, 0.26242, 0.945141, 0.00307299, 0, 0, 0, 0, 2332681, 0, 100000, 0, 0
50000,0,true,WOUND_WAIT,false,true,false,WR,1,0,false,LH_MCSLOCK,100000,0,TOP,0.5,16,true,WR,0,,false,10000000,2,YCSB,false,0.9, 5001, 28098,0,0,0,0, 28571, 5.54473,69999.8, 0.09178, 0.211992, 0, 0, 0, 0.908179, 3.12302, 0.39674, 0, 0, 0, 0, 17200591, 0.115726, 194065, 0, 11206
50000,0,true,WOUND_WAIT,false,true,false,WR,1,0,false,LH_MCSLOCK,100000,0,TOP,0.5,16,true,WR,0,,false,10000000,4,YCSB,false,0.9, 24019, 29484,0,0,0,0, 31058, 11.7374,128794, 0.59446, 0.483179, 0, 0, 0, 1.65189, 5.28151, 1.87393, 0, 0, 0, 0, 52450975, 0.736039, 377925, 0, 62671
50000,0,true,WOUND_WAIT,false,true,false,WR,1,0,false,LH_MCSLOCK,100000,0,TOP,0.5,16,true,WR,0,,false,10000000,8,YCSB,false,0.9, 83387, 27825,0,0,0,0, 30663, 23.6794,260909, 2.1906, 1.02619, 0, 0, 0, 1.73216, 8.0498, 6.4734, 0, 0, 0, 0, 90519865, 3.04259, 772272, 0, 265615
50000,0,true,WOUND_WAIT,false,true,false,WR,1,0,false,LH_MCSLOCK,100000,0,TOP,0.5,16,true,WR,0,,false,10000000,16,YCSB,false,0.9, 255318, 34633,0,0,0,0, 40210, 63.133,397926, 8.75381, 2.2776, 0, 0, 0, 2.26359, 13.8161, 19.7473, 0, 0, 0, 0, 181133038, 16.6772, 1570141, 0, 1014098
50000,0,true,WOUND_WAIT,false,true,false,WR,1,0,false,LH_MCSLOCK,100000,0,TOP,0.5,16,true,WR,0,,false,10000000,32,YCSB,false,0.9, 847514, 65328,0,0,0,0, 83000, 258.262,385560, 54.9785, 6.26336, 0, 0, 0, 4.49364, 29.6457, 65.9343, 0, 0, 0, 0, 473509525, 111.925, 3111738, 0, 3491109
50000,0,true,SILO,false,true,false,WR,1,0,false,LH_MCSLOCK,100000,0,TOP,0.5,16,true,WR,0,,false,10000000,1,YCSB,false,0.9, 0, 14450,0,0,0,0, 14450, 1.44506,69201.4, 0, 0.0827937, 0, 0, 0, 0.265605, 0.77666, 0.00307153, 0, 0, 0, 0, 0, 0, 100000, 0, 0
50000,0,true,SILO,false,true,false,WR,1,0,false,LH_MCSLOCK,100000,0,TOP,0.5,16,true,WR,0,,false,10000000,2,YCSB,false,0.9, 8918, 24838,0,0,0,0, 26271, 5.02116,76129.1, 0.273869, 0.205958, 0, 0, 0, 0.809196, 2.18107, 0.700296, 0, 0, 0, 0, 0, 0, 191128, 0, 0
50000,0,true,SILO,false,true,false,WR,1,0,false,LH_MCSLOCK,100000,0,TOP,0.5,16,true,WR,0,,false,10000000,4,YCSB,false,0.9, 40846, 27927,0,0,0,0, 31272, 11.6292,127914, 1.24333, 0.466486, 0, 0, 0, 1.4147, 3.75943, 3.18347, 0, 0, 0, 0, 0, 0, 371883, 0, 0
50000,0,true,SILO,false,true,false,WR,1,0,false,LH_MCSLOCK,100000,0,TOP,0.5,16,true,WR,0,,false,10000000,8,YCSB,false,0.9, 142989, 28310,0,0,0,0, 33189, 25.3312,241055, 3.72226, 0.949396, 0, 0, 0, 1.6514, 5.69548, 11.0554, 0, 0, 0, 0, 0, 0, 763276, 0, 0
50000,0,true,SILO,false,true,false,WR,1,0,false,LH_MCSLOCK,100000,0,TOP,0.5,16,true,WR,0,,false,10000000,16,YCSB,false,0.9, 437352, 28902,0,0,0,0, 34824, 54.7086,459486, 9.30001, 1.79319, 0, 0, 0, 1.66749, 6.64872, 33.7608, 0, 0, 0, 0, 0, 0, 1571115, 0, 0
50000,0,true,SILO,false,true,false,WR,1,0,false,LH_MCSLOCK,100000,0,TOP,0.5,16,true,WR,0,,false,10000000,32,YCSB,false,0.9, 1270735, 31967,0,0,0,0, 41862, 132.452,764486, 31.298, 3.95482, 0, 0, 0, 2.21581, 9.3698, 98.2709, 0, 0, 0, 0, 0, 0, 3164307, 0, 0
50000,0,true,WAIT_DIE,false,true,false,WR,1,0,false,LH_MCSLOCK,100000,0,TOP,0.5,16,true,WR,0,,false,10000000,1,YCSB,false,0.9, 0, 15112,0,0,0,0, 15112, 1.51125,66170.4, 0, 0.06513, 0, 0, 0, 0.259782, 0.90923, 0.00671701, 0, 0, 0, 0, 2713815, 0, 100000, 0, 0
50000,0,true,WAIT_DIE,false,true,false,WR,1,0,false,LH_MCSLOCK,100000,0,TOP,0.5,16,true,WR,0,,false,10000000,2,YCSB,false,0.9, 10033, 34599,0,0,0,0, 35275, 6.93593,56696.9, 0.132869, 0.170149, 0, 0, 0, 1.23927, 3.62114, 0.810032, 0, 0, 0, 0, 22096362, 0.077637, 196623, 0, 5549
50000,0,true,WAIT_DIE,false,true,false,WR,1,0,false,LH_MCSLOCK,100000,0,TOP,0.5,16,true,WR,0,,false,10000000,4,YCSB,false,0.9, 48900, 30954,0,0,0,0, 32674, 12.4564,122426, 0.655154, 0.366426, 0, 0, 0, 1.37255, 4.70661, 3.85363, 0, 0, 0, 0, 43904795, 0.304009, 381245, 0, 27579
50000,0,true,WAIT_DIE,false,true,false,WR,1,0,false,LH_MCSLOCK,100000,0,TOP,0.5,16,true,WR,0,,false,10000000,8,YCSB,false,0.9, 192937, 35105,0,0,0,0, 39634, 31.4979,201860, 3.59728, 0.767153, 0, 0, 0, 2.11677, 8.27015, 14.974, 0, 0, 0, 0, 71943038, 1.27303, 794773, 0, 111347
50000,0,true,WAIT_DIE,false,true,false,WR,1,0,false,LH_MCSLOCK,100000,0,TOP,0.5,16,true,WR,0,,false,10000000,16,YCSB,false,0.9, 639560, 38814,0,0,0,0, 48872, 77.7167,327415, 15.9877, 1.65175, 0, 0, 0, 1.92164, 12.607, 49.4729, 0, 0, 0, 0, 131605871, 3.82111, 1590352, 0, 357884
50000,0,true,WAIT_DIE,false,true,false,WR,1,0,false,LH_MCSLOCK,100000,0,TOP,0.5,16,true,WR,0,,false,10000000,32,YCSB,false,0.9, 2261237, 47583,0,0,0,0, 73771, 233.34,433829, 82.8119, 4.26763, 0, 0, 0, 2.88055, 20.8796, 173.289, 0, 0, 0, 0, 282222689, 13.0106, 3163431, 0, 1131244
50000,0,true,NO_WAIT,false,true,false,WR,1,0,false,LH_MCSLOCK,100000,0,TOP,0.5,16,true,WR,0,,false,10000000,1,YCSB,false,0.9, 0, 15043,0,0,0,0, 15043, 1.50436,66473.2, 0, 0.064582, 0, 0, 0, 0.258552, 0.906555, 0.00305206, 0, 0, 0, 0, 0, 0, 100000, 0, 0
50000,0,true,NO_WAIT,false,true,false,WR,1,0,false,LH_MCSLOCK,100000,0,TOP,0.5,16,true,WR,0,,false,10000000,2,YCSB,false,0.9, 14536, 29494,0,0,0,0, 31282, 6.23153,63934.9, 0.356108, 0.16001, 0, 0, 0, 1.06131, 2.95115, 1.13573, 0, 0, 0, 0, 0, 0, 199206, 0, 0
50000,0,true,NO_WAIT,false,true,false,WR,1,0,false,LH_MCSLOCK,100000,0,TOP,0.5,16,true,WR,0,,false,10000000,4,YCSB,false,0.9, 71502, 29854,0,0,0,0, 35620, 14.0467,112301, 2.27302, 0.337646, 0, 0, 0, 1.30313, 4.76341, 5.52042, 0, 0, 0, 0, 0, 0, 394365, 0, 0
50000,0,true,NO_WAIT,false,true,false,WR,1,0,false,LH_MCSLOCK,100000,0,TOP,0.5,16,true,WR,0,,false,10000000,8,YCSB,false,0.9, 267830, 31502,0,0,0,0, 45154, 35.4507,177188, 10.7159, 0.734527, 0, 0, 0, 1.79528, 7.96065, 20.6692, 0, 0, 0, 0, 0, 0, 785179, 0, 0
50000,0,true,NO_WAIT,false,true,false,WR,1,0,false,LH_MCSLOCK,100000,0,TOP,0.5,16,true,WR,0,,false,10000000,16,YCSB,false,0.9, 930839, 34593,0,0,0,0, 62301, 98.5539,256840, 43.8249, 1.7414, 0, 0, 0, 2.49859, 13.3115, 71.8107, 0, 0, 0, 0, 0, 0, 1582038, 0, 0
50000,0,true,NO_WAIT,false,true,false,WR,1,0,false,LH_MCSLOCK,100000,0,TOP,0.5,16,true,WR,0,,false,10000000,32,YCSB,false,0.9, 3242305, 37383,0,0,0,0, 92323, 290.177,346653, 172.665, 4.39916, 0, 0, 0, 3.29536, 23.4945, 237.979, 0, 0, 0, 0, 0, 0, 3143463, 0, 0
50000,0,true,BAMBOO,false,true,true,WR,1,0,false,LH_MCSLOCK,100000,0,TOP,0.5,16,true,WR,0,,false,10000000,1,YCSB,false,0.9, 0, 13841,0,0,0,0, 13841, 1.38411,72248.4, 0, 0.03786, 0.00153835, 0, 0, 0.259997, 0.754209, 0.00307077, 0, 0, 0, 0, 0, 0, 100000, 0, 0
50000,0,true,BAMBOO,false,true,false,WR,1,0,false,LH_MCSLOCK,100000,0,TOP,0.5,16,true,WR,0,,false,10000000,1,YCSB,false,0.9, 0, 14073,0,0,0,0, 14073, 1.4074,71053, 0, 0.038034, 0.0015444, 0, 0, 0.27781, 0.751039, 0.00307624, 0, 0, 0, 0, 0, 0, 100000, 0, 0
50000,0,true,BAMBOO,false,true,true,WR,1,0,false,LH_MCSLOCK,100000,0,TOP,0.5,16,true,WR,0,,false,10000000,2,YCSB,false,0.9, 342, 33041,0,0,0,0, 33087, 6.53344,60445.3, 0.00917926, 0.354115, 0.0861061, 0, 0, 1.13164, 4.14319, 0.0322847, 0, 0, 0, 0, 0, 0.000173613, 197458, 0, 215
50000,0,true,BAMBOO,false,true,false,WR,1,0,false,LH_MCSLOCK,100000,0,TOP,0.5,16,true,WR,0,,false,10000000,2,YCSB,false,0.9, 3441, 26608,0,0,0,0, 26950, 5.28691,74209.6, 0.0671269, 0.256935, 0.0338065, 0, 0, 0.798656, 3.12631, 0.273147, 0, 0, 0, 0, 0, 4.1994e-05, 196170, 0, 74
50000,0,true,BAMBOO,false,true,true,WR,1,0,false,LH_MCSLOCK,100000,0,TOP,0.5,16,true,WR,0,,false,10000000,4,YCSB,false,0.9, 5750, 25766,0,0,0,0, 26130, 10.1195,153081, 0.140705, 0.834561, 0.284152, 0, 0, 1.41532, 5.88652, 0.457242, 0, 0, 0, 0, 0, 0.0015406, 387275, 0, 2001
50000,0,true,BAMBOO,false,true,false,WR,1,0,false,LH_MCSLOCK,100000,0,TOP,0.5,16,true,WR,0,,false,10000000,4,YCSB,false,0.9, 18723, 28314,0,0,0,0, 29424, 11.6396,135942, 0.439076, 0.695482, 0.173797, 0, 0, 1.39507, 6.45888, 1.46694, 0, 0, 0, 0, 0, 0.000459279, 395576, 0, 894
50000,0,true,BAMBOO,false,true,true,WR,1,0,false,LH_MCSLOCK,100000,0,TOP,0.5,16,true,WR,0,,false,10000000,8,YCSB,false,0.9, 38694, 27853,0,0,0,0, 29073, 22.3855,275173, 0.938487, 2.44491, 1.09184, 0, 0, 2.2311, 11.8143, 3.03038, 0, 0, 0, 0, 0, 0.0249692, 769987, 0, 11794
50000,0,true,BAMBOO,false,true,false,WR,1,0,false,LH_MCSLOCK,100000,0,TOP,0.5,16,true,WR,0,,false,10000000,8,YCSB,false,0.9, 73158, 23996,0,0,0,0, 26463, 20.2565,302324, 1.88732, 1.45971, 0.328289, 0, 0, 1.52234, 8.49136, 5.68215, 0, 0, 0, 0, 0, 0.00423394, 765503, 0, 7140
50000,0,true,BAMBOO,false,true,true,WR,1,0,false,LH_MCSLOCK,100000,0,TOP,0.5,16,true,WR,0,,false,10000000,16,YCSB,false,0.9, 174140, 29456,0,0,0,0, 32721, 49.4874,488997, 4.93587, 6.33173, 3.36562, 0, 0, 3.19363, 21.7803, 13.5027, 0, 0, 0, 0, 0, 0.0478998, 1512449, 0, 60497
50000,0,true,BAMBOO,false,true,false,WR,1,0,false,LH_MCSLOCK,100000,0,TOP,0.5,16,true,WR,0,,false,10000000,16,YCSB,false,0.9, 293456, 28986,0,0,0,0, 35648, 55.8249,448866, 10.4291, 4.77586, 1.92087, 0, 0, 2.34968, 19.0897, 22.717, 0, 0, 0, 0, 0, 0.0234816, 1566120, 0, 38399
50000,0,true,BAMBOO,false,true,true,WR,1,0,false,LH_MCSLOCK,100000,0,TOP,0.5,16,true,WR,0,,false,10000000,32,YCSB,false,0.9, 747484, 35869,0,0,0,0, 44551, 138.474,718323, 26.976, 21.7154, 13.4428, 0, 0, 4.32857, 46.3056, 58.2122, 0, 0, 0, 0, 0, 0.334952, 3108402, 0, 328776
50000,0,true,BAMBOO,false,true,false,WR,1,0,false,LH_MCSLOCK,100000,0,TOP,0.5,16,true,WR,0,,false,10000000,32,YCSB,false,0.9, 1068151, 33598,0,0,0,0, 49322, 155.522,648879, 49.5658, 14.8001, 7.06931, 0, 0, 4.27038, 38.4536, 82.9728, 0, 0, 0, 0, 0, 0.159911, 3153587, 0, 225319
50000,0,true,WOUND_WAIT,false,true,false,WR,1,0,false,LH_MCSLOCK,100000,0,TOP,0.5,16,true,WR,0,,false,10000000,1,YCSB,false,0.9, 0, 15475,0,0,0,0, 15475, 1.54751,64620, 0, 0.0799664, 0, 0, 0, 0.262601, 0.938964, 0.00307395, 0, 0, 0, 0, 2317688, 0, 100000, 0, 0
50000,0,true,WOUND_WAIT,false,true,false,WR,1,0,false,LH_MCSLOCK,100000,0,TOP,0.5,16,true,WR,0,,false,10000000,2,YCSB,false,0.9, 4718, 23571,0,0,0,0, 23990, 4.4901,83367.4, 0.0784234, 0.187921, 0, 0, 0, 0.683357, 2.41863, 0.372745, 0, 0, 0, 0, 17616143, 0.0843397, 187164, 0, 10411
50000,0,true,WOUND_WAIT,false,true,false,WR,1,0,false,LH_MCSLOCK,100000,0,TOP,0.5,16,true,WR,0,,false,10000000,4,YCSB,false,0.9, 24018, 28394,0,0,0,0, 29881, 11.5629,133864, 0.575403, 0.528753, 0, 0, 0, 1.32907, 5.54027, 1.87447, 0, 0, 0, 0, 58023197, 0.589823, 386966, 0, 63306
50000,0,true,WOUND_WAIT,false,true,false,WR,1,0,false,LH_MCSLOCK,100000,0,TOP,0.5,16,true,WR,0,,false,10000000,8,YCSB,false,0.9, 81342, 27489,0,0,0,0, 30284, 23.1761,264177, 2.13781, 1.00784, 0, 0, 0, 1.60919, 7.93112, 6.29768, 0, 0, 0, 0, 84863320, 3.01269, 765323, 0, 259025
50000,0,true,WOUND_WAIT,false,true,false,WR,1,0,false,LH_MCSLOCK,100000,0,TOP,0.5,16,true,WR,0,,false,10000000,16,YCSB,false,0.9, 255539, 35900,0,0,0,0, 41648, 64.9545,384190, 8.96072, 2.38217, 0, 0, 0, 2.38764, 14.579, 19.7985, 0, 0, 0, 0, 191986504, 17.2652, 1559681, 0, 1020013
50000,0,true,WOUND_WAIT,false,true,false,WR,1,0,false,LH_MCSLOCK,100000,0,TOP,0.5,16,true,WR,0,,false,10000000,32,YCSB,false,0.9, 837999, 55584,0,0,0,0, 70631, 222.689,453085, 47.4298, 5.7163, 0, 0, 0, 3.35334, 24.6815, 65.3174, 0, 0, 0, 0, 402178631, 89.335, 3153031, 0, 3430826
50000,0,true,SILO,false,true,false,WR,1,0,false,LH_MCSLOCK,100000,0,TOP,0.5,16,true,WR,0,,false,10000000,1,YCSB,false,0.9, 0, 14684,0,0,0,0, 14684, 1.46845,68099.1, 0, 0.0837427, 0, 0, 0, 0.272534, 0.78621, 0.00306964, 0, 0, 0, 0, 0, 0, 100000, 0, 0
50000,0,true,SILO,false,true,false,WR,1,0,false,LH_MCSLOCK,100000,0,TOP,0.5,16,true,WR,0,,false,10000000,2,YCSB,false,0.9, 9251, 28102,0,0,0,0, 29578, 5.91305,67618.9, 0.29483, 0.221998, 0, 0, 0, 1.10923, 2.68912, 0.725872, 0, 0, 0, 0, 0, 0, 199917, 0, 0
50000,0,true,SILO,false,true,false,WR,1,0,false,LH_MCSLOCK,100000,0,TOP,0.5,16,true,WR,0,,false,10000000,4,YCSB,false,0.9, 38652, 21553,0,0,0,0, 23671, 8.96623,168989, 0.801981, 0.423066, 0, 0, 0, 0.732163, 2.54688, 3.00441, 0, 0, 0, 0, 0, 0, 378798, 0, 0
50000,0,true,SILO,false,true,false,WR,1,0,false,LH_MCSLOCK,100000,0,TOP,0.5,16,true,WR,0,,false,10000000,8,YCSB,false,0.9, 145690, 28392,0,0,0,0, 33323, 25.9186,240089, 3.834, 0.977955, 0, 0, 0, 1.77956, 5.73656, 11.2965, 0, 0, 0, 0, 0, 0, 777847, 0, 0
50000,0,true,SILO,false,true,false,WR,1,0,false,LH_MCSLOCK,100000,0,TOP,0.5,16,true,WR,0,,false,10000000,16,YCSB,false,0.9, 419280, 27094,0,0,0,0, 32617, 51.1902,490585, 8.66352, 1.79241, 0, 0, 0, 1.44228, 6.07673, 32.3715, 0, 0, 0, 0, 0, 0, 1569573, 0, 0
50000,0,true,SILO,false,true,false,WR,1,0,false,LH_MCSLOCK,100000,0,TOP,0.5,16,true,WR,0,,false,10000000,32,YCSB,false,0.9, 1368073, 35773,0,0,0,0, 48689, 151.144,657302, 40.0804, 4.38705, 0, 0, 0, 2.9724, 13.3637, 103.753, 0, 0, 0, 0, 0, 0, 3104592, 0, 0
50000,0,true,WAIT_DIE,false,true,false,WR,1,0,false,LH_MCSLOCK,100000,0,TOP,0.5,16,true,WR,0,,false,10000000,1,YCSB,false,0.9, 0, 15350,0,0,0,0, 15350, 1.535,65146.6, 0, 0.0651918, 0, 0, 0, 0.261184, 0.924191, 0.00670094, 0, 0, 0, 0, 2708882, 0, 100000, 0, 0
50000,0,true,WAIT_DIE,false,true,false,WR,1,0,false,LH_MCSLOCK,100000,0,TOP,0.5,16,true,WR,0,,false,10000000,2,YCSB,false,0.9, 10073, 29433,0,0,0,0, 30018, 5.96647,66626, 0.116157, 0.155569, 0, 0, 0, 1.11032, 3.00322, 0.80216, 0, 0, 0, 0, 15803295, 0.0633386, 198761, 0, 5567
50000,0,true,WAIT_DIE,false,true,false,WR,1,0,false,LH_MCSLOCK,100000,0,TOP,0.5,16,true,WR,0,,false,10000000,4,YCSB,false,0.9, 49455, 31085,0,0,0,0, 32694, 12.7419,122350, 0.626475, 0.356282, 0, 0, 0, 1.33227, 4.96442, 3.87183, 0, 0, 0, 0, 39960961, 0.32214, 389744, 0, 28450
50000,0,true,WAIT_DIE,false,true,false,WR,1,0,false,LH_MCSLOCK,100000,0,TOP,0.5,16,true,WR,0,,false,10000000,8,YCSB,false,0.9, 188165, 33061,0,0,0,0, 36989, 29.2444,216293, 3.10369, 0.759225, 0, 0, 0, 1.59062, 7.26942, 14.6085, 0, 0, 0, 0, 77647395, 1.05062, 790672, 0, 108843
50000,0,true,WAIT_DIE,false,true,false,WR,1,0,false,LH_MCSLOCK,100000,0,TOP,0.5,16,true,WR,0,,false,10000000,16,YCSB,false,0.9, 647890, 39400,0,0,0,0, 49613, 78.3808,322526, 16.1282, 1.71435, 0, 0, 0, 1.9969, 12.3659, 50.1572, 0, 0, 0, 0, 139777983, 3.69828, 1579989, 0, 363172
50000,0,true,WAIT_DIE,false,true,false,WR,1,0,false,LH_MCSLOCK,100000,0,TOP,0.5,16,true,WR,0,,false,10000000,32,YCSB,false,0.9, 2116240, 45271,0,0,0,0, 67986, 216.165,470738, 72.2046, 4.12493, 0, 0, 0, 2.42894, 18.8035, 162.79, 0, 0, 0, 0, 279935908, 10.2142, 3179905, 0, 1089538
50000,0,true,NO_WAIT,false,true,false,WR,1,0,false,LH_MCSLOCK,100000,0,TOP,0.5,16,true,WR,0,,false,10000000,1,YCSB,false,0.9, 0, 15215,0,0,0,0, 15215, 1.52159,65720.9, 0, 0.0654133, 0, 0, 0, 0.259806, 0.918106, 0.00305425, 0, 0, 0, 0, 0, 0, 100000, 0, 0
50000,0,true,NO_WAIT,false,true,false,WR,1,0,false,LH_MCSLOCK,100000,0,TOP,0.5,16,true,WR,0,,false,10000000,2,YCSB,false,0.9, 14875, 30631,0,0,0,0, 32492, 6.47946,61553.9, 0.371079, 0.166898, 0, 0, 0, 1.0396, 3.1143, 1.15902, 0, 0, 0, 0, 0, 0, 199418, 0, 0
50000,0,true,NO_WAIT,false,true,false,WR,1,0,false,LH_MCSLOCK,100000,0,TOP,0.5,16,true,WR,0,,false,10000000,4,YCSB,false,0.9, 71032, 29158,0,0,0,0, 34896, 13.6601,114632, 2.24536, 0.329797, 0, 0, 0, 1.23616, 4.55732, 5.48529, 0, 0, 0, 0, 0, 0, 391473, 0, 0
50000,0,true,NO_WAIT,false,true,false,WR,1,0,false,LH_MCSLOCK,100000,0,TOP,0.5,16,true,WR,0,,false,10000000,8,YCSB,false,0.9, 255838, 30112,0,0,0,0, 42632, 33.4219,187671, 9.81291, 0.77865, 0, 0, 0, 1.45836, 7.22519, 19.8315, 0, 0, 0, 0, 0, 0, 784040, 0, 0
50000,0,true,NO_WAIT,false,true,false,WR,1,0,false,LH_MCSLOCK,100000,0,TOP,0.5,16,true,WR,0,,false,10000000,16,YCSB,false,0.9, 874797, 32582,0,0,0,0, 57678, 91.1814,277428, 39.6671, 1.60993, 0, 0, 0, 2.02198, 11.8197, 67.3962, 0, 0, 0, 0, 0, 0, 1581018, 0, 0
50000,0,true,NO_WAIT,false,true,false,WR,1,0,false,LH_MCSLOCK,100000,0,TOP,0.5,16,true,WR,0,,false,10000000,32,YCSB,false,0.9, 3152635, 36932,0,0,0,0, 89640, 280.726,357024, 165.051, 4.3466, 0, 0, 0, 3.02169, 21.7025, 231.31, 0, 0, 0, 0, 0, 0, 3132057, 0, 0
50000,0,true,BAMBOO,false,true,true,WR,1,0,false,LH_MCSLOCK,100000,0,TOP,0.5,16,true,WR,0,,false,10000000,1,YCSB,false,0.9, 0, 13842,0,0,0,0, 13842, 1.38427,72240.4, 0, 0.0381845, 0.00153532, 0, 0, 0.259065, 0.748618, 0.00306694, 0, 0, 0, 0, 0, 0, 100000, 0, 0
50000,0,true,BAMBOO,false,true,false,WR,1,0,false,LH_MCSLOCK,100000,0,TOP,0.5,16,true,WR,0,,false,10000000,1,YCSB,false,0.9, 0, 14111,0,0,0,0, 14111, 1.41119,70862, 0, 0.0380097, 0.00154485, 0, 0, 0.273914, 0.757632, 0.00306626, 0, 0, 0, 0, 0, 0, 100000, 0, 0
50000,0,true,BAMBOO,false,true,true,WR,1,0,false,LH_MCSLOCK,100000,0,TOP,0.5,16,true,WR,0,,false,10000000,2,YCSB,false,0.9, 345, 36482,0,0,0,0, 36535, 7.10659,54741.3, 0.0102524, 0.355304, 0.082492, 0, 0, 1.31763, 4.46912, 0.0329413, 0, 0, 0, 0, 0, 0.0001823, 194512, 0, 218
50000,0,true,BAMBOO,false,true,false,WR,1,0,false,LH_MCSLOCK,100000,0,TOP,0.5,16,true,WR,0,,false,10000000,2,YCSB,false,0.9, 3282, 31763,0,0,0,0, 32148, 6.05531,62211.8, 0.0724772, 0.272442, 0.0328551, 0, 0, 1.07332, 3.58592, 0.262716, 0, 0, 0, 0, 0, 6.7244e-05, 188356, 0, 98
50000,0,true,BAMBOO,false,true,true,WR,1,0,false,LH_MCSLOCK,100000,0,TOP,0.5,16,true,WR,0,,false,10000000,4,YCSB,false,0.9, 5893, 29437,0,0,0,0, 29849, 11.5055,134005, 0.158929, 0.893228, 0.327738, 0, 0, 1.70398, 6.9642, 0.471303, 0, 0, 0, 0, 0, 0.00139375, 385451, 0, 1917
50000,0,true,BAMBOO,false,true,false,WR,1,0,false,LH_MCSLOCK,100000,0,TOP,0.5,16,true,WR,0,,false,10000000,4,YCSB,false,0.9, 17769, 25632,0,0,0,0, 26690, 9.98841,149872, 0.395668, 0.620823, 0.115536, 0, 0, 1.11634, 5.24663, 1.38635, 0, 0, 0, 0, 0, 0.000789504, 374245, 0, 1159
50000,0,true,BAMBOO,false,true,true,WR,1,0,false,LH_MCSLOCK,100000,0,TOP,0.5,16,true,WR,0,,false,10000000,8,YCSB,false,0.9, 38109, 27271,0,0,0,0, 28482, 21.7372,280880, 0.923689, 2.44033, 1.14204, 0, 0, 2.2198, 11.5047, 2.98063, 0, 0, 0, 0, 0, 0.00853528, 763195, 0, 11227
50000,0,true,BAMBOO,false,true,false,WR,1,0,false,LH_MCSLOCK,100000,0,TOP,0.5,16,true,WR,0,,false,10000000,8,YCSB,false,0.9, 77044, 27697,0,0,0,0, 30471, 23.5891,262558, 2.14634, 2.15125, 0.98869, 0, 0, 1.71075, 10.6525, 5.98825, 0, 0, 0, 0, 0, 0.00397328, 774190, 0, 6596
50000,0,true,BAMBOO,false,true,true,WR,1,0,false,LH_MCSLOCK,100000,0,TOP,0.5,16,true,WR,0,,false,10000000,16,YCSB,false,0.9, 175401, 25878,0,0,0,0, 28702, 44.334,557471, 4.36059, 5.42934, 2.54683, 0, 0, 2.31155, 18.038, 13.6035, 0, 0, 0, 0, 0, 0.0465441, 1544682, 0, 62383
50000,0,true,BAMBOO,false,true,false,WR,1,0,false,LH_MCSLOCK,100000,0,TOP,0.5,16,true,WR,0,,false,10000000,16,YCSB,false,0.9, 291599, 29019,0,0,0,0, 35699, 55.8697,448219, 10.451, 4.98674, 2.05802, 0, 0, 2.5033, 18.9821, 22.6218, 0, 0, 0, 0, 0, 0.0257857, 1565117, 0, 39919
50000,0,true,BAMBOO,false,true,true,WR,1,0,false,LH_MCSLOCK,100000,0,TOP,0.5,16,true,WR,0,,false,10000000,32,YCSB,false,0.9, 831566, 44228,0,0,0,0, 56013, 176.19,571349, 37.054, 32.3658, 22.2313, 0, 0, 7.72369, 63.92, 65.0492, 0, 0, 0, 0, 0, 0.455983, 3145810, 0, 348262
50000,0,true,BAMBOO,false,true,false,WR,1,0,false,LH_MCSLOCK,100000,0,TOP,0.5,16,true,WR,0,,false,10000000,32,YCSB,false,0.9, 1059490, 34104,0,0,0,0, 49586, 156.283,645413, 48.7825, 18.1594, 9.88259, 0, 0, 3.41039, 41.1208, 82.1509, 0, 0, 0, 0, 0, 0.222433, 3152090, 0, 267055
50000,0,true,WOUND_WAIT,false,true,false,WR,1,0,false,LH_MCSLOCK,100000,0,TOP,0.5,16,true,WR,0,,false,10000000,1,YCSB,false,0.9, 0, 15538,0,0,0,0, 15538, 1.55386,64355.7, 0, 0.0801985, 0, 0, 0, 0.261928, 0.941618, 0.00307036, 0, 0, 0, 0, 2328071, 0, 100000, 0, 0
50000,0,true,WOUND_WAIT,false,true,false,WR,1,0,false,LH_MCSLOCK,100000,0,TOP,0.5,16,true,WR,0,,false,10000000,2,YCSB,false,0.9, 5121, 33786,0,0,0,0, 34400, 6.80629,58139.5, 0.121377, 0.23677, 0, 0, 0, 1.36, 3.74722, 0.405691, 0, 0, 0, 0, 26968401, 0.149452, 197857, 0, 11569
50000,0,true,WOUND_WAIT,false,true,false,WR,1,0,false,LH_MCSLOCK,100000,0,TOP,0.5,16,true,WR,0,,false,10000000,4,YCSB,false,0.9, 24009, 28213,0,0,0,0, 29684, 11.2678,134754, 0.558002, 0.489638, 0, 0, 0, 1.32662, 5.34277, 1.87287, 0, 0, 0, 0, 52812742, 0.6721, 379597, 0, 62811
50000,0,true,WOUND_WAIT,false,true,false,WR,1,0,false,LH_MCSLOCK,100000,0,TOP,0.5,16,true,WR,0,,false,10000000,8,YCSB,false,0.9, 84535, 31817,0,0,0,0, 34988, 26.9187,228654, 2.43857, 1.12729, 0, 0, 0, 2.16286, 9.62268, 6.55077, 0, 0, 0, 0, 103065508, 3.77893, 769381, 0, 273635
50000,0,true,WOUND_WAIT,false,true,false,WR,1,0,false,LH_MCSLOCK,100000,0,TOP,0.5,16,true,WR,0,,false,10000000,16,YCSB,false,0.9, 244011, 30487,0,0,0,0, 35340, 55.2418,452759, 7.58336, 2.14531, 0, 0, 0, 1.87079, 12.3471, 18.8388, 0, 0, 0, 0, 167176348, 13.0973, 1563200, 0, 971163
50000,0,true,WOUND_WAIT,false,true,false,WR,1,0,false,LH_MCSLOCK,100000,0,TOP,0.5,16,true,WR,0,,false,10000000,32,YCSB,false,0.9, 866115, 73970,0,0,0,0, 93725, 295.344,341441, 62.2392, 6.45748, 0, 0, 0, 5.21136, 35.3176, 67.4416, 0, 0, 0, 0, 505314208, 134.113, 3151328, 0, 3550282
50000,0,true,SILO,false,true,false,WR,1,0,false,LH_MCSLOCK,100000,0,TOP,0.5,16,true,WR,0,,false,10000000,1,YCSB,false,0.9, 0, 14432,0,0,0,0, 14432, 1.44328,69286.4, 0, 0.0818832, 0, 0, 0, 0.265176, 0.771638, 0.00306659, 0, 0, 0, 0, 0, 0, 100000, 0, 0
50000,0,true,SILO,false,true,false,WR,1,0,false,LH_MCSLOCK,100000,0,TOP,0.5,16,true,WR,0,,false,10000000,2,YCSB,false,0.9, 8820, 26199,0,0,0,0, 27645, 5.35798,72346, 0.280152, 0.208885, 0, 0, 0, 0.988524, 2.31951, 0.689026, 0, 0, 0, 0, 0, 0, 193814, 0, 0
50000,0,true,SILO,false,true,false,WR,1,0,false,LH_MCSLOCK,100000,0,TOP,0.5,16,true,WR,0,,false,10000000,4,YCSB,false,0.9, 41355, 25134,0,0,0,0, 27935, 10.8475,143193, 1.08715, 0.444144, 0, 0, 0, 1.27966, 3.23842, 3.20597, 0, 0, 0, 0, 0, 0, 388320, 0, 0
50000,0,true,SILO,false,true,false,WR,1,0,false,LH_MCSLOCK,100000,0,TOP,0.5,16,true,WR,0,,false,10000000,8,YCSB,false,0.9, 143799, 28408,0,0,0,0, 33388, 25.753,239621, 3.8399, 0.979657, 0, 0, 0, 1.67082, 5.81054, 11.1412, 0, 0, 0, 0, 0, 0, 771369, 0, 0
50000,0,true,SILO,false,true,false,WR,1,0,false,LH_MCSLOCK,100000,0,TOP,0.5,16,true,WR,0,,false,10000000,16,YCSB,false,0.9, 428409, 28828,0,0,0,0, 35118, 54.0652,455641, 9.67974, 1.82532, 0, 0, 0, 1.70025, 6.61922, 33.1913, 0, 0, 0, 0, 0, 0, 1539646, 0, 0
50000,0,true,SILO,false,true,false,WR,1,0,false,LH_MCSLOCK,100000,0,TOP,0.5,16,true,WR,0,,false,10000000,32,YCSB,false,0.9, 1280161, 32220,0,0,0,0, 42946, 133.902,745212, 33.4299, 3.98745, 0, 0, 0, 2.4057, 9.59638, 98.4022, 0, 0, 0, 0, 0, 0, 3118301, 0, 0
50000,0,true,WAIT_DIE,false,true,false,WR,1,0,false,LH_MCSLOCK,100000,0,TOP,0.5,16,true,WR,0,,false,10000000,1,YCSB,false,0.9, 0, 15289,0,0,0,0, 15289, 1.52899,65402.5, 0, 0.0653849, 0, 0, 0, 0.260057, 0.920454, 0.00669706, 0, 0, 0, 0, 2708593, 0, 100000, 0, 0
50000,0,true,WAIT_DIE,false,true,false,WR,1,0,false,LH_MCSLOCK,100000,0,TOP,0.5,16,true,WR,0,,false,10000000,2,YCSB,false,0.9, 10194, 35017,0,0,0,0, 35715, 7.02004,55999.7, 0.136906, 0.166714, 0, 0, 0, 1.40022, 3.63421, 0.814056, 0, 0, 0, 0, 16453961, 0.0836809, 196560, 0, 5599
50000,0,true,WAIT_DIE,false,true,false,WR,1,0,false,LH_MCSLOCK,100000,0,TOP,0.5,16,true,WR,0,,false,10000000,4,YCSB,false,0.9, 51507, 33474,0,0,0,0, 35350, 13.831,113156, 0.73354, 0.37259, 0, 0, 0, 1.47893, 5.52622, 4.05301, 0, 0, 0, 0, 45180848, 0.369593, 391267, 0, 29459
50000,0,true,WAIT_DIE,false,true,false,WR,1,0,false,LH_MCSLOCK,100000,0,TOP,0.5,16,true,WR,0,,false,10000000,8,YCSB,false,0.9, 193439, 35945,0,0,0,0, 40730, 31.9273,196425, 3.74905, 0.788253, 0, 0, 0, 2.04446, 8.49314, 15.0664, 0, 0, 0, 0, 86611421, 1.35158, 783917, 0, 110355
50000,0,true,WAIT_DIE,false,true,false,WR,1,0,false,LH_MCSLOCK,100000,0,TOP,0.5,16,true,WR,0,,false,10000000,16,YCSB,false,0.9, 646388, 39798,0,0,0,0, 50206, 79.6928,318715, 16.5139, 1.72299, 0, 0, 0, 2.17296, 13.0203, 50.1921, 0, 0, 0, 0, 132978167, 4.07387, 1587453, 0, 359628
50000,0,true,WAIT_DIE,false,true,false,WR,1,0,false,LH_MCSLOCK,100000,0,TOP,0.5,16,true,WR,0,,false,10000000,32,YCSB,false,0.9, 2480422, 52369,0,0,0,0, 84387, 268.312,379253, 101.781, 4.6293, 0, 0, 0, 3.76062, 24.408, 192.957, 0, 0, 0, 0, 295253207, 18.5794, 3179947, 0, 1194290
50000,0,true,NO_WAIT,false,true,false,WR,1,0,false,LH_MCSLOCK,100000,0,TOP,0.5,16,true,WR,0,,false,10000000,1,YCSB,false,0.9, 0, 15214,0,0,0,0, 15214, 1.52141,65728.4, 0, 0.0650482, 0, 0, 0, 0.262207, 0.916112, 0.00306275, 0, 0, 0, 0, 0, 0, 100000, 0, 0
50000,0,true,NO_WAIT,false,true,false,WR,1,0,false,LH_MCSLOCK,100000,0,TOP,0.5,16,true,WR,0,,false,10000000,2,YCSB,false,0.9, 13247, 24231,0,0,0,0, 25691, 4.95652,77848.5, 0.281644, 0.147971, 0, 0, 0, 0.722584, 2.25074, 1.03398, 0, 0, 0, 0, 0, 0, 192929, 0, 0
50000,0,true,NO_WAIT,false,true,false,WR,1,0,false,LH_MCSLOCK,100000,0,TOP,0.5,16,true,WR,0,,false,10000000,4,YCSB,false,0.9, 67709, 28156,0,0,0,0, 33481, 13.0829,119478, 2.08007, 0.334676, 0, 0, 0, 1.00503, 4.55846, 5.25667, 0, 0, 0, 0, 0, 0, 390782, 0, 0
50000,0,true,NO_WAIT,false,true,false,WR,1,0,false,LH_MCSLOCK,100000,0,TOP,0.5,16,true,WR,0,,false,10000000,8,YCSB,false,0.9, 263403, 30793,0,0,0,0, 43809, 34.7117,182626, 10.311, 0.69437, 0, 0, 0, 1.63732, 7.68585, 20.2848, 0, 0, 0, 0, 0, 0, 792407, 0, 0
50000,0,true,NO_WAIT,false,true,false,WR,1,0,false,LH_MCSLOCK,100000,0,TOP,0.5,16,true,WR,0,,false,10000000,16,YCSB,false,0.9, 828467, 31698,0,0,0,0, 55109, 86.4695,290361, 36.7281, 1.71087, 0, 0, 0, 1.629, 10.8772, 64.1659, 0, 0, 0, 0, 0, 0, 1569211, 0, 0
50000,0,true,NO_WAIT,false,true,false,WR,1,0,false,LH_MCSLOCK,100000,0,TOP,0.5,16,true,WR,0,,false,10000000,32,YCSB,false,0.9, 3365596, 39417,0,0,0,0, 98159, 308.466,326042, 184.581, 4.66115, 0, 0, 0, 4.02308, 25.1227, 251.001, 0, 0, 0, 0, 0, 0, 3142908, 0, 0
50000,0,true,BAMBOO,false,true,true,WR,1,0,false,LH_MCSLOCK,100000,0,TOP,0.5,16,true,WR,0,,false,10000000,1,YCSB,false,0.9, 0, 13849,0,0,0,0, 13849, 1.38495,72204.8, 0, 0.0378996, 0.00153673, 0, 0, 0.260827, 0.745853, 0.00306426, 0, 0, 0, 0, 0, 0, 100000, 0, 0
50000,0,true,BAMBOO,false,true,false,WR,1,0,false,LH_MCSLOCK,100000,0,TOP,0.5,16,true,WR,0,,false,10000000,1,YCSB,false,0.9, 0, 14077,0,0,0,0, 14077, 1.40778,71033.9, 0, 0.038184, 0.00154428, 0, 0, 0.274634, 0.756705, 0.00305764, 0, 0, 0, 0, 0, 0, 100000, 0, 0
50000,0,true,BAMBOO,false,true,true,WR,1,0,false,LH_MCSLOCK,100000,0,TOP,0.5,16,true,WR,0,,false,10000000,2,YCSB,false,0.9, 327, 38788,0,0,0,0, 38847, 7.28862,51483.6, 0.0110359, 0.34814, 0.0837412, 0, 0, 1.52754, 4.52956, 0.0314635, 0, 0, 0, 0, 0, 0.000168611, 187622, 0, 201
50000,0,true,BAMBOO,false,true,false,WR,1,0,false,LH_MCSLOCK,100000,0,TOP,0.5,16,true,WR,0,,false,10000000,2,YCSB,false,0.9, 3519, 32578,0,0,0,0, 32983, 6.59018,60636.9, 0.0808452, 0.289625, 0.0383063, 0, 0, 1.11147, 3.94915, 0.27854, 0, 0, 0, 0, 0, 9.1207e-05, 199804, 0, 132
50000,0,true,BAMBOO,false,true,true,WR,1,0,false,LH_MCSLOCK,100000,0,TOP,0.5,16,true,WR,0,,false,10000000,4,YCSB,false,0.9, 5595, 31144,0,0,0,0, 31551, 11.5906,126776, 0.149711, 0.882601, 0.326732, 0, 0, 1.84489, 7.00125, 0.448168, 0, 0, 0, 0, 0, 0.00817779, 367353, 0, 1644
50000,0,true,BAMBOO,false,true,false,WR,1,0,false,LH_MCSLOCK,100000,0,TOP,0.5,16,true,WR,0,,false,10000000,4,YCSB,false,0.9, 18296, 29952,0,0,0,0, 31122, 11.8094,128528, 0.44357, 0.770779, 0.201378, 0, 0, 1.51099, 6.40864, 1.43225, 0, 0, 0, 0, 0, 0.000840257, 379459, 0, 1138
50000,0,true,BAMBOO,false,true,true,WR,1,0,false,LH_MCSLOCK,100000,0,TOP,0.5,16,true,WR,0,,false,10000000,8,YCSB,false,0.9, 38269, 28525,0,0,0,0, 29818, 22.7547,268299, 0.986004, 2.43749, 1.13334, 0, 0, 2.34716, 12.2434, 2.98895, 0, 0, 0, 0, 0, 0.00797296, 763134, 0, 10451
50000,0,true,BAMBOO,false,true,false,WR,1,0,false,LH_MCSLOCK,100000,0,TOP,0.5,16,true,WR,0,,false,10000000,8,YCSB,false,0.9, 78730, 28604,0,0,0,0, 31517, 24.5692,253838, 2.26991, 1.90507, 0.641052, 0, 0, 1.91694, 11.2122, 6.11473, 0, 0, 0, 0, 0, 0.00431497, 779577, 0, 6853
50000,0,true,BAMBOO,false,true,true,WR,1,0,false,LH_MCSLOCK,100000,0,TOP,0.5,16,true,WR,0,,false,10000000,16,YCSB,false,0.9, 181015, 27616,0,0,0,0, 30650, 47.7331,522031, 4.72353, 5.59831, 2.57982, 0, 0, 2.27868, 20.3759, 14.0306, 0, 0, 0, 0, 0, 0.04964, 1557385, 0, 62555
50000,0,true,BAMBOO,false,true,false,WR,1,0,false,LH_MCSLOCK,100000,0,TOP,0.5,16,true,WR,0,,false,10000000,16,YCSB,false,0.9, 283329, 27031,0,0,0,0, 33123, 52.0253,483081, 9.56489, 4.99584, 2.19854, 0, 0, 2.08665, 17.0225, 21.9432, 0, 0, 0, 0, 0, 0.166094, 1570776, 0, 39967
50000,0,true,BAMBOO,false,true,true,WR,1,0,false,LH_MCSLOCK,100000,0,TOP,0.5,16,true,WR,0,,false,10000000,32,YCSB,false,0.9, 785247, 39643,0,0,0,0, 50277, 157.507,636544, 33.2997, 28.5174, 19.6316, 0, 0, 5.1492, 55.3918, 61.1846, 0, 0, 0, 0, 0, 0.370105, 3133128, 0, 335998
50000,0,true,BAMBOO,false,true,false,WR,1,0,false,LH_MCSLOCK,100000,0,TOP,0.5,16,true,WR,0,,false,10000000,32,YCSB,false,0.9, 1090672, 35820,0,0,0,0, 52911, 166.26,604867, 53.6881, 19.2236, 11.113, 0, 0, 4.91994, 43.4144, 84.781, 0, 0, 0, 0, 0, 0.1758, 3142665, 0, 235290
50000,0,true,WOUND_WAIT,false,true,false,WR,1,0,false,LH_MCSLOCK,100000,0,TOP,0.5,16,true,WR,0,,false,10000000,1,YCSB,false,0.9, 0, 15511,0,0,0,0, 15511, 1.55119,64466.8, 0, 0.078938, 0, 0, 0, 0.260611, 0.941788, 0.00307294, 0, 0, 0, 0, 2315221, 0, 100000, 0, 0
50000,0,true,WOUND_WAIT,false,true,false,WR,1,0,false,LH_MCSLOCK,100000,0,TOP,0.5,16,true,WR,0,,false,10000000,2,YCSB,false,0.9, 4951, 28107,0,0,0,0, 28569, 5.65461,70004.8, 0.0913674, 0.221198, 0, 0, 0, 0.957283, 3.09834, 0.392054, 0, 0, 0, 0, 22528763, 0.129092, 197925, 0, 11634
50000,0,true,WOUND_WAIT,false,true,false,WR,1,0,false,LH_MCSLOCK,100000,0,TOP,0.5,16,true,WR,0,,false,10000000,4,YCSB,false,0.9, 24185, 28646,0,0,0,0, 30120, 11.557,132804, 0.565362, 0.510816, 0, 0, 0, 1.35156, 5.53246, 1.88395, 0, 0, 0, 0, 50239900, 0.690877, 383705, 0, 63644
50000,0,true,WOUND_WAIT,false,true,false,WR,1,0,false,LH_MCSLOCK,100000,0,TOP,0.5,16,true,WR,0,,false,10000000,8,YCSB,false,0.9, 83874, 28579,0,0,0,0, 31517, 24.0755,253840, 2.24322, 1.01043, 0, 0, 0, 1.61933, 8.51387, 6.50332, 0, 0, 0, 0, 94433525, 3.07905, 763916, 0, 265882
50000,0,true,WOUND_WAIT,false,true,false,WR,1,0,false,LH_MCSLOCK,100000,0,TOP,0.5,16,true,WR,0,,false,10000000,16,YCSB,false,0.9, 254607, 37039,0,0,0,0, 42955, 66.8402,372498, 9.20269, 2.36173, 0, 0, 0, 2.50568, 15.2865, 19.7152, 0, 0, 0, 0, 183492311, 18.2202, 1556116, 0, 1015905
50000,0,true,WOUND_WAIT,false,true,false,WR,1,0,false,LH_MCSLOCK,100000,0,TOP,0.5,16,true,WR,0,,false,10000000,32,YCSB,false,0.9, 850847, 65097,0,0,0,0, 82706, 257.783,386932, 54.8742, 6.21439, 0, 0, 0, 4.46466, 29.7492, 66.1121, 0, 0, 0, 0, 471415463, 111.564, 3117012, 0, 3491556
50000,0,true,SILO,false,true,false,WR,1,0,false,LH_MCSLOCK,100000,0,TOP,0.5,16,true,WR,0,,false,10000000,1,YCSB,false,0.9, 0, 14440,0,0,0,0, 14440, 1.44409,69247.7, 0, 0.0821746, 0, 0, 0, 0.265003, 0.771998, 0.00306997, 0, 0, 0, 0, 0, 0, 100000, 0, 0
50000,0,true,SILO,false,true,false,WR,1,0,false,LH_MCSLOCK,100000,0,TOP,0.5,16,true,WR,0,,false,10000000,2,YCSB,false,0.9, 9019, 26008,0,0,0,0, 27321, 5.3781,73204, 0.258405, 0.230675, 0, 0, 0, 0.897119, 2.36001, 0.705909, 0, 0, 0, 0, 0, 0, 196849, 0, 0
50000,0,true,SILO,false,true,false,WR,1,0,false,LH_MCSLOCK,100000,0,TOP,0.5,16,true,WR,0,,false,10000000,4,YCSB,false,0.9, 40565, 23266,0,0,0,0, 25706, 10.2301,155609, 0.970768, 0.44089, 0, 0, 0, 1.09432, 3.01933, 3.14701, 0, 0, 0, 0, 0, 0, 397972, 0, 0
50000,0,true,SILO,false,true,false,WR,1,0,false,LH_MCSLOCK,100000,0,TOP,0.5,16,true,WR,0,,false,10000000,8,YCSB,false,0.9, 143862, 27085,0,0,0,0, 31527, 24.4759,253766, 3.44684, 0.9385, 0, 0, 0, 1.5276, 5.11728, 11.1438, 0, 0, 0, 0, 0, 0, 776393, 0, 0
50000,0,true,SILO,false,true,false,WR,1,0,false,LH_MCSLOCK,100000,0,TOP,0.5,16,true,WR,0,,false,10000000,16,YCSB,false,0.9, 434164, 28961,0,0,0,0, 35497, 55.3467,450788, 10.1851, 1.92297, 0, 0, 0, 1.76296, 7.35882, 33.6793, 0, 0, 0, 0, 0, 0, 1559351, 0, 0
50000,0,true,SILO,false,true,false,WR,1,0,false,LH_MCSLOCK,100000,0,TOP,0.5,16,true,WR,0,,false,10000000,32,YCSB,false,0.9, 1364077, 35225,0,0,0,0, 48088, 149.671,665520, 40.0215, 4.29779, 0, 0, 0, 3.13435, 13.1197, 103.288, 0, 0, 0, 0, 0, 0, 3112783, 0, 0
50000,0,true,WAIT_DIE,false,true,false,WR,1,0,false,LH_MCSLOCK,100000,0,TOP,0.5,16,true,WR,0,,false,10000000,1,YCSB,false,0.9, 0, 15298,0,0,0,0, 15298, 1.52984,65366.2, 0, 0.0653206, 0, 0, 0, 0.263725, 0.917959, 0.00671723, 0, 0, 0, 0, 2711731, 0, 100000, 0, 0
50000,0,true,WAIT_DIE,false,true,false,WR,1,0,false,LH_MCSLOCK,100000,0,TOP,0.5,16,true,WR,0,,false,10000000,2,YCSB,false,0.9, 10107, 30209,0,0,0,0, 30822, 6.10078,64889.1, 0.121191, 0.162224, 0, 0, 0, 1.0326, 3.12327, 0.805949, 0, 0, 0, 0, 16453519, 0.0627955, 197937, 0, 5508
50000,0,true,WAIT_DIE,false,true,false,WR,1,0,false,LH_MCSLOCK,100000,0,TOP,0.5,16,true,WR,0,,false,10000000,4,YCSB,false,0.9, 45549, 24065,0,0,0,0, 25134, 9.84507,159149, 0.41845, 0.319682, 0, 0, 0, 0.697028, 3.43691, 3.55985, 0, 0, 0, 0, 32879829, 0.199438, 391708, 0, 26323
50000,0,true,WAIT_DIE,false,true,false,WR,1,0,false,LH_MCSLOCK,100000,0,TOP,0.5,16,true,WR,0,,false,10000000,8,YCSB,false,0.9, 186567, 33020,0,0,0,0, 36945, 29.0884,216551, 3.08812, 0.733318, 0, 0, 0, 1.41274, 7.48768, 14.4934, 0, 0, 0, 0, 68658610, 1.03846, 787391, 0, 108968
50000,0,true,WAIT_DIE,false,true,false,WR,1,0,false,LH_MCSLOCK,100000,0,TOP,0.5,16,true,WR,0,,false,10000000,16,YCSB,false,0.9, 627888, 38165,0,0,0,0, 47845, 75.38,334440, 15.2446, 1.7613, 0, 0, 0, 1.93969, 11.6677, 48.6948, 0, 0, 0, 0, 149545642, 3.52719, 1575629, 0, 350829
50000,0,true,WAIT_DIE,false,true,false,WR,1,0,false,LH_MCSLOCK,100000,0,TOP,0.5,16,true,WR,0,,false,10000000,32,YCSB,false,0.9, 2343773, 49055,0,0,0,0, 77522, 245.045,412837, 89.9628, 4.49098, 0, 0, 0, 3.27314, 22.133, 180.052, 0, 0, 0, 0, 303560807, 14.7906, 3161371, 0, 1150077
50000,0,true,NO_WAIT,false,true,false,WR,1,0,false,LH_MCSLOCK,100000,0,TOP,0.5,16,true,WR,0,,false,10000000,1,YCSB,false,0.9, 0, 15207,0,0,0,0, 15207, 1.52077,65756.1, 0, 0.0644423, 0, 0, 0, 0.261835, 0.916581, 0.0030597, 0, 0, 0, 0, 0, 0, 100000, 0, 0
50000,0,true,NO_WAIT,false,true,false,WR,1,0,false,LH_MCSLOCK,100000,0,TOP,0.5,16,true,WR,0,,false,10000000,2,YCSB,false,0.9, 14915, 30879,0,0,0,0, 32713, 6.48183,61138.3, 0.363189, 0.163971, 0, 0, 0, 0.993558, 3.13169, 1.17104, 0, 0, 0, 0, 0, 0, 198144, 0, 0
50000,0,true,NO_WAIT,false,true,false,WR,1,0,false,LH_MCSLOCK,100000,0,TOP,0.5,16,true,WR,0,,false,10000000,4,YCSB,false,0.9, 71367, 29539,0,0,0,0, 35235, 13.9598,113530, 2.25578, 0.337157, 0, 0, 0, 1.53662, 4.72611, 5.53182, 0, 0, 0, 0, 0, 0, 396216, 0, 0
50000,0,true,NO_WAIT,false,true,false,WR,1,0,false,LH_MCSLOCK,100000,0,TOP,0.5,16,true,WR,0,,false,10000000,8,YCSB,false,0.9, 261883, 30181,0,0,0,0, 42752, 33.7043,187138, 9.9089, 0.748126, 0, 0, 0, 1.52119, 7.0194, 20.2245, 0, 0, 0, 0, 0, 0, 788418, 0, 0
50000,0,true,NO_WAIT,false,true,false,WR,1,0,false,LH_MCSLOCK,100000,0,TOP,0.5,16,true,WR,0,,false,10000000,16,YCSB,false,0.9, 898161, 33722,0,0,0,0, 59951, 94.2818,266910, 41.2432, 1.72568, 0, 0, 0, 1.74566, 12.2099, 69.5407, 0, 0, 0, 0, 0, 0, 1572796, 0, 0
50000,0,true,NO_WAIT,false,true,false,WR,1,0,false,LH_MCSLOCK,100000,0,TOP,0.5,16,true,WR,0,,false,10000000,32,YCSB,false,0.9, 3355643, 38634,0,0,0,0, 96208, 303.231,332651, 181.448, 4.68073, 0, 0, 0, 3.33605, 24.6338, 248.412, 0, 0, 0, 0, 0, 0, 3152196, 0, 0
50000,0,true,BAMBOO,false,true,true,WR,1,0,false,LH_MCSLOCK,100000,0,TOP,0.5,16,true,WR,0,,false,10000000,1,YCSB,false,0.9, 0, 13905,0,0,0,0, 13905, 1.39056,71913.6, 0, 0.0379431, 0.00153523, 0, 0, 0.259545, 0.755927, 0.00306967, 0, 0, 0, 0, 0, 0, 100000, 0, 0
50000,0,true,BAMBOO,false,true,false,WR,1,0,false,LH_MCSLOCK,100000,0,TOP,0.5,16,true,WR,0,,false,10000000,1,YCSB,false,0.9, 0, 14055,0,0,0,0, 14055, 1.40558,71144.8, 0, 0.0379739, 0.00154087, 0, 0, 0.274391, 0.750195, 0.00305594, 0, 0, 0, 0, 0, 0, 100000, 0, 0
50000,0,true,BAMBOO,false,true,true,WR,1,0,false,LH_MCSLOCK,100000,0,TOP,0.5,16,true,WR,0,,false,10000000,2,YCSB,false,0.9, 371, 31956,0,0,0,0, 32032, 6.17662,62437, 0.0146456, 0.354211, 0.0889645, 0, 0, 1.07561, 3.8409, 0.0348809, 0, 0, 0, 0, 0, 0.000200109, 192825, 0, 241
50000,0,true,BAMBOO,false,true,false,WR,1,0,false,LH_MCSLOCK,100000,0,TOP,0.5,16,true,WR,0,,false,10000000,2,YCSB,false,0.9, 3446, 27412,0,0,0,0, 27750, 5.47381,72071.5, 0.0667038, 0.261102, 0.0378148, 0, 0, 0.966961, 3.17406, 0.274881, 0, 0, 0, 0, 0, 0.00150382, 197253, 0, 78
50000,0,true,BAMBOO,false,true,true,WR,1,0,false,LH_MCSLOCK,100000,0,TOP,0.5,16,true,WR,0,,false,10000000,4,YCSB,false,0.9, 5681, 28410,0,0,0,0, 28767, 11.0927,139045, 0.137851, 0.892129, 0.316798, 0, 0, 1.64772, 6.60735, 0.455251, 0, 0, 0, 0, 0, 0.00131355, 385596, 0, 1756
50000,0,true,BAMBOO,false,true,false,WR,1,0,false,LH_MCSLOCK,100000,0,TOP,0.5,16,true,WR,0,,false,10000000,4,YCSB,false,0.9, 18495, 30587,0,0,0,0, 31819, 12.1786,125712, 0.47117, 0.743079, 0.192453, 0, 0, 1.57189, 6.66777, 1.44485, 0, 0, 0, 0, 0, 0.000656332, 382749, 0, 1034
50000,0,true,BAMBOO,false,true,true,WR,1,0,false,LH_MCSLOCK,100000,0,TOP,0.5,16,true,WR,0,,false,10000000,8,YCSB,false,0.9, 37018, 22332,0,0,0,0, 23290, 17.7341,343493, 0.729591, 1.76481, 0.599651, 0, 0, 1.38543, 9.0284, 2.88101, 0, 0, 0, 0, 0, 0.00880958, 761440, 0, 12566
50000,0,true,BAMBOO,false,true,false,WR,1,0,false,LH_MCSLOCK,100000,0,TOP,0.5,16,true,WR,0,,false,10000000,8,YCSB,false,0.9, 79316, 29688,0,0,0,0, 32727, 25.3977,244454, 2.35746, 1.92103, 0.620466, 0, 0, 2.24279, 11.5255, 6.16964, 0, 0, 0, 0, 0, 0.00444677, 776070, 0, 6912
50000,0,true,BAMBOO,false,true,true,WR,1,0,false,LH_MCSLOCK,100000,0,TOP,0.5,16,true,WR,0,,false,10000000,16,YCSB,false,0.9, 178006, 28890,0,0,0,0, 32049, 49.2168,499245, 4.84984, 5.97495, 3.00407, 0, 0, 2.73418, 21.4962, 13.8217, 0, 0, 0, 0, 0, 0.0453676, 1535702, 0, 58832
50000,0,true,BAMBOO,false,true,false,WR,1,0,false,LH_MCSLOCK,100000,0,TOP,0.5,16,true,WR,0,,false,10000000,16,YCSB,false,0.9, 286953, 28442,0,0,0,0, 34873, 54.3682,458829, 10.0233, 4.83156, 1.91682, 0, 0, 2.50569, 17.7526, 22.2901, 0, 0, 0, 0, 0, 0.0250836, 1559105, 0, 39609
50000,0,true,BAMBOO,false,true,true,WR,1,0,false,LH_MCSLOCK,100000,0,TOP,0.5,16,true,WR,0,,false,10000000,32,YCSB,false,0.9, 776068, 38005,0,0,0,0, 47525, 148.384,673382, 29.7115, 24.518, 15.562, 0, 0, 4.55201, 51.8021, 60.4298, 0, 0, 0, 0, 0, 0.388867, 3122473, 0, 347088
50000,0,true,BAMBOO,false,true,false,WR,1,0,false,LH_MCSLOCK,100000,0,TOP,0.5,16,true,WR,0,,false,10000000,32,YCSB,false,0.9, 1071619, 33537,0,0,0,0, 49228, 155.425,650123, 49.5249, 12.5623, 5.34715, 0, 0, 4.03727, 37.3413, 83.6699, 0, 0, 0, 0, 0, 0.0937332, 3157669, 0, 185608
50000,0,true,WOUND_WAIT,false,true,false,WR,1,0,false,LH_MCSLOCK,100000,0,TOP,0.5,16,true,WR,0,,false,10000000,1,YCSB,false,0.9, 0, 15571,0,0,0,0, 15571, 1.55719,64218.3, 0, 0.0816715, 0, 0, 0, 0.265625, 0.944356, 0.00307686, 0, 0, 0, 0, 2413315, 0, 100000, 0, 0
50000,0,true,WOUND_WAIT,false,true,false,WR,1,0,false,LH_MCSLOCK,100000,0,TOP,0.5,16,true,WR,0,,false,10000000,2,YCSB,false,0.9, 4544, 29968,0,0,0,0, 30479, 5.48791,65619.2, 0.0919835, 0.216472, 0, 0, 0, 0.891093, 3.10308, 0.358204, 0, 0, 0, 0, 27567757, 0.0996598, 180056, 0, 10636
50000,0,true,WOUND_WAIT,false,true,false,WR,1,0,false,LH_MCSLOCK,100000,0,TOP,0.5,16,true,WR,0,,false,10000000,4,YCSB,false,0.9, 24997, 30200,0,0,0,0, 31805, 12.3481,125768, 0.622677, 0.517084, 0, 0, 0, 1.70697, 5.69975, 1.95367, 0, 0, 0, 0, 54749128, 0.735724, 388250, 0, 64455
50000,0,true,WOUND_WAIT,false,true,false,WR,1,0,false,LH_MCSLOCK,100000,0,TOP,0.5,16,true,WR,0,,false,10000000,8,YCSB,false,0.9, 87045, 30005,0,0,0,0, 33097, 25.8203,241722, 2.411, 1.08789, 0, 0, 0, 1.85246, 8.89715, 6.76267, 0, 0, 0, 0, 109583677, 3.29916, 780167, 0, 277225
50000,0,true,WOUND_WAIT,false,true,false,WR,1,0,false,LH_MCSLOCK,100000,0,TOP,0.5,16,true,WR,0,,false,10000000,16,YCSB,false,0.9, 257287, 37313,0,0,0,0, 43286, 67.3635,369651, 9.29155, 2.42273, 0, 0, 0, 2.40518, 14.9964, 19.9146, 0, 0, 0, 0, 210024285, 18.5869, 1556311, 0, 1032266
50000,0,true,WOUND_WAIT,false,true,false,WR,1,0,false,LH_MCSLOCK,100000,0,TOP,0.5,16,true,WR,0,,false,10000000,32,YCSB,false,0.9, 838540, 65450,0,0,0,0, 83013, 258.849,385502, 54.7508, 6.22154, 0, 0, 0, 4.68494, 30.2587, 65.1069, 0, 0, 0, 0, 451089814, 112.731, 3118340, 0, 3465282
50000,0,true,SILO,false,true,false,WR,1,0,false,LH_MCSLOCK,100000,0,TOP,0.5,16,true,WR,0,,false,10000000,1,YCSB,false,0.9, 0, 14468,0,0,0,0, 14468, 1.44686,69115.3, 0, 0.0815786, 0, 0, 0, 0.269458, 0.775316, 0.00306225, 0, 0, 0, 0, 0, 0, 100000, 0, 0
50000,0,true,SILO,false,true,false,WR,1,0,false,LH_MCSLOCK,100000,0,TOP,0.5,16,true,WR,0,,false,10000000,2,YCSB,false,0.9, 9391, 31941,0,0,0,0, 33885, 6.6363,59023.5, 0.380561, 0.240151, 0, 0, 0, 1.31599, 3.11909, 0.738625, 0, 0, 0, 0, 0, 0, 195849, 0, 0
50000,0,true,SILO,false,true,false,WR,1,0,false,LH_MCSLOCK,100000,0,TOP,0.5,16,true,WR,0,,false,10000000,4,YCSB,false,0.9, 41919, 27942,0,0,0,0, 31259, 12.0845,127970, 1.28148, 0.494876, 0, 0, 0, 1.52879, 4.08562, 3.26556, 0, 0, 0, 0, 0, 0, 386614, 0, 0
50000,0,true,SILO,false,true,false,WR,1,0,false,LH_MCSLOCK,100000,0,TOP,0.5,16,true,WR,0,,false,10000000,8,YCSB,false,0.9, 141765, 25316,0,0,0,0, 29140, 22.8065,274557, 2.9907, 0.860812, 0, 0, 0, 1.31726, 4.36422, 10.9633, 0, 0, 0, 0, 0, 0, 782712, 0, 0
50000,0,true,SILO,false,true,false,WR,1,0,false,LH_MCSLOCK,100000,0,TOP,0.5,16,true,WR,0,,false,10000000,16,YCSB,false,0.9, 422500, 27887,0,0,0,0, 33505, 51.6889,477576, 8.66342, 1.72435, 0, 0, 0, 1.46976, 6.04365, 32.6118, 0, 0, 0, 0, 0, 0, 1542834, 0, 0
50000,0,true,SILO,false,true,false,WR,1,0,false,LH_MCSLOCK,100000,0,TOP,0.5,16,true,WR,0,,false,10000000,32,YCSB,false,0.9, 1321384, 35312,0,0,0,0, 47595, 144.85,672409, 37.3695, 4.21989, 0, 0, 0, 2.93568, 12.2506, 101.008, 0, 0, 0, 0, 0, 0, 3043709, 0, 0
50000,0,true,WAIT_DIE,false,true,false,WR,1,0,false,LH_MCSLOCK,100000,0,TOP,0.5,16,true,WR,0,,false,10000000,1,YCSB,false,0.9, 0, 15351,0,0,0,0, 15351, 1.53519,65138.7, 0, 0.0652716, 0, 0, 0, 0.265151, 0.92106, 0.00671289, 0, 0, 0, 0, 2714321, 0, 100000, 0, 0
50000,0,true,WAIT_DIE,false,true,false,WR,1,0,false,LH_MCSLOCK,100000,0,TOP,0.5,16,true,WR,0,,false,10000000,2,YCSB,false,0.9, 9646, 26757,0,0,0,0, 27268, 5.44422,73346.4, 0.101836, 0.150972, 0, 0, 0, 0.942848, 2.70608, 0.7671, 0, 0, 0, 0, 14065712, 0.0607143, 199657, 0, 5465
50000,0,true,WAIT_DIE,false,true,false,WR,1,0,false,LH_MCSLOCK,100000,0,TOP,0.5,16,true,WR,0,,false,10000000,4,YCSB,false,0.9, 49379, 30313,0,0,0,0, 31862, 12.5382,125547, 0.608936, 0.35095, 0, 0, 0, 1.29734, 5.03814, 3.875, 0, 0, 0, 0, 35870951, 0.313231, 393532, 0, 28560
50000,0,true,WAIT_DIE,false,true,false,WR,1,0,false,LH_MCSLOCK,100000,0,TOP,0.5,16,true,WR,0,,false,10000000,8,YCSB,false,0.9, 190475, 34220,0,0,0,0, 38341, 30.2603,208667, 3.25062, 0.771368, 0, 0, 0, 1.76858, 7.69474, 14.8037, 0, 0, 0, 0, 72374703, 1.143, 789291, 0, 110668
50000,0,true,WAIT_DIE,false,true,false,WR,1,0,false,LH_MCSLOCK,100000,0,TOP,0.5,16,true,WR,0,,false,10000000,16,YCSB,false,0.9, 632798, 38613,0,0,0,0, 48277, 76.2862,331450, 15.2642, 1.81067, 0, 0, 0, 1.74031, 11.7411, 49.3366, 0, 0, 0, 0, 158460509, 3.29021, 1580315, 0, 355575
50000,0,true,WAIT_DIE,false,true,false,WR,1,0,false,LH_MCSLOCK,100000,0,TOP,0.5,16,true,WR,0,,false,10000000,32,YCSB,false,0.9, 2407782, 49891,0,0,0,0, 79928, 253.983,400411, 95.424, 4.41878, 0, 0, 0, 3.53944, 23.1161, 183.928, 0, 0, 0, 0, 288499424, 16.9419, 3178051, 0, 1157869
50000,0,true,NO_WAIT,false,true,false,WR,1,0,false,LH_MCSLOCK,100000,0,TOP,0.5,16,true,WR,0,,false,10000000,1,YCSB,false,0.9, 0, 15183,0,0,0,0, 15183, 1.51835,65861, 0, 0.0657783, 0, 0, 0, 0.262507, 0.914919, 0.00306366, 0, 0, 0, 0, 0, 0, 100000, 0, 0
50000,0,true,NO_WAIT,false,true,false,WR,1,0,false,LH_MCSLOCK,100000,0,TOP,0.5,16,true,WR,0,,false,10000000,2,YCSB,false,0.9, 15276, 33859,0,0,0,0, 35931, 7.10214,55662.4, 0.409509, 0.167649, 0, 0, 0, 1.28607, 3.46616, 1.19369, 0, 0, 0, 0, 0, 0, 197661, 0, 0
50000,0,true,NO_WAIT,false,true,false,WR,1,0,false,LH_MCSLOCK,100000,0,TOP,0.5,16,true,WR,0,,false,10000000,4,YCSB,false,0.9, 71146, 30281,0,0,0,0, 36288, 13.9792,110235, 2.31338, 0.335763, 0, 0, 0, 1.38101, 4.69391, 5.51746, 0, 0, 0, 0, 0, 0, 385249, 0, 0
50000,0,true,NO_WAIT,false,true,false,WR,1,0,false,LH_MCSLOCK,100000,0,TOP,0.5,16,true,WR,0,,false,10000000,8,YCSB,false,0.9, 281682, 33680,0,0,0,0, 48398, 37.923,165309, 11.5301, 0.776565, 0, 0, 0, 1.93115, 8.73224, 21.7925, 0, 0, 0, 0, 0, 0, 783625, 0, 0
50000,0,true,NO_WAIT,false,true,false,WR,1,0,false,LH_MCSLOCK,100000,0,TOP,0.5,16,true,WR,0,,false,10000000,16,YCSB,false,0.9, 851968, 32146,0,0,0,0, 56184, 88.1065,284802, 37.6906, 1.61797, 0, 0, 0, 1.68867, 11.2543, 65.6629, 0, 0, 0, 0, 0, 0, 1568308, 0, 0
50000,0,true,NO_WAIT,false,true,false,WR,1,0,false,LH_MCSLOCK,100000,0,TOP,0.5,16,true,WR,0,,false,10000000,32,YCSB,false,0.9, 3328803, 38684,0,0,0,0, 95908, 302.557,333694, 180.505, 4.69951, 0, 0, 0, 3.55892, 24.1139, 248.449, 0, 0, 0, 0, 0, 0, 3155049, 0, 0
