ABORT_PENALTY,BB_OPT_RAW,CC_ALG,DEBUG_CS_PROFILING,DEBUG_PROFILING,DYNAMIC_TS,FIRST_HS,FIXED_HS,FLIP_RATIO,KEY_ORDER,LATCH,MAX_TXN_PER_PART,NUM_HS,POS_HS,READ_PERC,REQ_PER_QUERY,RETIRE_ON,SECOND_HS,SPECIFIED_RATIO,SPINLOCK,SYNTHETIC_YCSB,SYNTH_TABLE_SIZE,THREAD_CNT,WORKLOAD,WW_STARV_FREE,ZIPF_THETA,abort_cnt,commit_latency,cycle_detect,deadlock_cnt,dl_detect_time,dl_wait_time,latency,run_time,throughput,time_abort,time_cleanup,time_commit,time_get_cs,time_get_latch,time_index,time_man,time_query,time_release_cs,time_release_latch,time_retire_cs,time_retire_latch,time_ts_alloc,time_wait,txn_cnt,user_abort_cnt,wait_cnt
50000,true,BAMBOO,false,true,true,WR,1,0,false,LH_MCSLOCK,100000,0,TOP,0.5,16,true,WR,0,,false,10000000,1,YCSB,false,0.5, 0, 20365,0,0,0,0, 20365, 2.0366,49101.5, 0, 0.0395194, 0.00153575, 0, 0, 0.334659, 1.18125, 0.0030609, 0, 0, 0, 0, 0, 0, 100000, 0, 0
50000,true,BAMBOO,false,true,true,WR,1,0,false,LH_MCSLOCK,100000,0,TOP,0.5,16,true,WR,0,,false,10000000,1,YCSB,false,0.7, 0, 18655,0,0,0,0, 18655, 1.86556,53603.1, 0, 0.0396948, 0.00153554, 0, 0, 0.316922, 1.06589, 0.00306147, 0, 0, 0, 0, 0, 0, 100000, 0, 0
50000,true,BAMBOO,false,true,true,WR,1,0,false,LH_MCSLOCK,100000,0,TOP,0.5,16,true,WR,0,,false,10000000,1,YCSB,false,0.9, 0, 13877,0,0,0,0, 13877, 1.38777,72058.3, 0, 0.039731, 0.00153691, 0, 0, 0.260962, 0.77061, 0.00306574, 0, 0, 0, 0, 0, 0, 100000, 0, 0
50000,true,BAMBOO,false,true,true,WR,1,0,false,LH_MCSLOCK,100000,0,TOP,0.5,16,true,WR,0,,false,10000000,1,YCSB,false,0.99, 0, 10870,0,0,0,0, 10870, 1.087,91996.2, 0, 0.0371237, 0.00153786, 0, 0, 0.224161, 0.585913, 0.00306391, 0, 0, 0, 0, 0, 0, 100000, 0, 0
50000,true,BAMBOO,false,true,false,WR,1,0,false,LH_MCSLOCK,100000,0,TOP,0.5,16,true,WR,0,,false,10000000,1,YCSB,false,0.5, 0, 20793,0,0,0,0, 20793, 2.07937,48091.4, 0, 0.042409, 0.00153897, 0, 0, 0.330943, 1.20159, 0.00305107, 0, 0, 0, 0, 0, 0, 100000, 0, 0
50000,true,BAMBOO,false,true,false,WR,1,0,false,LH_MCSLOCK,100000,0,TOP,0.5,16,true,WR,0,,false,10000000,1,YCSB,false,0.7, 0, 19220,0,0,0,0, 19220, 1.922,52029, 0, 0.0409121, 0.00153996, 0, 0, 0.31702, 1.10673, 0.00306008, 0, 0, 0, 0, 0, 0, 100000, 0, 0
50000,true,BAMBOO,false,true,false,WR,1,0,false,LH_MCSLOCK,100000,0,TOP,0.5,16,true,WR,0,,false,10000000,1,YCSB,false,0.9, 0, 14435,0,0,0,0, 14435, 1.44355,69273.7, 0, 0.0404872, 0.00153969, 0, 0, 0.259128, 0.808241, 0.00305841, 0, 0, 0, 0, 0, 0, 100000, 0, 0
50000,true,BAMBOO,false,true,false,WR,1,0,false,LH_MCSLOCK,100000,0,TOP,0.5,16,true,WR,0,,false,10000000,1,YCSB,false,0.99, 0, 11329,0,0,0,0, 11329, 1.13291,88268.6, 0, 0.0390776, 0.0015387, 0, 0, 0.222839, 0.622472, 0.00305998, 0, 0, 0, 0, 0, 0, 100000, 0, 0
50000,true,BAMBOO,false,true,true,WR,1,0,false,LH_MCSLOCK,100000,0,TOP,0.5,16,true,WR,0,,false,10000000,2,YCSB,false,0.5, 0, 55715,0,0,0,0, 55715, 11.0839,35896.4, 0, 0.271104, 0.00403556, 0, 0, 2.28572, 7.23386, 0.00544532, 0, 0, 0, 0, 0, 0, 198936, 0, 0
50000,true,BAMBOO,false,true,true,WR,1,0,false,LH_MCSLOCK,100000,0,TOP,0.5,16,true,WR,0,,false,10000000,2,YCSB,false,0.7, 1, 39958,0,0,0,0, 39958, 7.8141,50052.1, 1.2028e-05, 0.24395, 0.00748704, 0, 0, 1.5144, 4.90604, 0.00536427, 0, 0, 0, 0, 0, 0.000244678, 195556, 0, 4
50000,true,BAMBOO,false,true,true,WR,1,0,false,LH_MCSLOCK,100000,0,TOP,0.5,16,true,WR,0,,false,10000000,2,YCSB,false,0.9, 311, 31208,0,0,0,0, 31243, 6.20094,64012.5, 0.00698316, 0.316074, 0.0487471, 0, 0, 1.15027, 3.89496, 0.0309874, 0, 0, 0, 0, 0, 0.000147086, 198469, 0, 211
50000,true,BAMBOO,false,true,true,WR,1,0,false,LH_MCSLOCK,100000,0,TOP,0.5,16,true,WR,0,,false,10000000,2,YCSB,false,0.99, 2956, 26921,0,0,0,0, 27276, 5.33023,73324, 0.069297, 0.363608, 0.0846813, 0, 0, 0.873903, 3.25312, 0.235312, 0, 0, 0, 0, 0, 0.000335395, 195417, 0, 556
50000,true,BAMBOO,false,true,false,WR,1,0,false,LH_MCSLOCK,100000,0,TOP,0.5,16,true,WR,0,,false,10000000,2,YCSB,false,0.5, 1, 45070,0,0,0,0, 45070, 8.83786,44374.5, 2.6089e-05, 0.317738, 0.00262985, 0, 0, 1.52724, 5.70339, 0.00557358, 0, 0, 0, 0, 0, 0, 196088, 0, 0
50000,true,BAMBOO,false,true,false,WR,1,0,false,LH_MCSLOCK,100000,0,TOP,0.5,16,true,WR,0,,false,10000000,2,YCSB,false,0.7, 63, 49578,0,0,0,0, 49586, 9.84702,40333.2, 0.00173299, 0.341883, 0.00348759, 0, 0, 1.89732, 6.35448, 0.0112063, 0, 0, 0, 0, 0, 1.083e-06, 198581, 0, 1
50000,true,BAMBOO,false,true,false,WR,1,0,false,LH_MCSLOCK,100000,0,TOP,0.5,16,true,WR,0,,false,10000000,2,YCSB,false,0.9, 3411, 29187,0,0,0,0, 29503, 5.88493,67788.7, 0.0629851, 0.33202, 0.0264175, 0, 0, 0.89194, 3.5648, 0.270039, 0, 0, 0, 0, 0, 6.1247e-05, 199466, 0, 106
50000,true,BAMBOO,false,true,false,WR,1,0,false,LH_MCSLOCK,100000,0,TOP,0.5,16,true,WR,0,,false,10000000,2,YCSB,false,0.99, 9490, 28704,0,0,0,0, 29715, 5.78816,67306, 0.19677, 0.359429, 0.0536819, 0, 0, 0.764665, 3.28717, 0.742476, 0, 0, 0, 0, 0, 0.000184629, 194789, 0, 332
50000,true,BAMBOO,false,true,true,WR,1,0,false,LH_MCSLOCK,100000,0,TOP,0.5,16,true,WR,0,,false,10000000,4,YCSB,false,0.5, 0, 34991,0,0,0,0, 34991, 13.2395,114314, 0, 0.454531, 0.00464325, 0, 0, 1.96291, 8.23179, 0.00874771, 0, 0, 0, 0, 0, 0, 378366, 0, 0
50000,true,BAMBOO,false,true,true,WR,1,0,false,LH_MCSLOCK,100000,0,TOP,0.5,16,true,WR,0,,false,10000000,4,YCSB,false,0.7, 5, 32004,0,0,0,0, 32004, 12.2695,124983, 7.555e-05, 0.470601, 0.00740786, 0, 0, 1.85077, 7.51873, 0.0101475, 0, 0, 0, 0, 0, 2.1732e-05, 383370, 0, 27
50000,true,BAMBOO,false,true,true,WR,1,0,false,LH_MCSLOCK,100000,0,TOP,0.5,16,true,WR,0,,false,10000000,4,YCSB,false,0.9, 5452, 25088,0,0,0,0, 25372, 9.43919,157652, 0.105715, 0.668988, 0.140403, 0, 0, 1.37869, 5.62532, 0.435333, 0, 0, 0, 0, 0, 0.00153541, 372026, 0, 2088
50000,true,BAMBOO,false,true,true,WR,1,0,false,LH_MCSLOCK,100000,0,TOP,0.5,16,true,WR,0,,false,10000000,4,YCSB,false,0.99, 31364, 30177,0,0,0,0, 32180, 12.7068,124304, 0.790525, 1.12363, 0.372146, 0, 0, 1.49414, 6.4326, 2.4456, 0, 0, 0, 0, 0, 0.00454976, 394875, 0, 6456
50000,true,BAMBOO,false,true,false,WR,1,0,false,LH_MCSLOCK,100000,0,TOP,0.5,16,true,WR,0,,false,10000000,4,YCSB,false,0.5, 7, 36041,0,0,0,0, 36041, 13.9884,110982, 9.6961e-05, 0.651455, 0.00523655, 0, 0, 1.98539, 8.68077, 0.0104144, 0, 0, 0, 0, 0, 9.42e-07, 388115, 0, 1
50000,true,BAMBOO,false,true,false,WR,1,0,false,LH_MCSLOCK,100000,0,TOP,0.5,16,true,WR,0,,false,10000000,4,YCSB,false,0.7, 465, 31703,0,0,0,0, 31727, 12.0734,126072, 0.00924172, 0.625273, 0.0110105, 0, 0, 1.64418, 7.66908, 0.0471799, 0, 0, 0, 0, 0, 1.2071e-05, 380531, 0, 14
50000,true,BAMBOO,false,true,false,WR,1,0,false,LH_MCSLOCK,100000,0,TOP,0.5,16,true,WR,0,,false,10000000,4,YCSB,false,0.9, 18603, 31990,0,0,0,0, 33196, 12.9752,120496, 0.471253, 0.919771, 0.176988, 0, 0, 1.72429, 7.11607, 1.46034, 0, 0, 0, 0, 0, 0.000696341, 390865, 0, 1009
50000,true,BAMBOO,false,true,false,WR,1,0,false,LH_MCSLOCK,100000,0,TOP,0.5,16,true,WR,0,,false,10000000,4,YCSB,false,0.99, 48001, 28798,0,0,0,0, 31994, 12.5848,125026, 1.25683, 0.932366, 0.228793, 0, 0, 1.16882, 5.38055, 3.71243, 0, 0, 0, 0, 0, 0.00131173, 393357, 0, 2845
50000,true,BAMBOO,false,true,true,WR,1,0,false,LH_MCSLOCK,100000,0,TOP,0.5,16,true,WR,0,,false,10000000,8,YCSB,false,0.5, 0, 27919,0,0,0,0, 27919, 21.1964,286534, 0, 0.912998, 0.0137302, 0, 0, 2.71793, 12.7185, 0.0183475, 0, 0, 0, 0, 0, 4.367e-06, 759187, 0, 4
50000,true,BAMBOO,false,true,true,WR,1,0,false,LH_MCSLOCK,100000,0,TOP,0.5,16,true,WR,0,,false,10000000,8,YCSB,false,0.7, 42, 25559,0,0,0,0, 25560, 20.0267,312982, 0.00109062, 1.00797, 0.0249758, 0, 0, 2.19713, 12.3128, 0.0242607, 0, 0, 0, 0, 0, 0.000168502, 783501, 0, 208
50000,true,BAMBOO,false,true,true,WR,1,0,false,LH_MCSLOCK,100000,0,TOP,0.5,16,true,WR,0,,false,10000000,8,YCSB,false,0.9, 37531, 25677,0,0,0,0, 26697, 20.6311,299659, 0.787886, 1.84104, 0.555779, 0, 0, 1.82242, 11.0338, 2.93496, 0, 0, 0, 0, 0, 0.0103224, 772787, 0, 12991
50000,true,BAMBOO,false,true,true,WR,1,0,false,LH_MCSLOCK,100000,0,TOP,0.5,16,true,WR,0,,false,10000000,8,YCSB,false,0.99, 136520, 29182,0,0,0,0, 33754, 26.1206,237020, 3.53639, 2.46692, 0.931987, 0, 0, 1.52357, 9.12883, 10.5824, 0, 0, 0, 0, 0, 0.0177437, 773889, 0, 29661
50000,true,BAMBOO,false,true,false,WR,1,0,false,LH_MCSLOCK,100000,0,TOP,0.5,16,true,WR,0,,false,10000000,8,YCSB,false,0.5, 37, 26059,0,0,0,0, 26060, 19.4121,306974, 0.000644996, 1.20337, 0.00996962, 0, 0, 1.98732, 11.4605, 0.0214626, 0, 0, 0, 0, 0, 1.3824e-05, 744876, 0, 5
50000,true,BAMBOO,false,true,false,WR,1,0,false,LH_MCSLOCK,100000,0,TOP,0.5,16,true,WR,0,,false,10000000,8,YCSB,false,0.7, 1843, 27739,0,0,0,0, 27782, 20.8748,287952, 0.0323087, 1.35511, 0.0444378, 0, 0, 2.13739, 12.638, 0.164885, 0, 0, 0, 0, 0, 7.2168e-05, 751367, 0, 84
50000,true,BAMBOO,false,true,false,WR,1,0,false,LH_MCSLOCK,100000,0,TOP,0.5,16,true,WR,0,,false,10000000,8,YCSB,false,0.9, 79511, 32447,0,0,0,0, 35467, 27.3877,225568, 2.33089, 2.16836, 0.466577, 0, 0, 2.39386, 12.7272, 6.19499, 0, 0, 0, 0, 0, 0.00495891, 772223, 0, 6935
50000,true,BAMBOO,false,true,false,WR,1,0,false,LH_MCSLOCK,100000,0,TOP,0.5,16,true,WR,0,,false,10000000,8,YCSB,false,0.99, 181289, 31183,0,0,0,0, 38699, 30.0864,206737, 5.84098, 2.62478, 0.871415, 0, 0, 1.52103, 9.21578, 14.0247, 0, 0, 0, 0, 0, 0.0223868, 777498, 0, 20073
50000,true,BAMBOO,false,true,true,WR,1,0,false,LH_MCSLOCK,100000,0,TOP,0.5,16,true,WR,0,,false,10000000,16,YCSB,false,0.5, 0, 18233,0,0,0,0, 18233, 27.866,877490, 0, 1.59052, 0.0190784, 0, 0, 2.32577, 15.6788, 0.033497, 0, 0, 0, 0, 0, 1.6409e-05, 1528260, 0, 23
50000,true,BAMBOO,false,true,true,WR,1,0,false,LH_MCSLOCK,100000,0,TOP,0.5,16,true,WR,0,,false,10000000,16,YCSB,false,0.7, 362, 19825,0,0,0,0, 19831, 29.6585,806780, 0.00889727, 2.01543, 0.340755, 0, 0, 2.67243, 17.1251, 0.0640239, 0, 0, 0, 0, 0, 0.00102022, 1495495, 0, 1050
50000,true,BAMBOO,false,true,true,WR,1,0,false,LH_MCSLOCK,100000,0,TOP,0.5,16,true,WR,0,,false,10000000,16,YCSB,false,0.9, 174953, 29050,0,0,0,0, 31996, 49.2278,500071, 4.531, 5.09289, 1.99897, 0, 0, 2.98402, 21.3656, 13.6084, 0, 0, 0, 0, 0, 0.0702942, 1538585, 0, 63606
50000,true,BAMBOO,false,true,true,WR,1,0,false,LH_MCSLOCK,100000,0,TOP,0.5,16,true,WR,0,,false,10000000,16,YCSB,false,0.99, 528112, 35866,0,0,0,0, 47360, 74.6277,337863, 18.1061, 7.42272, 3.73226, 0, 0, 2.21364, 18.845, 40.7824, 0, 0, 0, 0, 0, 0.0775109, 1575871, 0, 126835
50000,true,BAMBOO,false,true,false,WR,1,0,false,LH_MCSLOCK,100000,0,TOP,0.5,16,true,WR,0,,false,10000000,16,YCSB,false,0.5, 192, 20509,0,0,0,0, 20510, 31.3577,780089, 0.00221202, 2.30457, 0.0227633, 0, 0, 2.29042, 17.7233, 0.0494791, 0, 0, 0, 0, 0, 1.3483e-05, 1528860, 0, 16
50000,true,BAMBOO,false,true,false,WR,1,0,false,LH_MCSLOCK,100000,0,TOP,0.5,16,true,WR,0,,false,10000000,16,YCSB,false,0.7, 7955, 22773,0,0,0,0, 22854, 35.4034,700068, 0.126526, 2.6848, 0.0974403, 0, 0, 2.77938, 20.866, 0.662306, 0, 0, 0, 0, 0, 0.000373122, 1549050, 0, 520
50000,true,BAMBOO,false,true,false,WR,1,0,false,LH_MCSLOCK,100000,0,TOP,0.5,16,true,WR,0,,false,10000000,16,YCSB,false,0.9, 277325, 27336,0,0,0,0, 33170, 51.5961,482378, 9.07237, 4.34544, 1.10108, 0, 0, 1.8949, 17.3046, 21.4472, 0, 0, 0, 0, 0, 0.0252873, 1555550, 0, 39209
50000,true,BAMBOO,false,true,false,WR,1,0,false,LH_MCSLOCK,100000,0,TOP,0.5,16,true,WR,0,,false,10000000,16,YCSB,false,0.99, 621814, 33332,0,0,0,0, 48334, 76.658,331053, 23.7893, 5.73524, 1.86082, 0, 0, 1.69321, 15.3844, 48, 0, 0, 0, 0, 0, 0.0450849, 1586116, 0, 97022
50000,true,BAMBOO,false,true,true,WR,1,0,false,LH_MCSLOCK,100000,0,TOP,0.5,16,true,WR,0,,false,10000000,32,YCSB,false,0.5, 2, 24648,0,0,0,0, 24648, 75.6993,1.29825e+06, 3.1455e-05, 4.43431, 1.00499, 0, 0, 7.32253, 45.5746, 0.0684465, 0, 0, 0, 0, 0, 9.3663e-05, 3071151, 0, 132
50000,true,BAMBOO,false,true,true,WR,1,0,false,LH_MCSLOCK,100000,0,TOP,0.5,16,true,WR,0,,false,10000000,32,YCSB,false,0.7, 2693, 17606,0,0,0,0, 17618, 54.483,1.81626e+06, 0.0377111, 4.18276, 0.155253, 0, 0, 5.14984, 27.7482, 0.282451, 0, 0, 0, 0, 0, 0.00280437, 3092354, 0, 4549
50000,true,BAMBOO,false,true,true,WR,1,0,false,LH_MCSLOCK,100000,0,TOP,0.5,16,true,WR,0,,false,10000000,32,YCSB,false,0.9, 717061, 34926,0,0,0,0, 42924, 132.902,745549, 24.7558, 16.9561, 8.6607, 0, 0, 4.69032, 44.0109, 55.7814, 0, 0, 0, 0, 0, 0.721726, 3096393, 0, 389424
50000,true,BAMBOO,false,true,true,WR,1,0,false,LH_MCSLOCK,100000,0,TOP,0.5,16,true,WR,0,,false,10000000,32,YCSB,false,0.99, 1906069, 43757,0,0,0,0, 69418, 219.832,461022, 81.2463, 18.3557, 8.09078, 0, 0, 2.70208, 35.5143, 148.445, 0, 0, 0, 0, 0, 0.476285, 3167097, 0, 659990
50000,true,BAMBOO,false,true,false,WR,1,0,false,LH_MCSLOCK,100000,0,TOP,0.5,16,true,WR,0,,false,10000000,32,YCSB,false,0.5, 668, 27356,0,0,0,0, 27360, 77.6843,1.16956e+06, 0.0107339, 5.06905, 0.0408857, 0, 0, 6.62137, 47.1449, 0.122114, 0, 0, 0, 0, 0, 0.000341526, 2839264, 0, 56
50000,true,BAMBOO,false,true,false,WR,1,0,false,LH_MCSLOCK,100000,0,TOP,0.5,16,true,WR,0,,false,10000000,32,YCSB,false,0.7, 32773, 20914,0,0,0,0, 21099, 64.6198,1.51661e+06, 0.56576, 6.35479, 1.45303, 0, 0, 5.01829, 35.3097, 2.67949, 0, 0, 0, 0, 0, 0.00492824, 3062599, 0, 2622
50000,true,BAMBOO,false,true,false,WR,1,0,false,LH_MCSLOCK,100000,0,TOP,0.5,16,true,WR,0,,false,10000000,32,YCSB,false,0.9, 1104251, 38437,0,0,0,0, 55355, 174.191,578143, 53.2238, 16.8335, 6.85749, 0, 0, 5.45527, 47.445, 86.3306, 0, 0, 0, 0, 0, 0.321341, 3147097, 0, 269852
50000,true,BAMBOO,false,true,false,WR,1,0,false,LH_MCSLOCK,100000,0,TOP,0.5,16,true,WR,0,,false,10000000,32,YCSB,false,0.99, 2064939, 39005,0,0,0,0, 69756, 219.983,458789, 96.9632, 13.9885, 4.11785, 0, 0, 2.32542, 27.6338, 159.923, 0, 0, 0, 0, 0, 0.301097, 3153928, 0, 526046
50000,true,BAMBOO,false,true,true,WR,1,0,false,LH_MCSLOCK,100000,0,TOP,0.5,16,true,WR,0,,false,10000000,1,YCSB,false,0.5, 0, 20397,0,0,0,0, 20397, 2.03971,49026.5, 0, 0.0397165, 0.00153209, 0, 0, 0.33641, 1.17978, 0.00305949, 0, 0, 0, 0, 0, 0, 100000, 0, 0
50000,true,BAMBOO,false,true,true,WR,1,0,false,LH_MCSLOCK,100000,0,TOP,0.5,16,true,WR,0,,false,10000000,1,YCSB,false,0.7, 0, 18681,0,0,0,0, 18681, 1.8681,53530.2, 0, 0.0395659, 0.00153454, 0, 0, 0.320493, 1.07151, 0.0030598, 0, 0, 0, 0, 0, 0, 100000, 0, 0
50000,true,BAMBOO,false,true,true,WR,1,0,false,LH_MCSLOCK,100000,0,TOP,0.5,16,true,WR,0,,false,10000000,1,YCSB,false,0.9, 0, 13932,0,0,0,0, 13932, 1.39327,71773.8, 0, 0.0386221, 0.00153572, 0, 0, 0.26281, 0.770525, 0.00305831, 0, 0, 0, 0, 0, 0, 100000, 0, 0
50000,true,BAMBOO,false,true,true,WR,1,0,false,LH_MCSLOCK,100000,0,TOP,0.5,16,true,WR,0,,false,10000000,1,YCSB,false,0.99, 0, 10889,0,0,0,0, 10889, 1.08898,91829.3, 0, 0.0372163, 0.00153673, 0, 0, 0.226446, 0.583602, 0.00306387, 0, 0, 0, 0, 0, 0, 100000, 0, 0
50000,true,BAMBOO,false,true,false,WR,1,0,false,LH_MCSLOCK,100000,0,TOP,0.5,16,true,WR,0,,false,10000000,1,YCSB,false,0.5, 0, 20900,0,0,0,0, 20900, 2.09008,47845.1, 0, 0.0410576, 0.00154005, 0, 0, 0.334005, 1.20959, 0.00305727, 0, 0, 0, 0, 0, 0, 100000, 0, 0
50000,true,BAMBOO,false,true,false,WR,1,0,false,LH_MCSLOCK,100000,0,TOP,0.5,16,true,WR,0,,false,10000000,1,YCSB,false,0.7, 0, 19260,0,0,0,0, 19260, 1.92606,51919.4, 0, 0.0412249, 0.00154058, 0, 0, 0.315538, 1.1003, 0.00305286, 0, 0, 0, 0, 0, 0, 100000, 0, 0
50000,true,BAMBOO,false,true,false,WR,1,0,false,LH_MCSLOCK,100000,0,TOP,0.5,16,true,WR,0,,false,10000000,1,YCSB,false,0.9, 0, 14428,0,0,0,0, 14428, 1.44283,69308.2, 0, 0.0402472, 0.00153157, 0, 0, 0.260076, 0.804628, 0.00306318, 0, 0, 0, 0, 0, 0, 100000, 0, 0
50000,true,BAMBOO,false,true,false,WR,1,0,false,LH_MCSLOCK,100000,0,TOP,0.5,16,true,WR,0,,false,10000000,1,YCSB,false,0.99, 0, 11397,0,0,0,0, 11397, 1.13971,87741.4, 0, 0.0391335, 0.00154322, 0, 0, 0.226272, 0.627724, 0.00306336, 0, 0, 0, 0, 0, 0, 100000, 0, 0
50000,true,BAMBOO,false,true,true,WR,1,0,false,LH_MCSLOCK,100000,0,TOP,0.5,16,true,WR,0,,false,10000000,2,YCSB,false,0.5, 0, 45652,0,0,0,0, 45652, 9.0315,43809.1, 0, 0.249343, 0.00270349, 0, 0, 1.7621, 5.73375, 0.00738434, 0, 0, 0, 0, 0, 0, 197831, 0, 0
50000,true,BAMBOO,false,true,true,WR,1,0,false,LH_MCSLOCK,100000,0,TOP,0.5,16,true,WR,0,,false,10000000,2,YCSB,false,0.7, 0, 41439,0,0,0,0, 41439, 7.9694,48262.8, 0, 0.251903, 0.00334494, 0, 0, 1.4713, 5.09264, 0.00531048, 0, 0, 0, 0, 0, 3.254e-06, 192313, 0, 4
50000,true,BAMBOO,false,true,true,WR,1,0,false,LH_MCSLOCK,100000,0,TOP,0.5,16,true,WR,0,,false,10000000,2,YCSB,false,0.9, 338, 32994,0,0,0,0, 33036, 6.18615,60539.8, 0.00777752, 0.304229, 0.0418124, 0, 0, 1.16168, 3.89957, 0.0317272, 0, 0, 0, 0, 0, 0.000214199, 187254, 0, 267
50000,true,BAMBOO,false,true,true,WR,1,0,false,LH_MCSLOCK,100000,0,TOP,0.5,16,true,WR,0,,false,10000000,2,YCSB,false,0.99, 2845, 20602,0,0,0,0, 20840, 3.9251,95968, 0.044728, 0.288102, 0.0525488, 0, 0, 0.547957, 2.36206, 0.225841, 0, 0, 0, 0, 0, 0.000256717, 188342, 0, 574
50000,true,BAMBOO,false,true,false,WR,1,0,false,LH_MCSLOCK,100000,0,TOP,0.5,16,true,WR,0,,false,10000000,2,YCSB,false,0.5, 4, 47745,0,0,0,0, 47746, 9.43795,41887.9, 0.000108811, 0.336661, 0.00279152, 0, 0, 1.60453, 6.12671, 0.0063444, 0, 0, 0, 0, 0, 0, 197668, 0, 0
50000,true,BAMBOO,false,true,false,WR,1,0,false,LH_MCSLOCK,100000,0,TOP,0.5,16,true,WR,0,,false,10000000,2,YCSB,false,0.7, 76, 44589,0,0,0,0, 44596, 8.90234,44846.4, 0.00150501, 0.332997, 0.00444828, 0, 0, 1.70354, 5.62725, 0.0117002, 0, 0, 0, 0, 0, 2.829e-06, 199619, 0, 3
50000,true,BAMBOO,false,true,false,WR,1,0,false,LH_MCSLOCK,100000,0,TOP,0.5,16,true,WR,0,,false,10000000,2,YCSB,false,0.9, 3377, 31229,0,0,0,0, 31564, 6.2393,63363.5, 0.066097, 0.3164, 0.0211344, 0, 0, 1.09567, 3.76718, 0.268961, 0, 0, 0, 0, 0, 4.0649e-05, 197672, 0, 89
50000,true,BAMBOO,false,true,false,WR,1,0,false,LH_MCSLOCK,100000,0,TOP,0.5,16,true,WR,0,,false,10000000,2,YCSB,false,0.99, 9247, 26438,0,0,0,0, 27466, 5.36675,72817.2, 0.200749, 0.345795, 0.0597418, 0, 0, 0.811404, 2.85057, 0.722215, 0, 0, 0, 0, 0, 0.000140312, 195396, 0, 307
50000,true,BAMBOO,false,true,true,WR,1,0,false,LH_MCSLOCK,100000,0,TOP,0.5,16,true,WR,0,,false,10000000,4,YCSB,false,0.5, 0, 32759,0,0,0,0, 32759, 12.3982,122103, 0, 0.425982, 0.00459064, 0, 0, 1.94759, 7.63697, 0.00856904, 0, 0, 0, 0, 0, 5.32e-07, 378462, 0, 1
50000,true,BAMBOO,false,true,true,WR,1,0,false,LH_MCSLOCK,100000,0,TOP,0.5,16,true,WR,0,,false,10000000,4,YCSB,false,0.7, 3, 31948,0,0,0,0, 31948, 12.1824,125202, 4.9628e-05, 0.504619, 0.011549, 0, 0, 1.64324, 7.66912, 0.00994456, 0, 0, 0, 0, 0, 3.0085e-05, 381314, 0, 37
50000,true,BAMBOO,false,true,true,WR,1,0,false,LH_MCSLOCK,100000,0,TOP,0.5,16,true,WR,0,,false,10000000,4,YCSB,false,0.9, 5346, 28725,0,0,0,0, 29070, 10.5905,137597, 0.125699, 0.737181, 0.183089, 0, 0, 1.58224, 6.47241, 0.425376, 0, 0, 0, 0, 0, 0.00131832, 364304, 0, 1836
50000,true,BAMBOO,false,true,true,WR,1,0,false,LH_MCSLOCK,100000,0,TOP,0.5,16,true,WR,0,,false,10000000,4,YCSB,false,0.99, 30827, 31821,0,0,0,0, 33943, 12.942,117847, 0.808717, 1.16325, 0.421891, 0, 0, 1.53155, 6.55419, 2.40656, 0, 0, 0, 0, 0, 0.00427441, 381293, 0, 5751
50000,true,BAMBOO,false,true,false,WR,1,0,false,LH_MCSLOCK,100000,0,TOP,0.5,16,true,WR,0,,false,10000000,4,YCSB,false,0.5, 10, 34814,0,0,0,0, 34815, 13.7122,114892, 0.000257732, 0.636522, 0.00531877, 0, 0, 2.04933, 8.41996, 0.0113382, 0, 0, 0, 0, 0, 0, 393858, 0, 0
50000,true,BAMBOO,false,true,false,WR,1,0,false,LH_MCSLOCK,100000,0,TOP,0.5,16,true,WR,0,,false,10000000,4,YCSB,false,0.7, 383, 33823,0,0,0,0, 33842, 12.6775,118193, 0.00726781, 0.634226, 0.0120734, 0, 0, 1.94635, 7.7694, 0.0410296, 0, 0, 0, 0, 0, 1.0621e-05, 374597, 0, 16
50000,true,BAMBOO,false,true,false,WR,1,0,false,LH_MCSLOCK,100000,0,TOP,0.5,16,true,WR,0,,false,10000000,4,YCSB,false,0.9, 17628, 26394,0,0,0,0, 27337, 10.4551,146321, 0.360417, 0.739091, 0.0784093, 0, 0, 1.16174, 5.54535, 1.37425, 0, 0, 0, 0, 0, 0.000789828, 382451, 0, 1225
50000,true,BAMBOO,false,true,false,WR,1,0,false,LH_MCSLOCK,100000,0,TOP,0.5,16,true,WR,0,,false,10000000,4,YCSB,false,0.99, 49349, 32575,0,0,0,0, 36123, 13.965,110736, 1.371, 1.13832, 0.311256, 0, 0, 1.31751, 6.20336, 3.8437, 0, 0, 0, 0, 0, 0.0120128, 386607, 0, 3428
50000,true,BAMBOO,false,true,true,WR,1,0,false,LH_MCSLOCK,100000,0,TOP,0.5,16,true,WR,0,,false,10000000,8,YCSB,false,0.5, 0, 25333,0,0,0,0, 25333, 19.2598,315791, 0, 0.886066, 0.00985078, 0, 0, 1.94072, 11.8717, 0.0178181, 0, 0, 0, 0, 0, 5.025e-06, 760260, 0, 7
50000,true,BAMBOO,false,true,true,WR,1,0,false,LH_MCSLOCK,100000,0,TOP,0.5,16,true,WR,0,,false,10000000,8,YCSB,false,0.7, 34, 25146,0,0,0,0, 25147, 18.128,318124, 0.000662203, 0.878042, 0.0264729, 0, 0, 2.27892, 10.8615, 0.0209591, 0, 0, 0, 0, 0, 0.000121988, 720867, 0, 170
50000,true,BAMBOO,false,true,true,WR,1,0,false,LH_MCSLOCK,100000,0,TOP,0.5,16,true,WR,0,,false,10000000,8,YCSB,false,0.9, 36135, 28356,0,0,0,0, 29446, 21.9038,271683, 0.81061, 1.9051, 0.625172, 0, 0, 2.31511, 12.152, 2.82425, 0, 0, 0, 0, 0, 0.010814, 743861, 0, 13093
50000,true,BAMBOO,false,true,true,WR,1,0,false,LH_MCSLOCK,100000,0,TOP,0.5,16,true,WR,0,,false,10000000,8,YCSB,false,0.99, 128335, 25177,0,0,0,0, 28890, 22.8716,276927, 2.93817, 1.92327, 0.595412, 0, 0, 0.981057, 7.77874, 9.95064, 0, 0, 0, 0, 0, 0.0113164, 791719, 0, 25825
50000,true,BAMBOO,false,true,false,WR,1,0,false,LH_MCSLOCK,100000,0,TOP,0.5,16,true,WR,0,,false,10000000,8,YCSB,false,0.5, 52, 29633,0,0,0,0, 29634, 23.2477,269954, 0.000880466, 1.34147, 0.0133544, 0, 0, 2.79584, 14.0319, 0.0244724, 0, 0, 0, 0, 0, 4.059e-06, 784475, 0, 6
50000,true,BAMBOO,false,true,false,WR,1,0,false,LH_MCSLOCK,100000,0,TOP,0.5,16,true,WR,0,,false,10000000,8,YCSB,false,0.7, 1899, 27912,0,0,0,0, 27954, 21.7076,286182, 0.0322789, 1.37343, 0.0268417, 0, 0, 2.56901, 13.0676, 0.17111, 0, 0, 0, 0, 0, 6.758e-05, 776542, 0, 91
50000,true,BAMBOO,false,true,false,WR,1,0,false,LH_MCSLOCK,100000,0,TOP,0.5,16,true,WR,0,,false,10000000,8,YCSB,false,0.9, 74624, 28373,0,0,0,0, 31025, 23.5532,257860, 2.01268, 1.86904, 0.312023, 0, 0, 1.81566, 10.756, 5.78003, 0, 0, 0, 0, 0, 0.0054844, 759177, 0, 7711
50000,true,BAMBOO,false,true,false,WR,1,0,false,LH_MCSLOCK,100000,0,TOP,0.5,16,true,WR,0,,false,10000000,8,YCSB,false,0.99, 191855, 33549,0,0,0,0, 41750, 32.8922,191630, 6.45908, 3.01568, 1.21771, 0, 0, 1.84888, 10.3946, 14.8835, 0, 0, 0, 0, 0, 0.00934155, 787894, 0, 18404
50000,true,BAMBOO,false,true,true,WR,1,0,false,LH_MCSLOCK,100000,0,TOP,0.5,16,true,WR,0,,false,10000000,16,YCSB,false,0.5, 0, 22209,0,0,0,0, 22209, 34.1838,720403, 0, 1.72439, 0.0296706, 0, 0, 2.95124, 19.9911, 0.0356584, 0, 0, 0, 0, 0, 2.4597e-05, 1539135, 0, 31
50000,true,BAMBOO,false,true,true,WR,1,0,false,LH_MCSLOCK,100000,0,TOP,0.5,16,true,WR,0,,false,10000000,16,YCSB,false,0.7, 406, 21067,0,0,0,0, 21071, 33.0418,759329, 0.00633869, 2.3706, 0.594071, 0, 0, 2.45077, 20.1085, 0.0706825, 0, 0, 0, 0, 0, 0.000764375, 1568098, 0, 1049
50000,true,BAMBOO,false,true,true,WR,1,0,false,LH_MCSLOCK,100000,0,TOP,0.5,16,true,WR,0,,false,10000000,16,YCSB,false,0.9, 165770, 23537,0,0,0,0, 25874, 39.8947,618404, 3.6011, 3.92525, 1.22937, 0, 0, 1.90689, 16.0294, 12.835, 0, 0, 0, 0, 0, 0.0545225, 1541939, 0, 66718
50000,true,BAMBOO,false,true,true,WR,1,0,false,LH_MCSLOCK,100000,0,TOP,0.5,16,true,WR,0,,false,10000000,16,YCSB,false,0.99, 509975, 34076,0,0,0,0, 44620, 69.9147,358608, 16.5161, 6.57147, 2.86771, 0, 0, 1.81692, 16.908, 39.3943, 0, 0, 0, 0, 0, 0.0788316, 1566999, 0, 132957
50000,true,BAMBOO,false,true,false,WR,1,0,false,LH_MCSLOCK,100000,0,TOP,0.5,16,true,WR,0,,false,10000000,16,YCSB,false,0.5, 172, 25538,0,0,0,0, 25540, 38.9818,626461, 0.00242653, 2.61663, 0.021035, 0, 0, 3.63764, 23.1455, 0.0525106, 0, 0, 0, 0, 0, 9.67e-06, 1526286, 0, 11
50000,true,BAMBOO,false,true,false,WR,1,0,false,LH_MCSLOCK,100000,0,TOP,0.5,16,true,WR,0,,false,10000000,16,YCSB,false,0.7, 8097, 25107,0,0,0,0, 25193, 39.3229,635090, 0.13443, 3.53574, 0.767274, 0, 0, 3.24923, 23.7825, 0.676495, 0, 0, 0, 0, 0, 0.000414815, 1560848, 0, 504
50000,true,BAMBOO,false,true,false,WR,1,0,false,LH_MCSLOCK,100000,0,TOP,0.5,16,true,WR,0,,false,10000000,16,YCSB,false,0.9, 289434, 30332,0,0,0,0, 36763, 57.4665,435237, 10.0498, 4.88166, 1.31916, 0, 0, 2.76545, 20.2855, 22.4362, 0, 0, 0, 0, 0, 0.0274749, 1563221, 0, 39635
50000,true,BAMBOO,false,true,false,WR,1,0,false,LH_MCSLOCK,100000,0,TOP,0.5,16,true,WR,0,,false,10000000,16,YCSB,false,0.99, 615686, 33742,0,0,0,0, 49251, 77.5617,324890, 24.4188, 6.69971, 2.82232, 0, 0, 1.84757, 16.165, 47.5361, 0, 0, 0, 0, 0, 0.0463918, 1574938, 0, 96665
50000,true,BAMBOO,false,true,true,WR,1,0,false,LH_MCSLOCK,100000,0,TOP,0.5,16,true,WR,0,,false,10000000,32,YCSB,false,0.5, 2, 23817,0,0,0,0, 23817, 73.3989,1.34357e+06, 3.8918e-05, 3.93232, 0.0571537, 0, 0, 7.33881, 42.4003, 0.0714874, 0, 0, 0, 0, 0, 9.1729e-05, 3081765, 0, 123
50000,true,BAMBOO,false,true,true,WR,1,0,false,LH_MCSLOCK,100000,0,TOP,0.5,16,true,WR,0,,false,10000000,32,YCSB,false,0.7, 2812, 21566,0,0,0,0, 21581, 65.3969,1.48276e+06, 0.0455033, 4.43648, 0.679768, 0, 0, 5.76662, 38.7398, 0.290959, 0, 0, 0, 0, 0, 0.00422433, 3030244, 0, 5329
50000,true,BAMBOO,false,true,true,WR,1,0,false,LH_MCSLOCK,100000,0,TOP,0.5,16,true,WR,0,,false,10000000,32,YCSB,false,0.9, 717008, 36216,0,0,0,0, 44958, 137.858,711819, 26.7976, 18.9753, 10.1212, 0, 0, 4.78976, 47.4414, 55.6943, 0, 0, 0, 0, 0, 0.92213, 3066570, 0, 429383
50000,true,BAMBOO,false,true,true,WR,1,0,false,LH_MCSLOCK,100000,0,TOP,0.5,16,true,WR,0,,false,10000000,32,YCSB,false,0.99, 1912161, 44158,0,0,0,0, 69982, 221.275,457304, 81.637, 21.0158, 10.5259, 0, 0, 2.87934, 36.5194, 147.913, 0, 0, 0, 0, 0, 0.579444, 3162184, 0, 695705
50000,true,BAMBOO,false,true,false,WR,1,0,false,LH_MCSLOCK,100000,0,TOP,0.5,16,true,WR,0,,false,10000000,32,YCSB,false,0.5, 721, 23883,0,0,0,0, 23886, 72.5503,1.33965e+06, 0.00970475, 5.22731, 0.0445739, 0, 0, 6.47545, 43.5665, 0.13435, 0, 0, 0, 0, 0, 0.000125363, 3037252, 0, 63
50000,true,BAMBOO,false,true,false,WR,1,0,false,LH_MCSLOCK,100000,0,TOP,0.5,16,true,WR,0,,false,10000000,32,YCSB,false,0.7, 32230, 23649,0,0,0,0, 23960, 72.2144,1.33551e+06, 0.937494, 5.92654, 0.6471, 0, 0, 4.82973, 41.0347, 2.60938, 0, 0, 0, 0, 0, 0.00224686, 3013850, 0, 2924
50000,true,BAMBOO,false,true,false,WR,1,0,false,LH_MCSLOCK,100000,0,TOP,0.5,16,true,WR,0,,false,10000000,32,YCSB,false,0.9, 1017337, 33450,0,0,0,0, 47676, 149.73,671251, 44.6687, 14.0849, 5.79458, 0, 0, 3.78131, 38.0264, 79.3893, 0, 0, 0, 0, 0, 0.188463, 3140834, 0, 221975
50000,true,BAMBOO,false,true,false,WR,1,0,false,LH_MCSLOCK,100000,0,TOP,0.5,16,true,WR,0,,false,10000000,32,YCSB,false,0.99, 2495394, 47284,0,0,0,0, 90297, 285.78,354430, 136.111, 24.5319, 11.9002, 0, 0, 3.79291, 42.5566, 194.385, 0, 0, 0, 0, 0, 0.382486, 3165285, 0, 611594
50000,true,BAMBOO,false,true,true,WR,1,0,false,LH_MCSLOCK,100000,0,TOP,0.5,16,true,WR,0,,false,10000000,1,YCSB,false,0.5, 0, 20516,0,0,0,0, 20516, 2.05164,48741.6, 0, 0.0395682, 0.00152684, 0, 0, 0.374921, 1.18997, 0.00305897, 0, 0, 0, 0, 0, 0, 100000, 0, 0
50000,true,BAMBOO,false,true,true,WR,1,0,false,LH_MCSLOCK,100000,0,TOP,0.5,16,true,WR,0,,false,10000000,1,YCSB,false,0.7, 0, 18731,0,0,0,0, 18731, 1.87314,53386.2, 0, 0.0404424, 0.00152689, 0, 0, 0.318894, 1.07529, 0.00306254, 0, 0, 0, 0, 0, 0, 100000, 0, 0
50000,true,BAMBOO,false,true,true,WR,1,0,false,LH_MCSLOCK,100000,0,TOP,0.5,16,true,WR,0,,false,10000000,1,YCSB,false,0.9, 0, 13858,0,0,0,0, 13858, 1.3859,72155.5, 0, 0.0386628, 0.00153906, 0, 0, 0.261408, 0.770256, 0.00306076, 0, 0, 0, 0, 0, 0, 100000, 0, 0
50000,true,BAMBOO,false,true,true,WR,1,0,false,LH_MCSLOCK,100000,0,TOP,0.5,16,true,WR,0,,false,10000000,1,YCSB,false,0.99, 0, 10948,0,0,0,0, 10948, 1.0949,91332.8, 0, 0.0373362, 0.00153509, 0, 0, 0.230243, 0.589048, 0.00306202, 0, 0, 0, 0, 0, 0, 100000, 0, 0
50000,true,BAMBOO,false,true,false,WR,1,0,false,LH_MCSLOCK,100000,0,TOP,0.5,16,true,WR,0,,false,10000000,1,YCSB,false,0.5, 0, 20740,0,0,0,0, 20740, 2.074,48216, 0, 0.0422526, 0.00154038, 0, 0, 0.33148, 1.19949, 0.00424801, 0, 0, 0, 0, 0, 0, 100000, 0, 0
50000,true,BAMBOO,false,true,false,WR,1,0,false,LH_MCSLOCK,100000,0,TOP,0.5,16,true,WR,0,,false,10000000,1,YCSB,false,0.7, 0, 19161,0,0,0,0, 19161, 1.91619,52186.9, 0, 0.0422663, 0.00273237, 0, 0, 0.311049, 1.10153, 0.00305335, 0, 0, 0, 0, 0, 0, 100000, 0, 0
50000,true,BAMBOO,false,true,false,WR,1,0,false,LH_MCSLOCK,100000,0,TOP,0.5,16,true,WR,0,,false,10000000,1,YCSB,false,0.9, 0, 14406,0,0,0,0, 14406, 1.44067,69412, 0, 0.0403414, 0.00154376, 0, 0, 0.260307, 0.801308, 0.00306105, 0, 0, 0, 0, 0, 0, 100000, 0, 0
50000,true,BAMBOO,false,true,false,WR,1,0,false,LH_MCSLOCK,100000,0,TOP,0.5,16,true,WR,0,,false,10000000,1,YCSB,false,0.99, 0, 11345,0,0,0,0, 11345, 1.13459,88137.3, 0, 0.0404569, 0.00153656, 0, 0, 0.224882, 0.621832, 0.00306791, 0, 0, 0, 0, 0, 0, 100000, 0, 0
50000,true,BAMBOO,false,true,true,WR,1,0,false,LH_MCSLOCK,100000,0,TOP,0.5,16,true,WR,0,,false,10000000,2,YCSB,false,0.5, 0, 48751,0,0,0,0, 48751, 9.71689,41024, 0, 0.26903, 0.00275999, 0, 0, 1.78657, 6.33907, 0.00593864, 0, 0, 0, 0, 0, 0, 199313, 0, 0
50000,true,BAMBOO,false,true,true,WR,1,0,false,LH_MCSLOCK,100000,0,TOP,0.5,16,true,WR,0,,false,10000000,2,YCSB,false,0.7, 0, 38949,0,0,0,0, 38949, 7.74692,51348.7, 0, 0.239697, 0.0029377, 0, 0, 1.44677, 4.91542, 0.00520379, 0, 0, 0, 0, 0, 2.556e-06, 198897, 0, 3
50000,true,BAMBOO,false,true,true,WR,1,0,false,LH_MCSLOCK,100000,0,TOP,0.5,16,true,WR,0,,false,10000000,2,YCSB,false,0.9, 280, 36011,0,0,0,0, 36050, 6.49451,55477.3, 0.00701598, 0.301444, 0.0415379, 0, 0, 1.29877, 4.12205, 0.0308468, 0, 0, 0, 0, 0, 0.000150772, 180149, 0, 199
50000,true,BAMBOO,false,true,true,WR,1,0,false,LH_MCSLOCK,100000,0,TOP,0.5,16,true,WR,0,,false,10000000,2,YCSB,false,0.99, 3074, 30076,0,0,0,0, 30439, 5.96028,65704.3, 0.0710072, 0.379159, 0.0881073, 0, 0, 1.06778, 3.67943, 0.245021, 0, 0, 0, 0, 0, 0.000438874, 195808, 0, 654
50000,true,BAMBOO,false,true,false,WR,1,0,false,LH_MCSLOCK,100000,0,TOP,0.5,16,true,WR,0,,false,10000000,2,YCSB,false,0.5, 1, 63323,0,0,0,0, 63323, 12.6248,31583.8, 2.458e-05, 0.357121, 0.00626047, 0, 0, 2.64143, 8.27795, 0.00661764, 0, 0, 0, 0, 0, 2.059e-06, 199369, 0, 1
50000,true,BAMBOO,false,true,false,WR,1,0,false,LH_MCSLOCK,100000,0,TOP,0.5,16,true,WR,0,,false,10000000,2,YCSB,false,0.7, 79, 49974,0,0,0,0, 49984, 9.77514,40012.7, 0.0019106, 0.338718, 0.00300487, 0, 0, 1.84384, 6.33606, 0.0121487, 0, 0, 0, 0, 0, 2.656e-06, 195565, 0, 3
50000,true,BAMBOO,false,true,false,WR,1,0,false,LH_MCSLOCK,100000,0,TOP,0.5,16,true,WR,0,,false,10000000,2,YCSB,false,0.9, 3325, 31947,0,0,0,0, 32292, 6.437,61933.8, 0.0688596, 0.330555, 0.0307884, 0, 0, 1.14905, 3.86127, 0.263514, 0, 0, 0, 0, 0, 5.8836e-05, 199334, 0, 108
50000,true,BAMBOO,false,true,false,WR,1,0,false,LH_MCSLOCK,100000,0,TOP,0.5,16,true,WR,0,,false,10000000,2,YCSB,false,0.99, 9720, 33346,0,0,0,0, 34544, 6.81446,57896.6, 0.236317, 0.400732, 0.07048, 0, 0, 1.05349, 3.82209, 0.764804, 0, 0, 0, 0, 0, 0.00272413, 197267, 0, 289
50000,true,BAMBOO,false,true,true,WR,1,0,false,LH_MCSLOCK,100000,0,TOP,0.5,16,true,WR,0,,false,10000000,4,YCSB,false,0.5, 0, 34185,0,0,0,0, 34185, 13.1215,117007, 0, 0.453615, 0.00471349, 0, 0, 1.87633, 8.2643, 0.0119504, 0, 0, 0, 0, 0, 1.06e-06, 383829, 0, 1
50000,true,BAMBOO,false,true,true,WR,1,0,false,LH_MCSLOCK,100000,0,TOP,0.5,16,true,WR,0,,false,10000000,4,YCSB,false,0.7, 2, 33454,0,0,0,0, 33455, 13.0295,119563, 3.4212e-05, 0.491864, 0.0125889, 0, 0, 2.0913, 8.122, 0.00975284, 0, 0, 0, 0, 0, 2.5036e-05, 389463, 0, 34
50000,true,BAMBOO,false,true,true,WR,1,0,false,LH_MCSLOCK,100000,0,TOP,0.5,16,true,WR,0,,false,10000000,4,YCSB,false,0.9, 5328, 29212,0,0,0,0, 29574, 10.8301,135253, 0.132488, 0.742314, 0.180518, 0, 0, 1.65947, 6.47291, 0.426512, 0, 0, 0, 0, 0, 0.00140468, 366199, 0, 1821
50000,true,BAMBOO,false,true,true,WR,1,0,false,LH_MCSLOCK,100000,0,TOP,0.5,16,true,WR,0,,false,10000000,4,YCSB,false,0.99, 30640, 29680,0,0,0,0, 31606, 12.3174,126560, 0.750231, 1.11365, 0.370033, 0, 0, 1.1856, 6.41155, 2.39465, 0, 0, 0, 0, 0, 0.00458753, 389721, 0, 6481
50000,true,BAMBOO,false,true,false,WR,1,0,false,LH_MCSLOCK,100000,0,TOP,0.5,16,true,WR,0,,false,10000000,4,YCSB,false,0.5, 8, 34967,0,0,0,0, 34967, 12.9993,114392, 0.000107609, 0.626345, 0.00502868, 0, 0, 1.73117, 8.06931, 0.0106464, 0, 0, 0, 0, 0, 0, 371752, 0, 0
50000,true,BAMBOO,false,true,false,WR,1,0,false,LH_MCSLOCK,100000,0,TOP,0.5,16,true,WR,0,,false,10000000,4,YCSB,false,0.7, 374, 35080,0,0,0,0, 35099, 13.1131,113961, 0.00716333, 0.664818, 0.0209677, 0, 0, 1.79833, 8.20097, 0.0401559, 0, 0, 0, 0, 0, 1.5867e-05, 373594, 0, 18
50000,true,BAMBOO,false,true,false,WR,1,0,false,LH_MCSLOCK,100000,0,TOP,0.5,16,true,WR,0,,false,10000000,4,YCSB,false,0.9, 18420, 30486,0,0,0,0, 31589, 12.3412,126627, 0.430543, 0.819491, 0.127333, 0, 0, 1.45018, 6.97699, 1.4428, 0, 0, 0, 0, 0, 0.000619295, 390682, 0, 998
50000,true,BAMBOO,false,true,false,WR,1,0,false,LH_MCSLOCK,100000,0,TOP,0.5,16,true,WR,0,,false,10000000,4,YCSB,false,0.99, 49352, 32220,0,0,0,0, 35744, 14.0468,111909, 1.38427, 1.1216, 0.309025, 0, 0, 1.38975, 6.19782, 3.84466, 0, 0, 0, 0, 0, 0.00220152, 392989, 0, 3370
50000,true,BAMBOO,false,true,true,WR,1,0,false,LH_MCSLOCK,100000,0,TOP,0.5,16,true,WR,0,,false,10000000,8,YCSB,false,0.5, 0, 28169,0,0,0,0, 28169, 21.6862,283997, 0, 0.939138, 0.0101398, 0, 0, 2.73832, 13.0937, 0.0188731, 0, 0, 0, 0, 0, 6.551e-06, 769852, 0, 4
50000,true,BAMBOO,false,true,true,WR,1,0,false,LH_MCSLOCK,100000,0,TOP,0.5,16,true,WR,0,,false,10000000,8,YCSB,false,0.7, 38, 26568,0,0,0,0, 26569, 20.3227,301097, 0.000798719, 0.938643, 0.0285299, 0, 0, 2.26751, 12.7792, 0.0224109, 0, 0, 0, 0, 0, 0.000316586, 764885, 0, 207
50000,true,BAMBOO,false,true,true,WR,1,0,false,LH_MCSLOCK,100000,0,TOP,0.5,16,true,WR,0,,false,10000000,8,YCSB,false,0.9, 37149, 27086,0,0,0,0, 28266, 21.6913,283025, 0.905112, 1.89677, 0.663294, 0, 0, 2.09294, 11.9091, 2.90082, 0, 0, 0, 0, 0, 0.0122667, 767397, 0, 11826
50000,true,BAMBOO,false,true,true,WR,1,0,false,LH_MCSLOCK,100000,0,TOP,0.5,16,true,WR,0,,false,10000000,8,YCSB,false,0.99, 130540, 25967,0,0,0,0, 29839, 23.5981,268122, 3.0603, 2.05493, 0.707684, 0, 0, 1.02574, 8.0045, 10.1307, 0, 0, 0, 0, 0, 0.0110774, 790899, 0, 25354
50000,true,BAMBOO,false,true,false,WR,1,0,false,LH_MCSLOCK,100000,0,TOP,0.5,16,true,WR,0,,false,10000000,8,YCSB,false,0.5, 34, 29942,0,0,0,0, 29942, 23.5555,267175, 0.000502453, 1.36, 0.0143958, 0, 0, 2.59352, 14.3479, 0.0234444, 0, 0, 0, 0, 0, 6.48e-07, 786680, 0, 1
50000,true,BAMBOO,false,true,false,WR,1,0,false,LH_MCSLOCK,100000,0,TOP,0.5,16,true,WR,0,,false,10000000,8,YCSB,false,0.7, 1817, 24297,0,0,0,0, 24336, 18.2534,328728, 0.0292761, 1.21997, 0.0151704, 0, 0, 1.90136, 10.7611, 0.16177, 0, 0, 0, 0, 0, 6.9114e-05, 750049, 0, 99
50000,true,BAMBOO,false,true,false,WR,1,0,false,LH_MCSLOCK,100000,0,TOP,0.5,16,true,WR,0,,false,10000000,8,YCSB,false,0.9, 73109, 24162,0,0,0,0, 26445, 20.4777,302526, 1.76681, 1.63222, 0.269361, 0, 0, 1.30823, 8.99407, 5.6773, 0, 0, 0, 0, 0, 0.0102736, 774379, 0, 6665
50000,true,BAMBOO,false,true,false,WR,1,0,false,LH_MCSLOCK,100000,0,TOP,0.5,16,true,WR,0,,false,10000000,8,YCSB,false,0.99, 175276, 28352,0,0,0,0, 35107, 27.9249,227890, 5.37116, 2.05464, 0.540661, 0, 0, 1.33979, 8.16064, 13.5912, 0, 0, 0, 0, 0, 0.00674755, 795478, 0, 16961
50000,true,BAMBOO,false,true,true,WR,1,0,false,LH_MCSLOCK,100000,0,TOP,0.5,16,true,WR,0,,false,10000000,16,YCSB,false,0.5, 0, 21732,0,0,0,0, 21732, 33.4686,736229, 0, 1.73953, 0.0254209, 0, 0, 2.98658, 19.5019, 0.0361004, 0, 0, 0, 0, 0, 2.8887e-05, 1540036, 0, 34
50000,true,BAMBOO,false,true,true,WR,1,0,false,LH_MCSLOCK,100000,0,TOP,0.5,16,true,WR,0,,false,10000000,16,YCSB,false,0.7, 346, 23696,0,0,0,0, 23700, 35.8098,675085, 0.00635025, 2.00823, 0.169683, 0, 0, 3.50029, 21.7152, 0.0663708, 0, 0, 0, 0, 0, 0.000709161, 1510915, 0, 879
50000,true,BAMBOO,false,true,true,WR,1,0,false,LH_MCSLOCK,100000,0,TOP,0.5,16,true,WR,0,,false,10000000,16,YCSB,false,0.9, 167823, 25533,0,0,0,0, 28311, 43.4282,565175, 4.25924, 4.9613, 2.11447, 0, 0, 2.40866, 17.854, 13.0409, 0, 0, 0, 0, 0, 0.0770614, 1534033, 0, 67522
50000,true,BAMBOO,false,true,true,WR,1,0,false,LH_MCSLOCK,100000,0,TOP,0.5,16,true,WR,0,,false,10000000,16,YCSB,false,0.99, 517395, 34844,0,0,0,0, 45702, 72.0869,350120, 17.1223, 6.93659, 3.33136, 0, 0, 1.85401, 18.1592, 39.9143, 0, 0, 0, 0, 0, 0.0750581, 1577443, 0, 126046
50000,true,BAMBOO,false,true,false,WR,1,0,false,LH_MCSLOCK,100000,0,TOP,0.5,16,true,WR,0,,false,10000000,16,YCSB,false,0.5, 182, 21278,0,0,0,0, 21279, 33.2638,751882, 0.00224787, 2.45668, 0.0199328, 0, 0, 2.01419, 19.2885, 0.0507989, 0, 0, 0, 0, 0, 2.5961e-05, 1563155, 0, 24
50000,true,BAMBOO,false,true,false,WR,1,0,false,LH_MCSLOCK,100000,0,TOP,0.5,16,true,WR,0,,false,10000000,16,YCSB,false,0.7, 8054, 21592,0,0,0,0, 21670, 33.5831,738335, 0.120403, 2.96214, 0.496394, 0, 0, 2.58576, 19.5534, 0.667482, 0, 0, 0, 0, 0, 0.000371242, 1549722, 0, 552
50000,true,BAMBOO,false,true,false,WR,1,0,false,LH_MCSLOCK,100000,0,TOP,0.5,16,true,WR,0,,false,10000000,16,YCSB,false,0.9, 275575, 27635,0,0,0,0, 33385, 52.1719,479288, 8.98262, 4.32887, 1.08265, 0, 0, 2.17233, 17.3721, 21.4127, 0, 0, 0, 0, 0, 0.0807933, 1562837, 0, 39070
50000,true,BAMBOO,false,true,false,WR,1,0,false,LH_MCSLOCK,100000,0,TOP,0.5,16,true,WR,0,,false,10000000,16,YCSB,false,0.99, 615302, 34241,0,0,0,0, 49552, 78.4818,322915, 24.2451, 7.53461, 3.68992, 0, 0, 1.88026, 17.1411, 47.5162, 0, 0, 0, 0, 0, 0.0445883, 1583936, 0, 96467
50000,true,BAMBOO,false,true,true,WR,1,0,false,LH_MCSLOCK,100000,0,TOP,0.5,16,true,WR,0,,false,10000000,32,YCSB,false,0.5, 1, 24884,0,0,0,0, 24884, 77.5122,1.28592e+06, 1.9634e-05, 3.9387, 0.0483311, 0, 0, 8.3335, 45.2934, 0.0735367, 0, 0, 0, 0, 0, 0.000101162, 3114837, 0, 123
50000,true,BAMBOO,false,true,true,WR,1,0,false,LH_MCSLOCK,100000,0,TOP,0.5,16,true,WR,0,,false,10000000,32,YCSB,false,0.7, 2779, 22680,0,0,0,0, 22698, 69.171,1.40976e+06, 0.0549987, 4.51108, 0.471717, 0, 0, 6.47428, 41.2716, 0.308144, 0, 0, 0, 0, 0, 0.00502624, 3047322, 0, 5288
50000,true,BAMBOO,false,true,true,WR,1,0,false,LH_MCSLOCK,100000,0,TOP,0.5,16,true,WR,0,,false,10000000,32,YCSB,false,0.9, 743147, 39375,0,0,0,0, 48914, 150.169,654252, 29.2747, 21.765, 12.3646, 0, 0, 6.15145, 52.8522, 57.892, 0, 0, 0, 0, 0, 1.0057, 3070272, 0, 424197
50000,true,BAMBOO,false,true,true,WR,1,0,false,LH_MCSLOCK,100000,0,TOP,0.5,16,true,WR,0,,false,10000000,32,YCSB,false,0.99, 2028831, 46743,0,0,0,0, 75836, 239.906,422009, 92.0183, 21.434, 10.4216, 0, 0, 3.18588, 40.2091, 158.033, 0, 0, 0, 0, 0, 0.514198, 3163825, 0, 677096
50000,true,BAMBOO,false,true,false,WR,1,0,false,LH_MCSLOCK,100000,0,TOP,0.5,16,true,WR,0,,false,10000000,32,YCSB,false,0.5, 741, 20834,0,0,0,0, 20838, 61.9803,1.53565e+06, 0.00970063, 4.72923, 0.0434475, 0, 0, 4.90066, 33.0214, 0.12804, 0, 0, 0, 0, 0, 5.1678e-05, 2974379, 0, 61
50000,true,BAMBOO,false,true,false,WR,1,0,false,LH_MCSLOCK,100000,0,TOP,0.5,16,true,WR,0,,false,10000000,32,YCSB,false,0.7, 32929, 27009,0,0,0,0, 27236, 83.4799,1.17491e+06, 0.695856, 6.0825, 0.583357, 0, 0, 8.54744, 48.9916, 2.67234, 0, 0, 0, 0, 0, 0.00253549, 3065041, 0, 2948
50000,true,BAMBOO,false,true,false,WR,1,0,false,LH_MCSLOCK,100000,0,TOP,0.5,16,true,WR,0,,false,10000000,32,YCSB,false,0.9, 1001101, 33148,0,0,0,0, 47199, 147.307,678027, 43.8454, 14.7652, 5.75817, 0, 0, 3.85547, 37.288, 77.6483, 0, 0, 0, 0, 0, 0.343794, 3121192, 0, 283760
50000,true,BAMBOO,false,true,false,WR,1,0,false,LH_MCSLOCK,100000,0,TOP,0.5,16,true,WR,0,,false,10000000,32,YCSB,false,0.99, 2300246, 44045,0,0,0,0, 82462, 259.72,388099, 120.981, 24.3074, 11.6581, 0, 0, 3.20686, 38.6746, 177.074, 0, 0, 0, 0, 0, 0.654235, 3149915, 0, 669104
50000,true,BAMBOO,false,true,true,WR,1,0,false,LH_MCSLOCK,100000,0,TOP,0.5,16,true,WR,0,,false,10000000,1,YCSB,false,0.5, 0, 20358,0,0,0,0, 20358, 2.03581,49120.5, 0, 0.0407034, 0.00153646, 0, 0, 0.339649, 1.18622, 0.00306034, 0, 0, 0, 0, 0, 0, 100000, 0, 0
50000,true,BAMBOO,false,true,true,WR,1,0,false,LH_MCSLOCK,100000,0,TOP,0.5,16,true,WR,0,,false,10000000,1,YCSB,false,0.7, 0, 18683,0,0,0,0, 18683, 1.86837,53522.5, 0, 0.0396166, 0.00153647, 0, 0, 0.316783, 1.06696, 0.00305856, 0, 0, 0, 0, 0, 0, 100000, 0, 0
50000,true,BAMBOO,false,true,true,WR,1,0,false,LH_MCSLOCK,100000,0,TOP,0.5,16,true,WR,0,,false,10000000,1,YCSB,false,0.9, 0, 13881,0,0,0,0, 13881, 1.38819,72036.4, 0, 0.0385292, 0.00153567, 0, 0, 0.26002, 0.770934, 0.00305722, 0, 0, 0, 0, 0, 0, 100000, 0, 0
50000,true,BAMBOO,false,true,true,WR,1,0,false,LH_MCSLOCK,100000,0,TOP,0.5,16,true,WR,0,,false,10000000,1,YCSB,false,0.99, 0, 10880,0,0,0,0, 10880, 1.08802,91909.7, 0, 0.0372831, 0.00154082, 0, 0, 0.228171, 0.584386, 0.00306841, 0, 0, 0, 0, 0, 0, 100000, 0, 0
50000,true,BAMBOO,false,true,false,WR,1,0,false,LH_MCSLOCK,100000,0,TOP,0.5,16,true,WR,0,,false,10000000,1,YCSB,false,0.5, 0, 20813,0,0,0,0, 20813, 2.08134,48046, 0, 0.0410689, 0.00153983, 0, 0, 0.331569, 1.20034, 0.00305932, 0, 0, 0, 0, 0, 0, 100000, 0, 0
50000,true,BAMBOO,false,true,false,WR,1,0,false,LH_MCSLOCK,100000,0,TOP,0.5,16,true,WR,0,,false,10000000,1,YCSB,false,0.7, 0, 19225,0,0,0,0, 19225, 1.92252,52015.1, 0, 0.0408779, 0.00152786, 0, 0, 0.311839, 1.10042, 0.00305271, 0, 0, 0, 0, 0, 0, 100000, 0, 0
50000,true,BAMBOO,false,true,false,WR,1,0,false,LH_MCSLOCK,100000,0,TOP,0.5,16,true,WR,0,,false,10000000,1,YCSB,false,0.9, 0, 14343,0,0,0,0, 14343, 1.43433,69719.1, 0, 0.0403403, 0.00154388, 0, 0, 0.259392, 0.803614, 0.00306174, 0, 0, 0, 0, 0, 0, 100000, 0, 0
50000,true,BAMBOO,false,true,false,WR,1,0,false,LH_MCSLOCK,100000,0,TOP,0.5,16,true,WR,0,,false,10000000,1,YCSB,false,0.99, 0, 11364,0,0,0,0, 11364, 1.13641,87996.7, 0, 0.0390672, 0.00153653, 0, 0, 0.224539, 0.624864, 0.00306115, 0, 0, 0, 0, 0, 0, 100000, 0, 0
50000,true,BAMBOO,false,true,true,WR,1,0,false,LH_MCSLOCK,100000,0,TOP,0.5,16,true,WR,0,,false,10000000,2,YCSB,false,0.5, 0, 44706,0,0,0,0, 44706, 8.90319,44735.9, 0, 0.262488, 0.00279404, 0, 0, 1.47715, 5.82299, 0.00584684, 0, 0, 0, 0, 0, 0, 199146, 0, 0
50000,true,BAMBOO,false,true,true,WR,1,0,false,LH_MCSLOCK,100000,0,TOP,0.5,16,true,WR,0,,false,10000000,2,YCSB,false,0.7, 0, 44468,0,0,0,0, 44468, 7.3973,44975.4, 0, 0.226105, 0.00294861, 0, 0, 1.27352, 4.85973, 0.0051269, 0, 0, 0, 0, 0, 1.912e-06, 166348, 0, 2
50000,true,BAMBOO,false,true,true,WR,1,0,false,LH_MCSLOCK,100000,0,TOP,0.5,16,true,WR,0,,false,10000000,2,YCSB,false,0.9, 345, 27569,0,0,0,0, 27603, 5.50921,72453.6, 0.00695745, 0.288294, 0.0255259, 0, 0, 0.897175, 3.46571, 0.0325473, 0, 0, 0, 0, 0, 0.000240263, 199581, 0, 324
50000,true,BAMBOO,false,true,true,WR,1,0,false,LH_MCSLOCK,100000,0,TOP,0.5,16,true,WR,0,,false,10000000,2,YCSB,false,0.99, 2938, 29496,0,0,0,0, 29815, 5.83707,67079.8, 0.0624489, 0.376744, 0.0986394, 0, 0, 1.13405, 3.55475, 0.23808, 0, 0, 0, 0, 0, 0.000270956, 195775, 0, 493
50000,true,BAMBOO,false,true,false,WR,1,0,false,LH_MCSLOCK,100000,0,TOP,0.5,16,true,WR,0,,false,10000000,2,YCSB,false,0.5, 1, 49297,0,0,0,0, 49297, 9.78611,40570, 2.9509e-05, 0.340593, 0.00276842, 0, 0, 1.76263, 6.29964, 0.00607496, 0, 0, 0, 0, 0, 0, 198511, 0, 0
50000,true,BAMBOO,false,true,false,WR,1,0,false,LH_MCSLOCK,100000,0,TOP,0.5,16,true,WR,0,,false,10000000,2,YCSB,false,0.7, 62, 40739,0,0,0,0, 40746, 8.00038,49083.4, 0.00149332, 0.320047, 0.00536848, 0, 0, 1.36107, 5.12377, 0.0101853, 0, 0, 0, 0, 0, 3.803e-06, 196343, 0, 4
50000,true,BAMBOO,false,true,false,WR,1,0,false,LH_MCSLOCK,100000,0,TOP,0.5,16,true,WR,0,,false,10000000,2,YCSB,false,0.9, 3287, 35701,0,0,0,0, 36121, 6.91408,55369.3, 0.0802966, 0.365598, 0.0327935, 0, 0, 1.17085, 4.23204, 0.263998, 0, 0, 0, 0, 0, 7.4584e-05, 191414, 0, 98
50000,true,BAMBOO,false,true,false,WR,1,0,false,LH_MCSLOCK,100000,0,TOP,0.5,16,true,WR,0,,false,10000000,2,YCSB,false,0.99, 9687, 34692,0,0,0,0, 35919, 6.97594,55681.4, 0.238069, 0.454741, 0.0928344, 0, 0, 1.14364, 3.84995, 0.763933, 0, 0, 0, 0, 0, 0.000300804, 194215, 0, 402
50000,true,BAMBOO,false,true,true,WR,1,0,false,LH_MCSLOCK,100000,0,TOP,0.5,16,true,WR,0,,false,10000000,4,YCSB,false,0.5, 0, 33514,0,0,0,0, 33514, 12.4222,119351, 0, 0.423034, 0.0043945, 0, 0, 1.80045, 7.77088, 0.00841118, 0, 0, 0, 0, 0, 1.639e-06, 370650, 0, 2
50000,true,BAMBOO,false,true,true,WR,1,0,false,LH_MCSLOCK,100000,0,TOP,0.5,16,true,WR,0,,false,10000000,4,YCSB,false,0.7, 3, 29887,0,0,0,0, 29887, 11.2668,133835, 5.3758e-05, 0.479026, 0.0115027, 0, 0, 1.45544, 7.20928, 0.010452, 0, 0, 0, 0, 0, 2.6687e-05, 376973, 0, 35
50000,true,BAMBOO,false,true,true,WR,1,0,false,LH_MCSLOCK,100000,0,TOP,0.5,16,true,WR,0,,false,10000000,4,YCSB,false,0.9, 5618, 30108,0,0,0,0, 30436, 11.8808,131420, 0.128289, 0.781629, 0.190883, 0, 0, 1.89061, 7.31973, 0.450507, 0, 0, 0, 0, 0, 0.0014134, 390344, 0, 1874
50000,true,BAMBOO,false,true,true,WR,1,0,false,LH_MCSLOCK,100000,0,TOP,0.5,16,true,WR,0,,false,10000000,4,YCSB,false,0.99, 29972, 26656,0,0,0,0, 28372, 11.2533,140985, 0.680477, 0.965762, 0.341097, 0, 0, 1.35268, 5.45326, 2.32838, 0, 0, 0, 0, 0, 0.0025472, 396636, 0, 4995
50000,true,BAMBOO,false,true,false,WR,1,0,false,LH_MCSLOCK,100000,0,TOP,0.5,16,true,WR,0,,false,10000000,4,YCSB,false,0.5, 5, 30672,0,0,0,0, 30673, 11.8302,130407, 0.000125366, 0.636525, 0.00784477, 0, 0, 1.5153, 7.07254, 0.0103398, 0, 0, 0, 0, 0, 1.868e-06, 385687, 0, 2
50000,true,BAMBOO,false,true,false,WR,1,0,false,LH_MCSLOCK,100000,0,TOP,0.5,16,true,WR,0,,false,10000000,4,YCSB,false,0.7, 387, 30800,0,0,0,0, 30817, 11.6368,129797, 0.00646242, 0.622508, 0.00729999, 0, 0, 1.66763, 7.11393, 0.0406284, 0, 0, 0, 0, 0, 1.5e-05, 377607, 0, 20
50000,true,BAMBOO,false,true,false,WR,1,0,false,LH_MCSLOCK,100000,0,TOP,0.5,16,true,WR,0,,false,10000000,4,YCSB,false,0.9, 18460, 30624,0,0,0,0, 31735, 12.3046,126044, 0.430549, 0.829241, 0.14039, 0, 0, 1.45246, 6.95736, 1.44805, 0, 0, 0, 0, 0, 0.00059801, 387731, 0, 939
50000,true,BAMBOO,false,true,false,WR,1,0,false,LH_MCSLOCK,100000,0,TOP,0.5,16,true,WR,0,,false,10000000,4,YCSB,false,0.99, 46522, 29438,0,0,0,0, 32646, 12.3923,122530, 1.21727, 1.05811, 0.279737, 0, 0, 1.17846, 5.24482, 3.62151, 0, 0, 0, 0, 0, 0.00216143, 379610, 0, 3491
50000,true,BAMBOO,false,true,true,WR,1,0,false,LH_MCSLOCK,100000,0,TOP,0.5,16,true,WR,0,,false,10000000,8,YCSB,false,0.5, 0, 26036,0,0,0,0, 26036, 18.7838,307264, 0, 0.822027, 0.00933048, 0, 0, 2.21477, 11.2021, 0.0167486, 0, 0, 0, 0, 0, 6.356e-06, 721448, 0, 10
50000,true,BAMBOO,false,true,true,WR,1,0,false,LH_MCSLOCK,100000,0,TOP,0.5,16,true,WR,0,,false,10000000,8,YCSB,false,0.7, 42, 25716,0,0,0,0, 25717, 19.6378,311069, 0.000787027, 0.971115, 0.0490701, 0, 0, 2.04459, 12.0938, 0.0227736, 0, 0, 0, 0, 0, 0.000182486, 763591, 0, 222
50000,true,BAMBOO,false,true,true,WR,1,0,false,LH_MCSLOCK,100000,0,TOP,0.5,16,true,WR,0,,false,10000000,8,YCSB,false,0.9, 36843, 25910,0,0,0,0, 26975, 20.6445,296577, 0.814542, 1.86155, 0.627715, 0, 0, 2.02236, 11.0976, 2.8764, 0, 0, 0, 0, 0, 0.018599, 765337, 0, 12244
50000,true,BAMBOO,false,true,true,WR,1,0,false,LH_MCSLOCK,100000,0,TOP,0.5,16,true,WR,0,,false,10000000,8,YCSB,false,0.99, 134566, 28671,0,0,0,0, 33081, 25.7032,241843, 3.42473, 2.42185, 1.01574, 0, 0, 1.54902, 8.94202, 10.4118, 0, 0, 0, 0, 0, 0.013088, 777018, 0, 25336
50000,true,BAMBOO,false,true,false,WR,1,0,false,LH_MCSLOCK,100000,0,TOP,0.5,16,true,WR,0,,false,10000000,8,YCSB,false,0.5, 49, 24053,0,0,0,0, 24054, 18.1554,332576, 0.00067533, 1.21914, 0.0101648, 0, 0, 1.66476, 10.4835, 0.0227816, 0, 0, 0, 0, 0, 3.471e-06, 754755, 0, 3
50000,true,BAMBOO,false,true,false,WR,1,0,false,LH_MCSLOCK,100000,0,TOP,0.5,16,true,WR,0,,false,10000000,8,YCSB,false,0.7, 1814, 29256,0,0,0,0, 29306, 22.4429,272980, 0.0379383, 1.38182, 0.0225821, 0, 0, 2.81563, 13.5153, 0.163235, 0, 0, 0, 0, 0, 8.4724e-05, 765807, 0, 101
50000,true,BAMBOO,false,true,false,WR,1,0,false,LH_MCSLOCK,100000,0,TOP,0.5,16,true,WR,0,,false,10000000,8,YCSB,false,0.9, 76891, 29450,0,0,0,0, 32230, 24.994,248224, 2.15504, 2.02526, 0.467103, 0, 0, 1.89919, 11.6797, 5.97519, 0, 0, 0, 0, 0, 0.0169854, 775514, 0, 7110
50000,true,BAMBOO,false,true,false,WR,1,0,false,LH_MCSLOCK,100000,0,TOP,0.5,16,true,WR,0,,false,10000000,8,YCSB,false,0.99, 184360, 31543,0,0,0,0, 39254, 30.7151,203814, 6.03177, 2.6465, 0.902274, 0, 0, 1.66786, 9.37605, 14.2638, 0, 0, 0, 0, 0, 0.0104769, 782522, 0, 19598
50000,true,BAMBOO,false,true,true,WR,1,0,false,LH_MCSLOCK,100000,0,TOP,0.5,16,true,WR,0,,false,10000000,16,YCSB,false,0.5, 1, 22264,0,0,0,0, 22264, 34.0373,718620, 1.505e-05, 1.75028, 0.0202075, 0, 0, 2.89437, 20.3599, 0.0367667, 0, 0, 0, 0, 0, 1.5946e-05, 1528744, 0, 23
50000,true,BAMBOO,false,true,true,WR,1,0,false,LH_MCSLOCK,100000,0,TOP,0.5,16,true,WR,0,,false,10000000,16,YCSB,false,0.7, 346, 23928,0,0,0,0, 23932, 37.4584,668535, 0.00636853, 2.05557, 0.0859607, 0, 0, 3.81102, 22.9829, 0.0684793, 0, 0, 0, 0, 0, 0.00075823, 1565141, 0, 922
50000,true,BAMBOO,false,true,true,WR,1,0,false,LH_MCSLOCK,100000,0,TOP,0.5,16,true,WR,0,,false,10000000,16,YCSB,false,0.9, 174091, 28240,0,0,0,0, 31213, 47.9597,512628, 4.56493, 4.91713, 1.93961, 0, 0, 2.55973, 21.1276, 13.5044, 0, 0, 0, 0, 0, 0.0570643, 1536593, 0, 63062
50000,true,BAMBOO,false,true,true,WR,1,0,false,LH_MCSLOCK,100000,0,TOP,0.5,16,true,WR,0,,false,10000000,16,YCSB,false,0.99, 507062, 34328,0,0,0,0, 44729, 69.8111,357739, 16.2278, 7.20323, 3.51795, 0, 0, 1.87743, 17.3154, 39.1836, 0, 0, 0, 0, 0, 0.091726, 1560884, 0, 133777
50000,true,BAMBOO,false,true,false,WR,1,0,false,LH_MCSLOCK,100000,0,TOP,0.5,16,true,WR,0,,false,10000000,16,YCSB,false,0.5, 180, 23146,0,0,0,0, 23148, 36.2547,691185, 0.00301467, 2.52693, 0.0205948, 0, 0, 3.21245, 20.9, 0.0517162, 0, 0, 0, 0, 0, 1.5737e-05, 1566168, 0, 15
50000,true,BAMBOO,false,true,false,WR,1,0,false,LH_MCSLOCK,100000,0,TOP,0.5,16,true,WR,0,,false,10000000,16,YCSB,false,0.7, 7871, 23006,0,0,0,0, 23088, 35.2243,692975, 0.125248, 2.5421, 0.0349604, 0, 0, 3.0476, 20.4033, 0.65253, 0, 0, 0, 0, 0, 0.000508966, 1525596, 0, 568
50000,true,BAMBOO,false,true,false,WR,1,0,false,LH_MCSLOCK,100000,0,TOP,0.5,16,true,WR,0,,false,10000000,16,YCSB,false,0.9, 279169, 27161,0,0,0,0, 32919, 51.7083,486062, 9.04163, 4.32428, 1.01622, 0, 0, 2.11372, 17.0619, 21.5955, 0, 0, 0, 0, 0, 0.0255696, 1570840, 0, 40135
50000,true,BAMBOO,false,true,false,WR,1,0,false,LH_MCSLOCK,100000,0,TOP,0.5,16,true,WR,0,,false,10000000,16,YCSB,false,0.99, 630767, 34748,0,0,0,0, 50655, 79.8514,315888, 25.0708, 6.72737, 2.49247, 0, 0, 1.86482, 16.7356, 48.7465, 0, 0, 0, 0, 0, 0.105836, 1576507, 0, 109007
50000,true,BAMBOO,false,true,true,WR,1,0,false,LH_MCSLOCK,100000,0,TOP,0.5,16,true,WR,0,,false,10000000,32,YCSB,false,0.5, 4, 27118,0,0,0,0, 27118, 79.7765,1.18003e+06, 8.0208e-05, 3.6417, 0.0449638, 0, 0, 9.45649, 47.8905, 0.0776139, 0, 0, 0, 0, 0, 8.2833e-05, 2941823, 0, 93
50000,true,BAMBOO,false,true,true,WR,1,0,false,LH_MCSLOCK,100000,0,TOP,0.5,16,true,WR,0,,false,10000000,32,YCSB,false,0.7, 2774, 20460,0,0,0,0, 20475, 61.7324,1.56281e+06, 0.0463428, 4.69026, 0.522836, 0, 0, 6.78716, 34.9995, 0.309832, 0, 0, 0, 0, 0, 0.00355494, 3014877, 0, 4598
50000,true,BAMBOO,false,true,true,WR,1,0,false,LH_MCSLOCK,100000,0,TOP,0.5,16,true,WR,0,,false,10000000,32,YCSB,false,0.9, 683185, 31777,0,0,0,0, 38786, 121.491,825083, 21.9463, 12.3311, 5.27354, 0, 0, 3.66633, 39.1129, 53.2246, 0, 0, 0, 0, 0, 0.313628, 3132494, 0, 298942
50000,true,BAMBOO,false,true,true,WR,1,0,false,LH_MCSLOCK,100000,0,TOP,0.5,16,true,WR,0,,false,10000000,32,YCSB,false,0.99, 1940246, 44757,0,0,0,0, 72123, 227.445,443731, 86.2856, 22.0665, 11.2333, 0, 0, 2.84041, 37.9528, 150.006, 0, 0, 0, 0, 0, 0.679764, 3153882, 0, 696928
50000,true,BAMBOO,false,true,false,WR,1,0,false,LH_MCSLOCK,100000,0,TOP,0.5,16,true,WR,0,,false,10000000,32,YCSB,false,0.5, 730, 25993,0,0,0,0, 25997, 77.8665,1.23087e+06, 0.0140195, 5.10015, 0.123824, 0, 0, 6.35394, 47.6292, 0.126267, 0, 0, 0, 0, 0, 0.000134461, 2995100, 0, 58
50000,true,BAMBOO,false,true,false,WR,1,0,false,LH_MCSLOCK,100000,0,TOP,0.5,16,true,WR,0,,false,10000000,32,YCSB,false,0.7, 32891, 25663,0,0,0,0, 25879, 79.2265,1.23653e+06, 0.659818, 5.67568, 0.368789, 0, 0, 7.30654, 46.4047, 2.64244, 0, 0, 0, 0, 0, 0.00248414, 3061427, 0, 3013
50000,true,BAMBOO,false,true,false,WR,1,0,false,LH_MCSLOCK,100000,0,TOP,0.5,16,true,WR,0,,false,10000000,32,YCSB,false,0.9, 1055047, 35534,0,0,0,0, 51137, 160.913,625820, 49.0869, 14.7728, 5.01809, 0, 0, 4.0751, 42.5211, 82.1314, 0, 0, 0, 0, 0, 0.375544, 3146952, 0, 292672
50000,true,BAMBOO,false,true,false,WR,1,0,false,LH_MCSLOCK,100000,0,TOP,0.5,16,true,WR,0,,false,10000000,32,YCSB,false,0.99, 2273554, 44146,0,0,0,0, 81936, 258.028,390595, 118.99, 25.5374, 13.4978, 0, 0, 3.26591, 40.0143, 175.462, 0, 0, 0, 0, 0, 0.525953, 3149517, 0, 625781
50000,true,BAMBOO,false,true,true,WR,1,0,false,LH_MCSLOCK,100000,0,TOP,0.5,16,true,WR,0,,false,10000000,1,YCSB,false,0.5, 0, 20428,0,0,0,0, 20428, 2.04284,48951.4, 0, 0.0408484, 0.00153637, 0, 0, 0.336892, 1.18821, 0.00305302, 0, 0, 0, 0, 0, 0, 100000, 0, 0
50000,true,BAMBOO,false,true,true,WR,1,0,false,LH_MCSLOCK,100000,0,TOP,0.5,16,true,WR,0,,false,10000000,1,YCSB,false,0.7, 0, 18654,0,0,0,0, 18654, 1.86543,53606.9, 0, 0.0396983, 0.00154478, 0, 0, 0.314346, 1.0727, 0.0030647, 0, 0, 0, 0, 0, 0, 100000, 0, 0
50000,true,BAMBOO,false,true,true,WR,1,0,false,LH_MCSLOCK,100000,0,TOP,0.5,16,true,WR,0,,false,10000000,1,YCSB,false,0.9, 0, 13870,0,0,0,0, 13870, 1.38707,72094.4, 0, 0.0384839, 0.00153991, 0, 0, 0.261026, 0.766742, 0.0030597, 0, 0, 0, 0, 0, 0, 100000, 0, 0
50000,true,BAMBOO,false,true,true,WR,1,0,false,LH_MCSLOCK,100000,0,TOP,0.5,16,true,WR,0,,false,10000000,1,YCSB,false,0.99, 0, 10897,0,0,0,0, 10897, 1.08978,91761.7, 0, 0.0373311, 0.00153575, 0, 0, 0.227394, 0.587212, 0.0030578, 0, 0, 0, 0, 0, 0, 100000, 0, 0
50000,true,BAMBOO,false,true,false,WR,1,0,false,LH_MCSLOCK,100000,0,TOP,0.5,16,true,WR,0,,false,10000000,1,YCSB,false,0.5, 0, 20795,0,0,0,0, 20795, 2.07955,48087.2, 0, 0.0410297, 0.00154094, 0, 0, 0.330862, 1.20771, 0.00305529, 0, 0, 0, 0, 0, 0, 100000, 0, 0
50000,true,BAMBOO,false,true,false,WR,1,0,false,LH_MCSLOCK,100000,0,TOP,0.5,16,true,WR,0,,false,10000000,1,YCSB,false,0.7, 0, 19241,0,0,0,0, 19241, 1.92415,51971.1, 0, 0.0408752, 0.00154226, 0, 0, 0.314058, 1.09775, 0.00306508, 0, 0, 0, 0, 0, 0, 100000, 0, 0
50000,true,BAMBOO,false,true,false,WR,1,0,false,LH_MCSLOCK,100000,0,TOP,0.5,16,true,WR,0,,false,10000000,1,YCSB,false,0.9, 0, 14412,0,0,0,0, 14412, 1.44128,69382.8, 0, 0.0404241, 0.00154141, 0, 0, 0.259282, 0.804971, 0.00305355, 0, 0, 0, 0, 0, 0, 100000, 0, 0
50000,true,BAMBOO,false,true,false,WR,1,0,false,LH_MCSLOCK,100000,0,TOP,0.5,16,true,WR,0,,false,10000000,1,YCSB,false,0.99, 0, 11332,0,0,0,0, 11332, 1.13321,88245.1, 0, 0.0391945, 0.00153938, 0, 0, 0.223853, 0.622446, 0.00306416, 0, 0, 0, 0, 0, 0, 100000, 0, 0
50000,true,BAMBOO,false,true,true,WR,1,0,false,LH_MCSLOCK,100000,0,TOP,0.5,16,true,WR,0,,false,10000000,2,YCSB,false,0.5, 0, 44034,0,0,0,0, 44034, 8.79062,45419.1, 0, 0.248307, 0.00275232, 0, 0, 1.56291, 5.70263, 0.00533495, 0, 0, 0, 0, 0, 8.31e-07, 199631, 0, 1
50000,true,BAMBOO,false,true,true,WR,1,0,false,LH_MCSLOCK,100000,0,TOP,0.5,16,true,WR,0,,false,10000000,2,YCSB,false,0.7, 0, 40448,0,0,0,0, 40448, 7.82804,49446.1, 0, 0.241174, 0.00483904, 0, 0, 1.37192, 5.05412, 0.00524132, 0, 0, 0, 0, 0, 3.261e-06, 193533, 0, 3
50000,true,BAMBOO,false,true,true,WR,1,0,false,LH_MCSLOCK,100000,0,TOP,0.5,16,true,WR,0,,false,10000000,2,YCSB,false,0.9, 308, 34750,0,0,0,0, 34794, 6.55653,57480.1, 0.00831192, 0.294419, 0.031309, 0, 0, 1.21891, 4.20691, 0.0293326, 0, 0, 0, 0, 0, 0.000163971, 188435, 0, 215
50000,true,BAMBOO,false,true,true,WR,1,0,false,LH_MCSLOCK,100000,0,TOP,0.5,16,true,WR,0,,false,10000000,2,YCSB,false,0.99, 2916, 29100,0,0,0,0, 29427, 5.74611,67964.9, 0.0638423, 0.400509, 0.0857347, 0, 0, 0.975332, 3.47896, 0.234544, 0, 0, 0, 0, 0, 0.000589291, 195267, 0, 811
50000,true,BAMBOO,false,true,false,WR,1,0,false,LH_MCSLOCK,100000,0,TOP,0.5,16,true,WR,0,,false,10000000,2,YCSB,false,0.5, 0, 46059,0,0,0,0, 46059, 8.95695,43422.2, 0, 0.326668, 0.00272908, 0, 0, 1.50975, 5.77115, 0.00577698, 0, 0, 0, 0, 0, 0, 194465, 0, 0
50000,true,BAMBOO,false,true,false,WR,1,0,false,LH_MCSLOCK,100000,0,TOP,0.5,16,true,WR,0,,false,10000000,2,YCSB,false,0.7, 75, 49446,0,0,0,0, 49457, 9.81321,40439, 0.00214735, 0.346402, 0.0082134, 0, 0, 1.93615, 6.3139, 0.0119366, 0, 0, 0, 0, 0, 1.898e-06, 198418, 0, 2
50000,true,BAMBOO,false,true,false,WR,1,0,false,LH_MCSLOCK,100000,0,TOP,0.5,16,true,WR,0,,false,10000000,2,YCSB,false,0.9, 3088, 34061,0,0,0,0, 34404, 6.40898,58131.5, 0.0638831, 0.329178, 0.0300143, 0, 0, 1.05905, 3.92262, 0.247095, 0, 0, 0, 0, 0, 0.00102378, 186282, 0, 92
50000,true,BAMBOO,false,true,false,WR,1,0,false,LH_MCSLOCK,100000,0,TOP,0.5,16,true,WR,0,,false,10000000,2,YCSB,false,0.99, 9718, 28662,0,0,0,0, 29729, 5.92056,67274, 0.212512, 0.368895, 0.0532501, 0, 0, 0.855108, 3.23522, 0.759048, 0, 0, 0, 0, 0, 0.000159661, 199150, 0, 315
50000,true,BAMBOO,false,true,true,WR,1,0,false,LH_MCSLOCK,100000,0,TOP,0.5,16,true,WR,0,,false,10000000,4,YCSB,false,0.5, 0, 31716,0,0,0,0, 31716, 12.3322,126118, 0, 0.468746, 0.00487947, 0, 0, 1.7519, 7.55336, 0.0090299, 0, 0, 0, 0, 0, 7.52e-07, 388830, 0, 1
50000,true,BAMBOO,false,true,true,WR,1,0,false,LH_MCSLOCK,100000,0,TOP,0.5,16,true,WR,0,,false,10000000,4,YCSB,false,0.7, 4, 32276,0,0,0,0, 32276, 11.8628,123929, 0.000117208, 0.468155, 0.00988593, 0, 0, 1.70382, 7.44824, 0.00977684, 0, 0, 0, 0, 0, 2.9562e-05, 367536, 0, 35
50000,true,BAMBOO,false,true,true,WR,1,0,false,LH_MCSLOCK,100000,0,TOP,0.5,16,true,WR,0,,false,10000000,4,YCSB,false,0.9, 5507, 27247,0,0,0,0, 27552, 10.3431,145178, 0.114618, 0.718885, 0.167724, 0, 0, 1.22027, 6.4484, 0.439018, 0, 0, 0, 0, 0, 0.00152339, 375397, 0, 2018
50000,true,BAMBOO,false,true,true,WR,1,0,false,LH_MCSLOCK,100000,0,TOP,0.5,16,true,WR,0,,false,10000000,4,YCSB,false,0.99, 28809, 25246,0,0,0,0, 26869, 10.5112,148873, 0.63449, 0.89124, 0.29878, 0, 0, 1.34646, 5.05921, 2.23542, 0, 0, 0, 0, 0, 0.00237687, 391209, 0, 4977
50000,true,BAMBOO,false,true,false,WR,1,0,false,LH_MCSLOCK,100000,0,TOP,0.5,16,true,WR,0,,false,10000000,4,YCSB,false,0.5, 6, 33749,0,0,0,0, 33750, 13.4049,118518, 8.1977e-05, 0.648684, 0.00511972, 0, 0, 1.86443, 8.30517, 0.0105366, 0, 0, 0, 0, 0, 0, 397181, 0, 0
50000,true,BAMBOO,false,true,false,WR,1,0,false,LH_MCSLOCK,100000,0,TOP,0.5,16,true,WR,0,,false,10000000,4,YCSB,false,0.7, 414, 33423,0,0,0,0, 33444, 12.762,119602, 0.0080593, 0.64554, 0.0109203, 0, 0, 1.73019, 8.09381, 0.0426806, 0, 0, 0, 0, 0, 1.0956e-05, 381591, 0, 16
50000,true,BAMBOO,false,true,false,WR,1,0,false,LH_MCSLOCK,100000,0,TOP,0.5,16,true,WR,0,,false,10000000,4,YCSB,false,0.9, 17613, 31140,0,0,0,0, 32234, 11.9666,124093, 0.405914, 0.839013, 0.137852, 0, 0, 1.51848, 6.53545, 1.38097, 0, 0, 0, 0, 0, 0.000608778, 371241, 0, 913
50000,true,BAMBOO,false,true,false,WR,1,0,false,LH_MCSLOCK,100000,0,TOP,0.5,16,true,WR,0,,false,10000000,4,YCSB,false,0.99, 47735, 29901,0,0,0,0, 33196, 12.8703,120499, 1.27721, 1.02761, 0.28173, 0, 0, 1.29716, 5.45362, 3.70401, 0, 0, 0, 0, 0, 0.0034095, 387715, 0, 3072
50000,true,BAMBOO,false,true,true,WR,1,0,false,LH_MCSLOCK,100000,0,TOP,0.5,16,true,WR,0,,false,10000000,8,YCSB,false,0.5, 0, 26407,0,0,0,0, 26407, 20.314,302942, 0, 0.879513, 0.00972925, 0, 0, 2.28998, 12.2449, 0.0174121, 0, 0, 0, 0, 0, 2.352e-06, 769245, 0, 4
50000,true,BAMBOO,false,true,true,WR,1,0,false,LH_MCSLOCK,100000,0,TOP,0.5,16,true,WR,0,,false,10000000,8,YCSB,false,0.7, 51, 25441,0,0,0,0, 25442, 19.724,314432, 0.0010155, 0.926644, 0.0204223, 0, 0, 2.08149, 12.0743, 0.0232935, 0, 0, 0, 0, 0, 0.000188956, 775233, 0, 239
50000,true,BAMBOO,false,true,true,WR,1,0,false,LH_MCSLOCK,100000,0,TOP,0.5,16,true,WR,0,,false,10000000,8,YCSB,false,0.9, 36614, 25789,0,0,0,0, 26792, 20.3383,298596, 0.761102, 1.82108, 0.64261, 0, 0, 2.01453, 10.9024, 2.85114, 0, 0, 0, 0, 0, 0.00767744, 759116, 0, 10590
50000,true,BAMBOO,false,true,true,WR,1,0,false,LH_MCSLOCK,100000,0,TOP,0.5,16,true,WR,0,,false,10000000,8,YCSB,false,0.99, 134793, 28745,0,0,0,0, 33219, 26.1995,240840, 3.52651, 2.52213, 1.0289, 0, 0, 1.47597, 9.35812, 10.4267, 0, 0, 0, 0, 0, 0.0154765, 788737, 0, 28210
50000,true,BAMBOO,false,true,false,WR,1,0,false,LH_MCSLOCK,100000,0,TOP,0.5,16,true,WR,0,,false,10000000,8,YCSB,false,0.5, 37, 27389,0,0,0,0, 27390, 21.1435,292071, 0.000574476, 1.26386, 0.0101987, 0, 0, 2.28947, 12.6122, 0.0219102, 0, 0, 0, 0, 0, 1.505e-06, 771925, 0, 1
50000,true,BAMBOO,false,true,false,WR,1,0,false,LH_MCSLOCK,100000,0,TOP,0.5,16,true,WR,0,,false,10000000,8,YCSB,false,0.7, 1854, 27963,0,0,0,0, 28006, 21.2584,285644, 0.0327509, 1.38554, 0.101622, 0, 0, 2.29912, 12.9825, 0.164608, 0, 0, 0, 0, 0, 0.000189095, 759041, 0, 106
50000,true,BAMBOO,false,true,false,WR,1,0,false,LH_MCSLOCK,100000,0,TOP,0.5,16,true,WR,0,,false,10000000,8,YCSB,false,0.9, 77603, 28907,0,0,0,0, 31582, 24.6054,253314, 2.08331, 1.91807, 0.378104, 0, 0, 2.12494, 11.2514, 6.04421, 0, 0, 0, 0, 0, 0.00475662, 779113, 0, 7014
50000,true,BAMBOO,false,true,false,WR,1,0,false,LH_MCSLOCK,100000,0,TOP,0.5,16,true,WR,0,,false,10000000,8,YCSB,false,0.99, 183533, 31197,0,0,0,0, 38652, 30.1072,206987, 5.80517, 2.58948, 0.902914, 0, 0, 1.2752, 9.3915, 14.2315, 0, 0, 0, 0, 0, 0.0109066, 778974, 0, 18146
50000,true,BAMBOO,false,true,true,WR,1,0,false,LH_MCSLOCK,100000,0,TOP,0.5,16,true,WR,0,,false,10000000,16,YCSB,false,0.5, 0, 25194,0,0,0,0, 25194, 38.1364,635066, 0, 1.73558, 0.0198651, 0, 0, 4.10613, 22.6107, 0.0363801, 0, 0, 0, 0, 0, 2.3664e-05, 1513694, 0, 29
50000,true,BAMBOO,false,true,true,WR,1,0,false,LH_MCSLOCK,100000,0,TOP,0.5,16,true,WR,0,,false,10000000,16,YCSB,false,0.7, 398, 22072,0,0,0,0, 22076, 34.1129,724759, 0.00651687, 1.91686, 0.0940611, 0, 0, 2.93879, 20.7137, 0.0697511, 0, 0, 0, 0, 0, 0.00064821, 1545228, 0, 917
50000,true,BAMBOO,false,true,true,WR,1,0,false,LH_MCSLOCK,100000,0,TOP,0.5,16,true,WR,0,,false,10000000,16,YCSB,false,0.9, 173558, 28384,0,0,0,0, 31188, 48.067,513038, 4.31921, 5.08932, 2.04946, 0, 0, 3.08032, 20.9312, 13.5047, 0, 0, 0, 0, 0, 0.0576689, 1541262, 0, 62676
50000,true,BAMBOO,false,true,true,WR,1,0,false,LH_MCSLOCK,100000,0,TOP,0.5,16,true,WR,0,,false,10000000,16,YCSB,false,0.99, 500697, 33128,0,0,0,0, 43263, 68.1295,369857, 15.9565, 6.45033, 2.95199, 0, 0, 1.83668, 16.331, 38.6936, 0, 0, 0, 0, 0, 0.0821987, 1574884, 0, 127406
50000,true,BAMBOO,false,true,false,WR,1,0,false,LH_MCSLOCK,100000,0,TOP,0.5,16,true,WR,0,,false,10000000,16,YCSB,false,0.5, 194, 23986,0,0,0,0, 23988, 36.7011,666977, 0.00290246, 2.53152, 0.0205302, 0, 0, 2.89499, 21.5259, 0.0532875, 0, 0, 0, 0, 0, 9.226e-06, 1529924, 0, 11
50000,true,BAMBOO,false,true,false,WR,1,0,false,LH_MCSLOCK,100000,0,TOP,0.5,16,true,WR,0,,false,10000000,16,YCSB,false,0.7, 8113, 22101,0,0,0,0, 22182, 34.4995,721296, 0.12558, 2.68203, 0.1067, 0, 0, 2.54501, 20.3639, 0.670808, 0, 0, 0, 0, 0, 0.000379697, 1555271, 0, 506
50000,true,BAMBOO,false,true,false,WR,1,0,false,LH_MCSLOCK,100000,0,TOP,0.5,16,true,WR,0,,false,10000000,16,YCSB,false,0.9, 279335, 27256,0,0,0,0, 32916, 51.5814,486106, 8.86728, 4.57672, 1.32454, 0, 0, 1.82653, 17.3858, 21.6531, 0, 0, 0, 0, 0, 0.0266784, 1567128, 0, 38052
50000,true,BAMBOO,false,true,false,WR,1,0,false,LH_MCSLOCK,100000,0,TOP,0.5,16,true,WR,0,,false,10000000,16,YCSB,false,0.99, 603660, 32533,0,0,0,0, 47332, 74.8152,338060, 23.3885, 6.28899, 2.59601, 0, 0, 1.78124, 15.0038, 46.5444, 0, 0, 0, 0, 0, 0.0412087, 1580751, 0, 92201
50000,true,BAMBOO,false,true,true,WR,1,0,false,LH_MCSLOCK,100000,0,TOP,0.5,16,true,WR,0,,false,10000000,32,YCSB,false,0.5, 3, 25390,0,0,0,0, 25390, 78.3172,1.26029e+06, 4.2661e-05, 3.62678, 0.0470568, 0, 0, 8.84923, 46.2143, 0.0719727, 0, 0, 0, 0, 0, 0.000100772, 3084452, 0, 123
50000,true,BAMBOO,false,true,true,WR,1,0,false,LH_MCSLOCK,100000,0,TOP,0.5,16,true,WR,0,,false,10000000,32,YCSB,false,0.7, 2920, 25434,0,0,0,0, 25475, 79.1117,1.25613e+06, 0.124829, 5.29688, 1.55849, 0, 0, 8.25368, 49.0717, 0.308133, 0, 0, 0, 0, 0, 0.408738, 3105455, 0, 5615
50000,true,BAMBOO,false,true,true,WR,1,0,false,LH_MCSLOCK,100000,0,TOP,0.5,16,true,WR,0,,false,10000000,32,YCSB,false,0.9, 714109, 35866,0,0,0,0, 43957, 135.422,728018, 24.9206, 18.1975, 9.94947, 0, 0, 5.01304, 46.2855, 55.5834, 0, 0, 0, 0, 0, 0.751084, 3080924, 0, 382634
50000,true,BAMBOO,false,true,true,WR,1,0,false,LH_MCSLOCK,100000,0,TOP,0.5,16,true,WR,0,,false,10000000,32,YCSB,false,0.99, 1931865, 44340,0,0,0,0, 71094, 225.277,450152, 84.7611, 21.5817, 10.6692, 0, 0, 2.6876, 37.7578, 148.902, 0, 0, 0, 0, 0, 0.649472, 3169019, 0, 708930
50000,true,BAMBOO,false,true,false,WR,1,0,false,LH_MCSLOCK,100000,0,TOP,0.5,16,true,WR,0,,false,10000000,32,YCSB,false,0.5, 809, 25339,0,0,0,0, 25343, 78.2927,1.26263e+06, 0.0124545, 5.11253, 0.0534975, 0, 0, 7.41887, 46.1034, 0.135592, 0, 0, 0, 0, 0, 5.8183e-05, 3089217, 0, 59
50000,true,BAMBOO,false,true,false,WR,1,0,false,LH_MCSLOCK,100000,0,TOP,0.5,16,true,WR,0,,false,10000000,32,YCSB,false,0.7, 32538, 24714,0,0,0,0, 24925, 75.152,1.28381e+06, 0.637817, 7.65699, 2.40269, 0, 0, 5.34462, 44.6071, 2.63337, 0, 0, 0, 0, 0, 0.00204657, 3015039, 0, 2804
50000,true,BAMBOO,false,true,false,WR,1,0,false,LH_MCSLOCK,100000,0,TOP,0.5,16,true,WR,0,,false,10000000,32,YCSB,false,0.9, 1021731, 33341,0,0,0,0, 47704, 150.504,670867, 45.3038, 12.6005, 4.3794, 0, 0, 4.62105, 36.5584, 79.7291, 0, 0, 0, 0, 0, 0.283825, 3155253, 0, 217510
50000,true,BAMBOO,false,true,false,WR,1,0,false,LH_MCSLOCK,100000,0,TOP,0.5,16,true,WR,0,,false,10000000,32,YCSB,false,0.99, 2235178, 42210,0,0,0,0, 78094, 246.737,409807, 113.36, 20.2853, 9.12766, 0, 0, 3.02982, 35.5969, 172.394, 0, 0, 0, 0, 0, 0.368046, 3159826, 0, 567641
