ABORT_PENALTY,BB_OPT_MAX_WAITER,BB_OPT_RAW,CC_ALG,DEBUG_ABORT_LENGTH,DEBUG_CS_PROFILING,DEBUG_PROFILING,DYNAMIC_TS,FIRST_HS,FIXED_HS,FLIP_RATIO,KEY_ORDER,LAST_RETIRE,LATCH,MAX_TXN_PER_PART,NUM_HS,POS_HS,READ_PERC,REQ_PER_QUERY,RETIRE_ON,SECOND_HS,SPECIFIED_RATIO,SYNTHETIC_YCSB,SYNTH_TABLE_SIZE,THREAD_CNT,UNSET_NUMA,WORKLOAD,WW_STARV_FREE,ZIPF_THETA,abort_cnt,abort_length,commit_latency,cycle_detect,deadlock_cnt,dl_detect_time,dl_wait_time,latency,run_time,throughput,time_abort,time_cleanup,time_commit,time_get_cs,time_get_latch,time_index,time_man,time_query,time_release_cs,time_release_latch,time_retire_cs,time_retire_latch,time_ts_alloc,time_wait,txn_cnt,user_abort_cnt,wait_cnt
50000,0,true,BAMBOO,false,false,true,true,WR,1,0,false,0.15,LH_MCSLOCK,100000,0,TOP,0.5,16,true,WR,0,false,10000000,1,true,YCSB,false,0.9, 0, 0, 13990,0,0,0,0, 13990, 1.39903,71478.3, 0, 0.03866, 0.00154387, 0, 0, 0.263811, 0.76308, 0.00309082, 0, 0, 0, 0, 0, 0, 100000, 0, 0
50000,0,true,BAMBOO,false,false,true,false,WR,1,0,false,0.15,LH_MCSLOCK,100000,0,TOP,0.5,16,true,WR,0,false,10000000,1,true,YCSB,false,0.9, 0, 0, 13946,0,0,0,0, 13946, 1.3946,71705, 0, 0.0376428, 0.0015361, 0, 0, 0.262194, 0.756123, 0.00307656, 0, 0, 0, 0, 0, 0, 100000, 0, 0
50000,0,true,BAMBOO,false,false,true,true,WR,1,0,false,0.15,LH_MCSLOCK,100000,0,TOP,0.5,16,true,WR,0,false,10000000,2,true,YCSB,false,0.9, 352, 0, 36284,0,0,0,0, 36336, 7.21424,55041.7, 0.010245, 0.370758, 0.0746994, 0, 0, 1.32567, 4.54646, 0.0341778, 0, 0, 0, 0, 0, 0.000411699, 198542, 0, 307
50000,0,true,BAMBOO,false,false,true,false,WR,1,0,false,0.15,LH_MCSLOCK,100000,0,TOP,0.5,16,true,WR,0,false,10000000,2,true,YCSB,false,0.9, 3293, 0, 32156,0,0,0,0, 32538, 6.25012,61470.9, 0.0728746, 0.309126, 0.0480986, 0, 0, 1.02815, 3.799, 0.263143, 0, 0, 0, 0, 0, 0.00027121, 192100, 0, 186
50000,0,true,BAMBOO,false,false,true,true,WR,1,0,false,0.15,LH_MCSLOCK,100000,0,TOP,0.5,16,true,WR,0,false,10000000,4,true,YCSB,false,0.9, 5421, 0, 27822,0,0,0,0, 28190, 10.1467,141906, 0.131465, 0.754553, 0.201897, 0, 0, 1.31775, 6.20137, 0.436059, 0, 0, 0, 0, 0, 0.00424238, 359968, 0, 2585
50000,0,true,BAMBOO,false,false,true,false,WR,1,0,false,0.15,LH_MCSLOCK,100000,0,TOP,0.5,16,true,WR,0,false,10000000,4,true,YCSB,false,0.9, 18911, 0, 30515,0,0,0,0, 31713, 12.4509,126151, 0.468444, 0.752155, 0.162446, 0, 0, 1.63243, 6.84717, 1.47549, 0, 0, 0, 0, 0, 0.00233762, 392673, 0, 1593
50000,0,true,BAMBOO,false,false,true,true,WR,1,0,false,0.15,LH_MCSLOCK,100000,0,TOP,0.5,16,true,WR,0,false,10000000,8,true,YCSB,false,0.9, 38093, 0, 27975,0,0,0,0, 29177, 22.5929,274235, 0.926536, 2.22054, 0.899236, 0, 0, 2.2592, 12.3104, 2.9718, 0, 0, 0, 0, 0, 0.0705234, 774471, 0, 15826
50000,0,true,BAMBOO,false,false,true,false,WR,1,0,false,0.15,LH_MCSLOCK,100000,0,TOP,0.5,16,true,WR,0,false,10000000,8,true,YCSB,false,0.9, 74975, 0, 24641,0,0,0,0, 27133, 21.1388,294953, 1.93426, 1.55265, 0.304361, 0, 0, 1.49868, 9.06084, 5.8224, 0, 0, 0, 0, 0, 0.0143008, 779367, 0, 10210
50000,0,true,BAMBOO,false,false,true,true,WR,1,0,false,0.15,LH_MCSLOCK,100000,0,TOP,0.5,16,true,WR,0,false,10000000,16,true,YCSB,false,0.9, 169996, 0, 24903,0,0,0,0, 27513, 42.2132,581740, 3.99085, 4.76262, 2.0046, 0, 0, 2.05696, 16.9207, 13.1926, 0, 0, 0, 0, 0, 0.165414, 1534821, 0, 75821
50000,0,true,BAMBOO,false,false,true,false,WR,1,0,false,0.15,LH_MCSLOCK,100000,0,TOP,0.5,16,true,WR,0,false,10000000,16,true,YCSB,false,0.9, 286716, 0, 28987,0,0,0,0, 35488, 55.2687,451045, 10.1056, 4.46925, 1.50969, 0, 0, 2.53704, 18.9475, 22.2199, 0, 0, 0, 0, 0, 0.160033, 1558043, 0, 49900
50000,0,true,BAMBOO,false,false,true,true,WR,1,0,false,0.15,LH_MCSLOCK,100000,0,TOP,0.5,16,true,WR,0,false,10000000,32,true,YCSB,false,0.9, 723141, 0, 34015,0,0,0,0, 41997, 130.938,762277, 24.8407, 18.0934, 10.2583, 0, 0, 4.20822, 41.436, 56.3303, 0, 0, 0, 0, 0, 1.81349, 3119098, 0, 395514
50000,0,true,BAMBOO,false,false,true,false,WR,1,0,false,0.15,LH_MCSLOCK,100000,0,TOP,0.5,16,true,WR,0,false,10000000,32,true,YCSB,false,0.9, 1017906, 0, 32190,0,0,0,0, 46506, 145.459,688410, 44.7273, 13.0253, 4.92495, 0, 0, 3.54269, 34.3084, 79.0871, 0, 0, 0, 0, 0, 0.627731, 3129224, 0, 312310
50000,0,true,BAMBOO,false,false,true,true,WR,1,0,false,0.15,LH_MCSLOCK,100000,0,TOP,0.5,16,true,WR,0,false,10000000,1,true,YCSB,false,0.9, 0, 0, 13959,0,0,0,0, 13959, 1.39594,71636.3, 0, 0.0377732, 0.00154601, 0, 0, 0.263298, 0.761191, 0.00306366, 0, 0, 0, 0, 0, 0, 100000, 0, 0
50000,0,true,BAMBOO,false,false,true,false,WR,1,0,false,0.15,LH_MCSLOCK,100000,0,TOP,0.5,16,true,WR,0,false,10000000,1,true,YCSB,false,0.9, 0, 0, 13946,0,0,0,0, 13946, 1.39468,71701.2, 0, 0.0379841, 0.00153943, 0, 0, 0.262215, 0.754695, 0.00307057, 0, 0, 0, 0, 0, 0, 100000, 0, 0
50000,0,true,BAMBOO,false,false,true,true,WR,1,0,false,0.15,LH_MCSLOCK,100000,0,TOP,0.5,16,true,WR,0,false,10000000,2,true,YCSB,false,0.9, 334, 0, 28971,0,0,0,0, 29025, 5.67395,68906.5, 0.0104153, 0.312513, 0.0550461, 0, 0, 0.952336, 3.55062, 0.0311841, 0, 0, 0, 0, 0, 0.00211349, 195486, 0, 388
50000,0,true,BAMBOO,false,false,true,false,WR,1,0,false,0.15,LH_MCSLOCK,100000,0,TOP,0.5,16,true,WR,0,false,10000000,2,true,YCSB,false,0.9, 3086, 0, 30463,0,0,0,0, 30808, 5.85431,64923.4, 0.0649541, 0.302821, 0.040251, 0, 0, 0.917816, 3.48448, 0.248406, 0, 0, 0, 0, 0, 0.000353346, 190041, 0, 203
50000,0,true,BAMBOO,false,false,true,true,WR,1,0,false,0.15,LH_MCSLOCK,100000,0,TOP,0.5,16,true,WR,0,false,10000000,4,true,YCSB,false,0.9, 5676, 0, 27530,0,0,0,0, 27875, 10.7598,143506, 0.132345, 0.857031, 0.296557, 0, 0, 1.52504, 6.37881, 0.454558, 0, 0, 0, 0, 0, 0.00702968, 386025, 0, 2480
50000,0,true,BAMBOO,false,false,true,false,WR,1,0,false,0.15,LH_MCSLOCK,100000,0,TOP,0.5,16,true,WR,0,false,10000000,4,true,YCSB,false,0.9, 19177, 0, 31667,0,0,0,0, 32910, 13.0281,121565, 0.4895, 0.771779, 0.169006, 0, 0, 1.87703, 7.08752, 1.49872, 0, 0, 0, 0, 0, 0.00582496, 395941, 0, 1693
50000,0,true,BAMBOO,false,false,true,true,WR,1,0,false,0.15,LH_MCSLOCK,100000,0,TOP,0.5,16,true,WR,0,false,10000000,8,true,YCSB,false,0.9, 37078, 0, 27121,0,0,0,0, 28277, 21.4884,282968, 0.873992, 2.50177, 1.22833, 0, 0, 2.15186, 11.5554, 2.89948, 0, 0, 0, 0, 0, 0.0411729, 760066, 0, 14889
50000,0,true,BAMBOO,false,false,true,false,WR,1,0,false,0.15,LH_MCSLOCK,100000,0,TOP,0.5,16,true,WR,0,false,10000000,8,true,YCSB,false,0.9, 75264, 0, 24313,0,0,0,0, 26821, 20.9044,298365, 1.94886, 1.50912, 0.293851, 0, 0, 1.41742, 8.86615, 5.85066, 0, 0, 0, 0, 0, 0.0175715, 779645, 0, 9737
50000,0,true,BAMBOO,false,false,true,true,WR,1,0,false,0.15,LH_MCSLOCK,100000,0,TOP,0.5,16,true,WR,0,false,10000000,16,true,YCSB,false,0.9, 172943, 0, 25498,0,0,0,0, 28233, 43.9454,566891, 4.24427, 5.65114, 2.85345, 0, 0, 2.09379, 18.0351, 13.4131, 0, 0, 0, 0, 0, 0.144634, 1557016, 0, 76052
50000,0,true,BAMBOO,false,false,true,false,WR,1,0,false,0.15,LH_MCSLOCK,100000,0,TOP,0.5,16,true,WR,0,false,10000000,16,true,YCSB,false,0.9, 280639, 0, 26514,0,0,0,0, 32749, 51.2281,488787, 9.73357, 4.59189, 1.71496, 0, 0, 2.00955, 16.3531, 21.7285, 0, 0, 0, 0, 0, 0.108375, 1564977, 0, 51510
50000,0,true,BAMBOO,false,false,true,true,WR,1,0,false,0.15,LH_MCSLOCK,100000,0,TOP,0.5,16,true,WR,0,false,10000000,32,true,YCSB,false,0.9, 738307, 0, 35367,0,0,0,0, 44205, 137.529,724220, 27.4454, 20.3114, 11.9889, 0, 0, 4.41087, 44.3645, 57.5602, 0, 0, 0, 0, 0, 1.48671, 3112548, 0, 417796
50000,0,true,BAMBOO,false,false,true,false,WR,1,0,false,0.15,LH_MCSLOCK,100000,0,TOP,0.5,16,true,WR,0,false,10000000,32,true,YCSB,false,0.9, 1026932, 0, 32675,0,0,0,0, 47217, 149.192,678046, 45.8977, 14.2576, 6.54185, 0, 0, 3.98611, 36.3529, 79.7362, 0, 0, 0, 0, 0, 1.15181, 3161228, 0, 280222
50000,0,true,BAMBOO,false,false,true,true,WR,1,0,false,0.15,LH_MCSLOCK,100000,0,TOP,0.5,16,true,WR,0,false,10000000,1,true,YCSB,false,0.9, 0, 0, 30884,0,0,0,0, 30884, 3.0885,32378.2, 0, 0.0650972, 0.00153839, 0, 0, 0.823293, 1.84205, 0.00307004, 0, 0, 0, 0, 0, 0, 100000, 0, 0
50000,0,true,BAMBOO,false,false,true,false,WR,1,0,false,0.15,LH_MCSLOCK,100000,0,TOP,0.5,16,true,WR,0,false,10000000,1,true,YCSB,false,0.9, 0, 0, 13967,0,0,0,0, 13967, 1.39672,71596.3, 0, 0.0380461, 0.00153934, 0, 0, 0.261845, 0.758975, 0.00311335, 0, 0, 0, 0, 0, 0, 100000, 0, 0
50000,0,true,BAMBOO,false,false,true,true,WR,1,0,false,0.15,LH_MCSLOCK,100000,0,TOP,0.5,16,true,WR,0,false,10000000,2,true,YCSB,false,0.9, 340, 0, 32155,0,0,0,0, 32225, 6.06126,62062.7, 0.0130702, 0.327851, 0.0598363, 0, 0, 1.04736, 3.79334, 0.0322218, 0, 0, 0, 0, 0, 0.000413883, 188089, 0, 266
50000,0,true,BAMBOO,false,false,true,false,WR,1,0,false,0.15,LH_MCSLOCK,100000,0,TOP,0.5,16,true,WR,0,false,10000000,2,true,YCSB,false,0.9, 3097, 0, 36686,0,0,0,0, 37135, 6.6516,53861, 0.0799067, 0.308709, 0.0402583, 0, 0, 1.22109, 3.99392, 0.249952, 0, 0, 0, 0, 0, 0.00028454, 179131, 0, 175
50000,0,true,BAMBOO,false,false,true,true,WR,1,0,false,0.15,LH_MCSLOCK,100000,0,TOP,0.5,16,true,WR,0,false,10000000,4,true,YCSB,false,0.9, 5806, 0, 25886,0,0,0,0, 26209, 10.2568,152629, 0.125623, 0.825605, 0.262997, 0, 0, 1.38022, 6.01034, 0.465062, 0, 0, 0, 0, 0, 0.00518288, 391372, 0, 2596
50000,0,true,BAMBOO,false,false,true,false,WR,1,0,false,0.15,LH_MCSLOCK,100000,0,TOP,0.5,16,true,WR,0,false,10000000,4,true,YCSB,false,0.9, 17547, 0, 25101,0,0,0,0, 26090, 9.68289,153344, 0.364981, 0.655381, 0.139184, 0, 0, 1.02581, 5.08233, 1.37194, 0, 0, 0, 0, 0, 0.00488145, 371204, 0, 1542
50000,0,true,BAMBOO,false,false,true,true,WR,1,0,false,0.15,LH_MCSLOCK,100000,0,TOP,0.5,16,true,WR,0,false,10000000,8,true,YCSB,false,0.9, 35995, 0, 21435,0,0,0,0, 22344, 16.7956,358104, 0.679969, 1.6869, 0.518958, 0, 0, 1.41152, 8.37808, 2.81158, 0, 0, 0, 0, 0, 0.0200088, 751821, 0, 15723
50000,0,true,BAMBOO,false,false,true,false,WR,1,0,false,0.15,LH_MCSLOCK,100000,0,TOP,0.5,16,true,WR,0,false,10000000,8,true,YCSB,false,0.9, 76238, 0, 26333,0,0,0,0, 28947, 22.312,276449, 2.00839, 1.73743, 0.519878, 0, 0, 1.78426, 9.66222, 5.91706, 0, 0, 0, 0, 0, 0.0283362, 771016, 0, 9004
50000,0,true,BAMBOO,false,false,true,true,WR,1,0,false,0.15,LH_MCSLOCK,100000,0,TOP,0.5,16,true,WR,0,false,10000000,16,true,YCSB,false,0.9, 166680, 0, 24325,0,0,0,0, 26855, 40.6934,595983, 3.82047, 4.57236, 1.81342, 0, 0, 1.95378, 16.255, 12.917, 0, 0, 0, 0, 0, 0.131225, 1515784, 0, 78487
50000,0,true,BAMBOO,false,false,true,false,WR,1,0,false,0.15,LH_MCSLOCK,100000,0,TOP,0.5,16,true,WR,0,false,10000000,16,true,YCSB,false,0.9, 264366, 0, 23360,0,0,0,0, 28455, 44.5588,562498, 7.96351, 3.15933, 0.837387, 0, 0, 1.97891, 13.2737, 20.4514, 0, 0, 0, 0, 0, 0.0537058, 1566514, 0, 39976
50000,0,true,BAMBOO,false,false,true,true,WR,1,0,false,0.15,LH_MCSLOCK,100000,0,TOP,0.5,16,true,WR,0,false,10000000,32,true,YCSB,false,0.9, 661633, 0, 27819,0,0,0,0, 33787, 106.234,947526, 18.7245, 10.6883, 4.41958, 0, 0, 3.27418, 27.8007, 51.5534, 0, 0, 0, 0, 0, 0.621795, 3145621, 0, 310867
50000,0,true,BAMBOO,false,false,true,false,WR,1,0,false,0.15,LH_MCSLOCK,100000,0,TOP,0.5,16,true,WR,0,false,10000000,32,true,YCSB,false,0.9, 1014976, 0, 31469,0,0,0,0, 45449, 143.385,704419, 44.0562, 12.1814, 4.57826, 0, 0, 3.45936, 33.7691, 78.8432, 0, 0, 0, 0, 0, 0.723739, 3156346, 0, 281250
50000,0,true,BAMBOO,false,false,true,true,WR,1,0,false,0.15,LH_MCSLOCK,100000,0,TOP,0.5,16,true,WR,0,false,10000000,1,true,YCSB,false,0.9, 0, 0, 13899,0,0,0,0, 13899, 1.38993,71946, 0, 0.0376149, 0.00153856, 0, 0, 0.262757, 0.756839, 0.00307591, 0, 0, 0, 0, 0, 0, 100000, 0, 0
50000,0,true,BAMBOO,false,false,true,false,WR,1,0,false,0.15,LH_MCSLOCK,100000,0,TOP,0.5,16,true,WR,0,false,10000000,1,true,YCSB,false,0.9, 0, 0, 13935,0,0,0,0, 13935, 1.39352,71760.7, 0, 0.0380081, 0.00154193, 0, 0, 0.266647, 0.752614, 0.0030709, 0, 0, 0, 0, 0, 0, 100000, 0, 0
50000,0,true,BAMBOO,false,false,true,true,WR,1,0,false,0.15,LH_MCSLOCK,100000,0,TOP,0.5,16,true,WR,0,false,10000000,2,true,YCSB,false,0.9, 355, 0, 37868,0,0,0,0, 37929, 7.37638,52730.5, 0.0117501, 0.368169, 0.0736014, 0, 0, 1.45221, 4.67315, 0.0335825, 0, 0, 0, 0, 0, 0.000721242, 194480, 0, 339
50000,0,true,BAMBOO,false,false,true,false,WR,1,0,false,0.15,LH_MCSLOCK,100000,0,TOP,0.5,16,true,WR,0,false,10000000,2,true,YCSB,false,0.9, 3327, 0, 24957,0,0,0,0, 25261, 4.86039,79176.4, 0.0582358, 0.241224, 0.0269235, 0, 0, 0.773144, 2.80808, 0.264326, 0, 0, 0, 0, 0, 0.000213022, 192414, 0, 170
50000,0,true,BAMBOO,false,false,true,true,WR,1,0,false,0.15,LH_MCSLOCK,100000,0,TOP,0.5,16,true,WR,0,false,10000000,4,true,YCSB,false,0.9, 5567, 0, 28181,0,0,0,0, 28530, 10.6738,140212, 0.129848, 0.790746, 0.274219, 0, 0, 1.58745, 6.44723, 0.443925, 0, 0, 0, 0, 0, 0.011802, 374149, 0, 2100
50000,0,true,BAMBOO,false,false,true,false,WR,1,0,false,0.15,LH_MCSLOCK,100000,0,TOP,0.5,16,true,WR,0,false,10000000,4,true,YCSB,false,0.9, 18131, 0, 30714,0,0,0,0, 32008, 11.8705,124993, 0.477413, 0.774172, 0.206686, 0, 0, 1.59234, 6.4357, 1.42229, 0, 0, 0, 0, 0, 0.00255929, 370934, 0, 1526
50000,0,true,BAMBOO,false,false,true,true,WR,1,0,false,0.15,LH_MCSLOCK,100000,0,TOP,0.5,16,true,WR,0,false,10000000,8,true,YCSB,false,0.9, 36440, 0, 25752,0,0,0,0, 26874, 20.3954,297726, 0.848396, 1.99218, 0.865134, 0, 0, 2.20599, 10.7694, 2.83647, 0, 0, 0, 0, 0, 0.0470681, 759030, 0, 13243
50000,0,true,BAMBOO,false,false,true,false,WR,1,0,false,0.15,LH_MCSLOCK,100000,0,TOP,0.5,16,true,WR,0,false,10000000,8,true,YCSB,false,0.9, 77754, 0, 28289,0,0,0,0, 31226, 24.3548,256269, 2.28425, 1.94483, 0.684967, 0, 0, 1.91434, 11.1149, 6.04279, 0, 0, 0, 0, 0, 0.0282287, 780173, 0, 9149
50000,0,true,BAMBOO,false,false,true,true,WR,1,0,false,0.15,LH_MCSLOCK,100000,0,TOP,0.5,16,true,WR,0,false,10000000,16,true,YCSB,false,0.9, 173392, 0, 25276,0,0,0,0, 27934, 43.1821,572953, 4.09688, 4.93056, 2.10041, 0, 0, 2.15952, 17.38, 13.4525, 0, 0, 0, 0, 0, 0.176095, 1546331, 0, 76565
50000,0,true,BAMBOO,false,false,true,false,WR,1,0,false,0.15,LH_MCSLOCK,100000,0,TOP,0.5,16,true,WR,0,false,10000000,16,true,YCSB,false,0.9, 267004, 0, 23890,0,0,0,0, 29188, 45.6569,548405, 8.26982, 3.22805, 0.705551, 0, 0, 1.54012, 13.9633, 20.6293, 0, 0, 0, 0, 0, 0.0507347, 1564902, 0, 45442
50000,0,true,BAMBOO,false,false,true,true,WR,1,0,false,0.15,LH_MCSLOCK,100000,0,TOP,0.5,16,true,WR,0,false,10000000,32,true,YCSB,false,0.9, 658135, 0, 27274,0,0,0,0, 33198, 104.095,964270, 18.541, 10.3552, 3.91538, 0, 0, 3.01831, 27.4427, 51.2127, 0, 0, 0, 0, 0, 0.503992, 3136737, 0, 334699
50000,0,true,BAMBOO,false,false,true,false,WR,1,0,false,0.15,LH_MCSLOCK,100000,0,TOP,0.5,16,true,WR,0,false,10000000,32,true,YCSB,false,0.9, 995024, 0, 30797,0,0,0,0, 44412, 140.119,720872, 42.9063, 11.6039, 4.77036, 0, 0, 4.32084, 32.4048, 77.4232, 0, 0, 0, 0, 0, 0.692822, 3156499, 0, 240250
50000,0,true,BAMBOO,false,false,true,true,WR,1,0,false,0.15,LH_MCSLOCK,100000,0,TOP,0.5,16,true,WR,0,false,10000000,1,true,YCSB,false,0.9, 0, 0, 13887,0,0,0,0, 13887, 1.38872,72008.7, 0, 0.0377774, 0.0015472, 0, 0, 0.260158, 0.755881, 0.00307772, 0, 0, 0, 0, 0, 0, 100000, 0, 0
50000,0,true,BAMBOO,false,false,true,false,WR,1,0,false,0.15,LH_MCSLOCK,100000,0,TOP,0.5,16,true,WR,0,false,10000000,1,true,YCSB,false,0.9, 0, 0, 13946,0,0,0,0, 13946, 1.39462,71704.2, 0, 0.0401192, 0.00153951, 0, 0, 0.261601, 0.758318, 0.0030752, 0, 0, 0, 0, 0, 0, 100000, 0, 0
50000,0,true,BAMBOO,false,false,true,true,WR,1,0,false,0.15,LH_MCSLOCK,100000,0,TOP,0.5,16,true,WR,0,false,10000000,2,true,YCSB,false,0.9, 364, 0, 37776,0,0,0,0, 37832, 7.48159,52865.7, 0.0108963, 0.362963, 0.0774686, 0, 0, 1.52337, 4.6631, 0.0361273, 0, 0, 0, 0, 0, 0.000549338, 197760, 0, 281
50000,0,true,BAMBOO,false,false,true,false,WR,1,0,false,0.15,LH_MCSLOCK,100000,0,TOP,0.5,16,true,WR,0,false,10000000,2,true,YCSB,false,0.9, 3172, 0, 33221,0,0,0,0, 33629, 6.26208,59477.1, 0.0753741, 0.299214, 0.0338715, 0, 0, 0.970252, 3.8115, 0.256509, 0, 0, 0, 0, 0, 0.000372441, 186225, 0, 213
50000,0,true,BAMBOO,false,false,true,true,WR,1,0,false,0.15,LH_MCSLOCK,100000,0,TOP,0.5,16,true,WR,0,false,10000000,4,true,YCSB,false,0.9, 5599, 0, 26492,0,0,0,0, 26842, 10.4001,149028, 0.134937, 0.819021, 0.255336, 0, 0, 1.50398, 6.09478, 0.448556, 0, 0, 0, 0, 0, 0.00713953, 387476, 0, 2446
50000,0,true,BAMBOO,false,false,true,false,WR,1,0,false,0.15,LH_MCSLOCK,100000,0,TOP,0.5,16,true,WR,0,false,10000000,4,true,YCSB,false,0.9, 17921, 0, 28583,0,0,0,0, 29697, 11.2196,134722, 0.418438, 0.702519, 0.157812, 0, 0, 1.48517, 5.97965, 1.40681, 0, 0, 0, 0, 0, 0.00223054, 377880, 0, 1507
50000,0,true,BAMBOO,false,false,true,true,WR,1,0,false,0.15,LH_MCSLOCK,100000,0,TOP,0.5,16,true,WR,0,false,10000000,8,true,YCSB,false,0.9, 38422, 0, 27869,0,0,0,0, 29088, 22.5508,275075, 0.94118, 2.24792, 0.938543, 0, 0, 2.38618, 12.1575, 2.99847, 0, 0, 0, 0, 0, 0.0873491, 775395, 0, 15383
50000,0,true,BAMBOO,false,false,true,false,WR,1,0,false,0.15,LH_MCSLOCK,100000,0,TOP,0.5,16,true,WR,0,false,10000000,8,true,YCSB,false,0.9, 76662, 0, 25842,0,0,0,0, 28437, 22.1178,281396, 2.0125, 1.62565, 0.479191, 0, 0, 1.82417, 9.41009, 5.95521, 0, 0, 0, 0, 0, 0.0153465, 777984, 0, 8256
50000,0,true,BAMBOO,false,false,true,true,WR,1,0,false,0.15,LH_MCSLOCK,100000,0,TOP,0.5,16,true,WR,0,false,10000000,16,true,YCSB,false,0.9, 175224, 0, 28125,0,0,0,0, 31198, 48.1468,513011, 4.7279, 5.70733, 2.7859, 0, 0, 2.51624, 20.5783, 13.6117, 0, 0, 0, 0, 0, 0.416685, 1543740, 0, 73503
50000,0,true,BAMBOO,false,false,true,false,WR,1,0,false,0.15,LH_MCSLOCK,100000,0,TOP,0.5,16,true,WR,0,false,10000000,16,true,YCSB,false,0.9, 268322, 0, 25121,0,0,0,0, 30647, 47.4739,522328, 8.53985, 3.69321, 0.939059, 0, 0, 1.78553, 15.0381, 20.7871, 0, 0, 0, 0, 0, 0.0657154, 1549809, 0, 51051
50000,0,true,BAMBOO,false,false,true,true,WR,1,0,false,0.15,LH_MCSLOCK,100000,0,TOP,0.5,16,true,WR,0,false,10000000,32,true,YCSB,false,0.9, 731892, 0, 34872,0,0,0,0, 43478, 135.611,736361, 26.7893, 18.8703, 10.8575, 0, 0, 4.68811, 43.41, 56.9617, 0, 0, 0, 0, 0, 1.5207, 3120576, 0, 399492
50000,0,true,BAMBOO,false,false,true,false,WR,1,0,false,0.15,LH_MCSLOCK,100000,0,TOP,0.5,16,true,WR,0,false,10000000,32,true,YCSB,false,0.9, 1064765, 0, 35089,0,0,0,0, 51152, 160.289,625914, 50.2752, 16.6042, 8.28633, 0, 0, 4.73767, 40.9811, 82.803, 0, 0, 0, 0, 0, 1.02039, 3135224, 0, 306759
50000,0,true,BAMBOO,false,false,true,true,WR,1,0,false,0.15,LH_MCSLOCK,100000,0,TOP,0.5,16,true,WR,0,false,10000000,1,true,YCSB,false,0.9, 0, 0, 13800,0,0,0,0, 13800, 1.38006,72460.4, 0, 0.0377206, 0.00154629, 0, 0, 0.260276, 0.741325, 0.00308267, 0, 0, 0, 0, 0, 0, 100000, 0, 0
50000,0,true,BAMBOO,false,false,true,false,WR,1,0,false,0.15,LH_MCSLOCK,100000,0,TOP,0.5,16,true,WR,0,false,10000000,1,true,YCSB,false,0.9, 0, 0, 13933,0,0,0,0, 13933, 1.39333,71770.5, 0, 0.0391948, 0.00153942, 0, 0, 0.263783, 0.755299, 0.00306679, 0, 0, 0, 0, 0, 0, 100000, 0, 0
50000,0,true,BAMBOO,false,false,true,true,WR,1,0,false,0.15,LH_MCSLOCK,100000,0,TOP,0.5,16,true,WR,0,false,10000000,2,true,YCSB,false,0.9, 347, 0, 37272,0,0,0,0, 37360, 7.38302,53533.1, 0.0172608, 0.3655, 0.0834555, 0, 0, 1.45481, 4.68013, 0.0335134, 0, 0, 0, 0, 0, 0.00335255, 197618, 0, 314
50000,0,true,BAMBOO,false,false,true,false,WR,1,0,false,0.15,LH_MCSLOCK,100000,0,TOP,0.5,16,true,WR,0,false,10000000,2,true,YCSB,false,0.9, 3252, 0, 25588,0,0,0,0, 25902, 4.9645,77220.2, 0.0596985, 0.257147, 0.0264015, 0, 0, 0.657113, 2.98288, 0.257102, 0, 0, 0, 0, 0, 0.000301081, 191680, 0, 193
50000,0,true,BAMBOO,false,false,true,true,WR,1,0,false,0.15,LH_MCSLOCK,100000,0,TOP,0.5,16,true,WR,0,false,10000000,4,true,YCSB,false,0.9, 5360, 0, 25560,0,0,0,0, 25902, 9.44233,154439, 0.123861, 0.751162, 0.233448, 0, 0, 1.38732, 5.49559, 0.430546, 0, 0, 0, 0, 0, 0.0105091, 364565, 0, 2522
50000,0,true,BAMBOO,false,false,true,false,WR,1,0,false,0.15,LH_MCSLOCK,100000,0,TOP,0.5,16,true,WR,0,false,10000000,4,true,YCSB,false,0.9, 18285, 0, 25069,0,0,0,0, 26084, 10.0555,153377, 0.389322, 0.692491, 0.149129, 0, 0, 1.05813, 5.39605, 1.43502, 0, 0, 0, 0, 0, 0.00347648, 385570, 0, 1638
50000,0,true,BAMBOO,false,false,true,true,WR,1,0,false,0.15,LH_MCSLOCK,100000,0,TOP,0.5,16,true,WR,0,false,10000000,8,true,YCSB,false,0.9, 37641, 0, 28113,0,0,0,0, 29307, 22.2323,273022, 0.901312, 2.26223, 0.938242, 0, 0, 2.32745, 11.9969, 2.93568, 0, 0, 0, 0, 0, 0.0303271, 758739, 0, 14500
50000,0,true,BAMBOO,false,false,true,false,WR,1,0,false,0.15,LH_MCSLOCK,100000,0,TOP,0.5,16,true,WR,0,false,10000000,8,true,YCSB,false,0.9, 78248, 0, 27584,0,0,0,0, 30425, 23.8845,263036, 2.22226, 1.69454, 0.331286, 0, 0, 1.67341, 10.888, 6.0867, 0, 0, 0, 0, 0, 0.0141442, 785313, 0, 10480
50000,0,true,BAMBOO,false,false,true,true,WR,1,0,false,0.15,LH_MCSLOCK,100000,0,TOP,0.5,16,true,WR,0,false,10000000,16,true,YCSB,false,0.9, 169730, 0, 25890,0,0,0,0, 28692, 43.7567,557874, 4.25678, 5.44948, 2.71662, 0, 0, 2.43484, 17.7626, 13.1782, 0, 0, 0, 0, 0, 0.450337, 1525671, 0, 73581
50000,0,true,BAMBOO,false,false,true,false,WR,1,0,false,0.15,LH_MCSLOCK,100000,0,TOP,0.5,16,true,WR,0,false,10000000,16,true,YCSB,false,0.9, 270036, 0, 24851,0,0,0,0, 30418, 47.7472,526203, 8.72279, 3.90854, 1.31364, 0, 0, 1.93555, 14.8431, 20.9064, 0, 0, 0, 0, 0, 0.11701, 1570294, 0, 46266
50000,0,true,BAMBOO,false,false,true,true,WR,1,0,false,0.15,LH_MCSLOCK,100000,0,TOP,0.5,16,true,WR,0,false,10000000,32,true,YCSB,false,0.9, 737652, 0, 34927,0,0,0,0, 43773, 136.132,731345, 27.4634, 19.4115, 11.1845, 0, 0, 4.76573, 43.1327, 57.3628, 0, 0, 0, 0, 0, 1.45821, 3111223, 0, 415619
50000,0,true,BAMBOO,false,false,true,false,WR,1,0,false,0.15,LH_MCSLOCK,100000,0,TOP,0.5,16,true,WR,0,false,10000000,32,true,YCSB,false,0.9, 1092533, 0, 36332,0,0,0,0, 53437, 167.528,599164, 53.5616, 17.2302, 8.65187, 0, 0, 4.64467, 43.1554, 84.9393, 0, 0, 0, 0, 0, 1.15771, 3136774, 0, 305073
50000,0,true,BAMBOO,false,false,true,true,WR,1,0,false,0.15,LH_SPINLOCK,100000,0,TOP,0.5,16,true,WR,0,false,10000000,1,true,YCSB,false,0.9, 0, 0, 14007,0,0,0,0, 14007, 1.40072,71391.9, 0, 0.0380384, 0.00153766, 0, 0, 0.268655, 0.757324, 0.00308302, 0, 0, 0, 0, 0, 0, 100000, 0, 0
50000,0,true,BAMBOO,false,false,true,false,WR,1,0,false,0.15,LH_SPINLOCK,100000,0,TOP,0.5,16,true,WR,0,false,10000000,1,true,YCSB,false,0.9, 0, 0, 13846,0,0,0,0, 13846, 1.38461,72222.4, 0, 0.0378579, 0.00153481, 0, 0, 0.257983, 0.75439, 0.00306921, 0, 0, 0, 0, 0, 0, 100000, 0, 0
50000,0,true,BAMBOO,false,false,true,true,WR,1,0,false,0.15,LH_SPINLOCK,100000,0,TOP,0.5,16,true,WR,0,false,10000000,2,true,YCSB,false,0.9, 327, 0, 26941,0,0,0,0, 26980, 5.2216,74128.2, 0.007543, 0.177174, 0.0587928, 0, 0, 0.916096, 3.14697, 0.0322919, 0, 0, 0, 0, 0, 0.000595357, 193534, 0, 210
50000,0,true,BAMBOO,false,false,true,false,WR,1,0,false,0.15,LH_SPINLOCK,100000,0,TOP,0.5,16,true,WR,0,false,10000000,2,true,YCSB,false,0.9, 3087, 0, 31583,0,0,0,0, 31981, 5.85289,62541, 0.0723669, 0.15571, 0.0454618, 0, 0, 1.05557, 3.4868, 0.247318, 0, 0, 0, 0, 0, 0.000349624, 183023, 0, 151
50000,0,true,BAMBOO,false,false,true,true,WR,1,0,false,0.15,LH_SPINLOCK,100000,0,TOP,0.5,16,true,WR,0,false,10000000,4,true,YCSB,false,0.9, 5569, 0, 27456,0,0,0,0, 27803, 10.7457,143877, 0.133272, 0.554571, 0.29564, 0, 0, 1.78355, 6.35468, 0.452645, 0, 0, 0, 0, 0, 0.00373194, 386514, 0, 1167
50000,0,true,BAMBOO,false,false,true,false,WR,1,0,false,0.15,LH_SPINLOCK,100000,0,TOP,0.5,16,true,WR,0,false,10000000,4,true,YCSB,false,0.9, 18401, 0, 23837,0,0,0,0, 24816, 9.68873,161212, 0.380605, 0.381644, 0.1544, 0, 0, 1.2423, 4.90684, 1.43942, 0, 0, 0, 0, 0, 0.0089385, 390484, 0, 914
50000,0,true,BAMBOO,false,false,true,true,WR,1,0,false,0.15,LH_SPINLOCK,100000,0,TOP,0.5,16,true,WR,0,false,10000000,8,true,YCSB,false,0.9, 35301, 0, 21099,0,0,0,0, 22005, 16.5339,363637, 0.676785, 1.14898, 0.528251, 0, 0, 1.50229, 8.14019, 2.75968, 0, 0, 0, 0, 0, 0.0165269, 751540, 0, 6969
50000,0,true,BAMBOO,false,false,true,false,WR,1,0,false,0.15,LH_SPINLOCK,100000,0,TOP,0.5,16,true,WR,0,false,10000000,8,true,YCSB,false,0.9, 76073, 0, 26224,0,0,0,0, 28810, 22.2705,277771, 1.99188, 1.25143, 0.614335, 0, 0, 2.23301, 9.47225, 5.93141, 0, 0, 0, 0, 0, 0.0708516, 773264, 0, 5224
50000,0,true,BAMBOO,false,false,true,true,WR,1,0,false,0.15,LH_SPINLOCK,100000,0,TOP,0.5,16,true,WR,0,false,10000000,16,true,YCSB,false,0.9, 159563, 0, 22366,0,0,0,0, 24643, 37.8304,649545, 3.47998, 3.46826, 1.90473, 0, 0, 2.14264, 14.3387, 12.4018, 0, 0, 0, 0, 0, 0.193888, 1535783, 0, 37140
50000,0,true,BAMBOO,false,false,true,false,WR,1,0,false,0.15,LH_SPINLOCK,100000,0,TOP,0.5,16,true,WR,0,false,10000000,16,true,YCSB,false,0.9, 259057, 0, 23660,0,0,0,0, 28845, 44.4748,554949, 7.97602, 2.82827, 1.34745, 0, 0, 2.07577, 13.155, 20.1148, 0, 0, 0, 0, 0, 0.147111, 1542580, 0, 26231
50000,0,true,BAMBOO,false,false,true,true,WR,1,0,false,0.15,LH_SPINLOCK,100000,0,TOP,0.5,16,true,WR,0,false,10000000,32,true,YCSB,false,0.9, 688908, 0, 30979,0,0,0,0, 38500, 120.312,831520, 23.461, 14.3942, 9.21451, 0, 0, 4.36822, 35.3542, 53.7123, 0, 0, 0, 0, 0, 1.07783, 3126296, 0, 248229
50000,0,true,BAMBOO,false,false,true,false,WR,1,0,false,0.15,LH_SPINLOCK,100000,0,TOP,0.5,16,true,WR,0,false,10000000,32,true,YCSB,false,0.9, 963314, 0, 28863,0,0,0,0, 41851, 131.445,765060, 40.7376, 8.03361, 3.42572, 0, 0, 3.20174, 28.832, 74.9608, 0, 0, 0, 0, 0, 0.32432, 3142613, 0, 156780
50000,0,true,BAMBOO,false,false,true,true,WR,1,0,false,0.15,LH_SPINLOCK,100000,0,TOP,0.5,16,true,WR,0,false,10000000,1,true,YCSB,false,0.9, 0, 0, 13967,0,0,0,0, 13967, 1.39679,71592.7, 0, 0.0379717, 0.00154206, 0, 0, 0.268293, 0.757227, 0.00307661, 0, 0, 0, 0, 0, 0, 100000, 0, 0
50000,0,true,BAMBOO,false,false,true,false,WR,1,0,false,0.15,LH_SPINLOCK,100000,0,TOP,0.5,16,true,WR,0,false,10000000,1,true,YCSB,false,0.9, 0, 0, 13939,0,0,0,0, 13939, 1.39398,71737.3, 0, 0.0382715, 0.00153738, 0, 0, 0.259487, 0.758014, 0.00306836, 0, 0, 0, 0, 0, 0, 100000, 0, 0
50000,0,true,BAMBOO,false,false,true,true,WR,1,0,false,0.15,LH_SPINLOCK,100000,0,TOP,0.5,16,true,WR,0,false,10000000,2,true,YCSB,false,0.9, 341, 0, 24687,0,0,0,0, 24723, 4.87476,80894.3, 0.00718198, 0.164606, 0.050552, 0, 0, 0.713545, 2.99944, 0.0330297, 0, 0, 0, 0, 0, 0.000459717, 197170, 0, 245
50000,0,true,BAMBOO,false,false,true,false,WR,1,0,false,0.15,LH_SPINLOCK,100000,0,TOP,0.5,16,true,WR,0,false,10000000,2,true,YCSB,false,0.9, 3197, 0, 23199,0,0,0,0, 23486, 4.41685,85162, 0.0535832, 0.134041, 0.038181, 0, 0, 0.668271, 2.55326, 0.254701, 0, 0, 0, 0, 0, 0.000252012, 188074, 0, 117
50000,0,true,BAMBOO,false,false,true,true,WR,1,0,false,0.15,LH_SPINLOCK,100000,0,TOP,0.5,16,true,WR,0,false,10000000,4,true,YCSB,false,0.9, 5475, 0, 25394,0,0,0,0, 25717, 9.83386,155549, 0.122677, 0.490748, 0.241028, 0, 0, 1.62821, 5.69139, 0.43841, 0, 0, 0, 0, 0, 0.00275192, 382411, 0, 1191
50000,0,true,BAMBOO,false,false,true,false,WR,1,0,false,0.15,LH_SPINLOCK,100000,0,TOP,0.5,16,true,WR,0,false,10000000,4,true,YCSB,false,0.9, 18795, 0, 30407,0,0,0,0, 31646, 12.2452,126411, 0.477959, 0.471812, 0.207634, 0, 0, 1.91545, 6.46213, 1.48044, 0, 0, 0, 0, 0, 0.00629843, 386980, 0, 871
50000,0,true,BAMBOO,false,false,true,true,WR,1,0,false,0.15,LH_SPINLOCK,100000,0,TOP,0.5,16,true,WR,0,false,10000000,8,true,YCSB,false,0.9, 36179, 0, 25053,0,0,0,0, 26144, 19.7607,306057, 0.820346, 1.4237, 0.784463, 0, 0, 1.98975, 10.3396, 2.83849, 0, 0, 0, 0, 0, 0.0277926, 755987, 0, 6578
50000,0,true,BAMBOO,false,false,true,false,WR,1,0,false,0.15,LH_SPINLOCK,100000,0,TOP,0.5,16,true,WR,0,false,10000000,8,true,YCSB,false,0.9, 74104, 0, 21847,0,0,0,0, 24107, 18.9099,331950, 1.76741, 0.843405, 0.27555, 0, 0, 1.54474, 7.44088, 5.75683, 0, 0, 0, 0, 0, 0.00878794, 784643, 0, 4666
50000,0,true,BAMBOO,false,false,true,true,WR,1,0,false,0.15,LH_SPINLOCK,100000,0,TOP,0.5,16,true,WR,0,false,10000000,16,true,YCSB,false,0.9, 151554, 0, 20001,0,0,0,0, 21914, 33.4545,730382, 2.9086, 2.67762, 1.28572, 0, 0, 1.72428, 12.0194, 11.7514, 0, 0, 0, 0, 0, 0.0756417, 1527160, 0, 33917
50000,0,true,BAMBOO,false,false,true,false,WR,1,0,false,0.15,LH_SPINLOCK,100000,0,TOP,0.5,16,true,WR,0,false,10000000,16,true,YCSB,false,0.9, 280093, 0, 27616,0,0,0,0, 33809, 52.644,473440, 9.62433, 4.10178, 2.51683, 0, 0, 2.92686, 17.4633, 21.7456, 0, 0, 0, 0, 0, 0.138601, 1557736, 0, 26417
50000,0,true,BAMBOO,false,false,true,true,WR,1,0,false,0.15,LH_SPINLOCK,100000,0,TOP,0.5,16,true,WR,0,false,10000000,32,true,YCSB,false,0.9, 696992, 0, 31285,0,0,0,0, 38780, 121.14,825544, 23.3678, 15.5249, 9.62165, 0, 0, 3.99502, 36.2252, 54.3018, 0, 0, 0, 0, 0, 1.43699, 3125210, 0, 295441
50000,0,true,BAMBOO,false,false,true,false,WR,1,0,false,0.15,LH_SPINLOCK,100000,0,TOP,0.5,16,true,WR,0,false,10000000,32,true,YCSB,false,0.9, 973799, 0, 29838,0,0,0,0, 43312, 136.488,739205, 42.4095, 10.6013, 5.64707, 0, 0, 3.88105, 30.4621, 75.727, 0, 0, 0, 0, 0, 0.878425, 3152902, 0, 179423
50000,0,true,BAMBOO,false,false,true,true,WR,1,0,false,0.15,LH_SPINLOCK,100000,0,TOP,0.5,16,true,WR,0,false,10000000,1,true,YCSB,false,0.9, 0, 0, 13853,0,0,0,0, 13853, 1.38535,72184.1, 0, 0.0379479, 0.00154572, 0, 0, 0.266551, 0.750567, 0.00307619, 0, 0, 0, 0, 0, 0, 100000, 0, 0
50000,0,true,BAMBOO,false,false,true,false,WR,1,0,false,0.15,LH_SPINLOCK,100000,0,TOP,0.5,16,true,WR,0,false,10000000,1,true,YCSB,false,0.9, 0, 0, 13885,0,0,0,0, 13885, 1.38851,72019.7, 0, 0.037869, 0.00154159, 0, 0, 0.260868, 0.75398, 0.00306839, 0, 0, 0, 0, 0, 0, 100000, 0, 0
50000,0,true,BAMBOO,false,false,true,true,WR,1,0,false,0.15,LH_SPINLOCK,100000,0,TOP,0.5,16,true,WR,0,false,10000000,2,true,YCSB,false,0.9, 356, 0, 32780,0,0,0,0, 32850, 6.44484,60882.8, 0.0135391, 0.191073, 0.0744735, 0, 0, 1.27224, 3.94761, 0.033819, 0, 0, 0, 0, 0, 0.000427294, 196190, 0, 201
50000,0,true,BAMBOO,false,false,true,false,WR,1,0,false,0.15,LH_SPINLOCK,100000,0,TOP,0.5,16,true,WR,0,false,10000000,2,true,YCSB,false,0.9, 3366, 0, 34329,0,0,0,0, 34751, 6.7876,57556.4, 0.0818543, 0.153151, 0.0390885, 0, 0, 1.29052, 4.07125, 0.27023, 0, 0, 0, 0, 0, 0.00035331, 195335, 0, 131
50000,0,true,BAMBOO,false,false,true,true,WR,1,0,false,0.15,LH_SPINLOCK,100000,0,TOP,0.5,16,true,WR,0,false,10000000,4,true,YCSB,false,0.9, 5129, 0, 26535,0,0,0,0, 26867, 9.51833,148891, 0.116858, 0.491976, 0.252865, 0, 0, 1.53024, 5.56877, 0.412038, 0, 0, 0, 0, 0, 0.0032265, 354298, 0, 1089
50000,0,true,BAMBOO,false,false,true,false,WR,1,0,false,0.15,LH_SPINLOCK,100000,0,TOP,0.5,16,true,WR,0,false,10000000,4,true,YCSB,false,0.9, 18395, 0, 29025,0,0,0,0, 30165, 11.6027,132623, 0.436761, 0.421489, 0.158687, 0, 0, 1.71087, 6.26247, 1.44191, 0, 0, 0, 0, 0, 0.00248128, 384698, 0, 1003
50000,0,true,BAMBOO,false,false,true,true,WR,1,0,false,0.15,LH_SPINLOCK,100000,0,TOP,0.5,16,true,WR,0,false,10000000,8,true,YCSB,false,0.9, 35272, 0, 22884,0,0,0,0, 23873, 18.2349,335156, 0.752715, 1.3048, 0.698286, 0, 0, 1.83539, 9.32969, 2.76354, 0, 0, 0, 0, 0, 0.0198429, 763944, 0, 6626
50000,0,true,BAMBOO,false,false,true,false,WR,1,0,false,0.15,LH_SPINLOCK,100000,0,TOP,0.5,16,true,WR,0,false,10000000,8,true,YCSB,false,0.9, 74293, 0, 25631,0,0,0,0, 28236, 21.8158,283402, 2.00661, 1.10252, 0.509856, 0, 0, 1.9748, 9.51599, 5.77793, 0, 0, 0, 0, 0, 0.0514972, 772832, 0, 4911
50000,0,true,BAMBOO,false,false,true,true,WR,1,0,false,0.15,LH_SPINLOCK,100000,0,TOP,0.5,16,true,WR,0,false,10000000,16,true,YCSB,false,0.9, 160029, 0, 24699,0,0,0,0, 27298, 41.0723,586306, 3.89851, 3.95107, 2.17404, 0, 0, 2.78959, 16.5265, 12.4404, 0, 0, 0, 0, 0, 0.144296, 1505059, 0, 41718
50000,0,true,BAMBOO,false,false,true,false,WR,1,0,false,0.15,LH_SPINLOCK,100000,0,TOP,0.5,16,true,WR,0,false,10000000,16,true,YCSB,false,0.9, 276090, 0, 25978,0,0,0,0, 31838, 49.7616,502773, 9.13912, 3.53753, 1.98693, 0, 0, 2.28145, 16.0952, 21.4003, 0, 0, 0, 0, 0, 0.144308, 1563672, 0, 26098
50000,0,true,BAMBOO,false,false,true,true,WR,1,0,false,0.15,LH_SPINLOCK,100000,0,TOP,0.5,16,true,WR,0,false,10000000,32,true,YCSB,false,0.9, 707178, 0, 32470,0,0,0,0, 40330, 126.488,793828, 24.6003, 15.9017, 10.492, 0, 0, 4.58726, 38.8323, 55.2277, 0, 0, 0, 0, 0, 1.34371, 3137796, 0, 258866
50000,0,true,BAMBOO,false,false,true,false,WR,1,0,false,0.15,LH_SPINLOCK,100000,0,TOP,0.5,16,true,WR,0,false,10000000,32,true,YCSB,false,0.9, 1013944, 0, 31868,0,0,0,0, 46163, 146.124,693625, 45.1865, 11.1939, 6.46023, 0, 0, 5.06588, 34.341, 79.269, 0, 0, 0, 0, 0, 0.807675, 3167358, 0, 158765
50000,0,true,BAMBOO,false,false,true,true,WR,1,0,false,0.15,LH_SPINLOCK,100000,0,TOP,0.5,16,true,WR,0,false,10000000,1,true,YCSB,false,0.9, 0, 0, 13977,0,0,0,0, 13977, 1.39773,71544.7, 0, 0.03913, 0.00154295, 0, 0, 0.267387, 0.755423, 0.00307588, 0, 0, 0, 0, 0, 0, 100000, 0, 0
50000,0,true,BAMBOO,false,false,true,false,WR,1,0,false,0.15,LH_SPINLOCK,100000,0,TOP,0.5,16,true,WR,0,false,10000000,1,true,YCSB,false,0.9, 0, 0, 14082,0,0,0,0, 14082, 1.40821,71012.3, 0, 0.0382005, 0.00153662, 0, 0, 0.262665, 0.763368, 0.00308816, 0, 0, 0, 0, 0, 0, 100000, 0, 0
50000,0,true,BAMBOO,false,false,true,true,WR,1,0,false,0.15,LH_SPINLOCK,100000,0,TOP,0.5,16,true,WR,0,false,10000000,2,true,YCSB,false,0.9, 341, 0, 24260,0,0,0,0, 24299, 4.83611,82308.7, 0.00753802, 0.149544, 0.0364346, 0, 0, 0.795772, 2.94713, 0.0346306, 0, 0, 0, 0, 0, 0.000294307, 199027, 0, 221
50000,0,true,BAMBOO,false,false,true,false,WR,1,0,false,0.15,LH_SPINLOCK,100000,0,TOP,0.5,16,true,WR,0,false,10000000,2,true,YCSB,false,0.9, 3367, 0, 30843,0,0,0,0, 31220, 6.00739,64065.4, 0.0721253, 0.143539, 0.0354035, 0, 0, 1.12138, 3.54471, 0.26964, 0, 0, 0, 0, 0, 0.000319258, 192433, 0, 129
50000,0,true,BAMBOO,false,false,true,true,WR,1,0,false,0.15,LH_SPINLOCK,100000,0,TOP,0.5,16,true,WR,0,false,10000000,4,true,YCSB,false,0.9, 5491, 0, 23060,0,0,0,0, 23369, 8.89765,171180, 0.11687, 0.509203, 0.266499, 0, 0, 1.27219, 5.10915, 0.440429, 0, 0, 0, 0, 0, 0.00591715, 380775, 0, 1218
50000,0,true,BAMBOO,false,false,true,false,WR,1,0,false,0.15,LH_SPINLOCK,100000,0,TOP,0.5,16,true,WR,0,false,10000000,4,true,YCSB,false,0.9, 18296, 0, 26109,0,0,0,0, 27122, 10.4281,147507, 0.387522, 0.434031, 0.188821, 0, 0, 1.51671, 5.36145, 1.4335, 0, 0, 0, 0, 0, 0.00840887, 384554, 0, 857
50000,0,true,BAMBOO,false,false,true,true,WR,1,0,false,0.15,LH_SPINLOCK,100000,0,TOP,0.5,16,true,WR,0,false,10000000,8,true,YCSB,false,0.9, 36122, 0, 25919,0,0,0,0, 27011, 20.5049,296231, 0.824805, 1.55228, 0.894975, 0, 0, 2.34461, 10.5761, 2.83841, 0, 0, 0, 0, 0, 0.0446166, 759272, 0, 6659
50000,0,true,BAMBOO,false,false,true,false,WR,1,0,false,0.15,LH_SPINLOCK,100000,0,TOP,0.5,16,true,WR,0,false,10000000,8,true,YCSB,false,0.9, 72019, 0, 22204,0,0,0,0, 24486, 18.9398,326825, 1.75929, 0.888004, 0.287594, 0, 0, 1.54001, 7.68908, 5.60214, 0, 0, 0, 0, 0, 0.0105653, 773751, 0, 5461
50000,0,true,BAMBOO,false,false,true,true,WR,1,0,false,0.15,LH_SPINLOCK,100000,0,TOP,0.5,16,true,WR,0,false,10000000,16,true,YCSB,false,0.9, 159207, 0, 22596,0,0,0,0, 24898, 38.3959,642829, 3.53744, 3.82421, 2.35615, 0, 0, 2.05246, 14.7541, 12.3766, 0, 0, 0, 0, 0, 0.13896, 1542625, 0, 32971
50000,0,true,BAMBOO,false,false,true,false,WR,1,0,false,0.15,LH_SPINLOCK,100000,0,TOP,0.5,16,true,WR,0,false,10000000,16,true,YCSB,false,0.9, 262421, 0, 23397,0,0,0,0, 28482, 44.7726,561994, 7.97676, 2.8144, 1.43218, 0, 0, 2.33383, 13.2858, 20.3587, 0, 0, 0, 0, 0, 0.0733729, 1572620, 0, 23087
50000,0,true,BAMBOO,false,false,true,true,WR,1,0,false,0.15,LH_SPINLOCK,100000,0,TOP,0.5,16,true,WR,0,false,10000000,32,true,YCSB,false,0.9, 738435, 0, 36562,0,0,0,0, 45859, 143.076,698125, 28.9506, 19.9523, 13.7551, 0, 0, 6.44105, 46.3009, 57.7671, 0, 0, 0, 0, 0, 1.76403, 3121398, 0, 287942
50000,0,true,BAMBOO,false,false,true,false,WR,1,0,false,0.15,LH_SPINLOCK,100000,0,TOP,0.5,16,true,WR,0,false,10000000,32,true,YCSB,false,0.9, 944573, 0, 27753,0,0,0,0, 40339, 127.327,793654, 39.685, 7.3086, 3.39157, 0, 0, 2.98198, 26.8426, 73.5885, 0, 0, 0, 0, 0, 0.386697, 3157929, 0, 123296
50000,0,true,BAMBOO,false,false,true,true,WR,1,0,false,0.15,LH_SPINLOCK,100000,0,TOP,0.5,16,true,WR,0,false,10000000,1,true,YCSB,false,0.9, 0, 0, 14063,0,0,0,0, 14063, 1.40634,71106.3, 0, 0.0382008, 0.00154643, 0, 0, 0.267831, 0.76067, 0.00307077, 0, 0, 0, 0, 0, 0, 100000, 0, 0
50000,0,true,BAMBOO,false,false,true,false,WR,1,0,false,0.15,LH_SPINLOCK,100000,0,TOP,0.5,16,true,WR,0,false,10000000,1,true,YCSB,false,0.9, 0, 0, 14076,0,0,0,0, 14076, 1.40763,71041.2, 0, 0.0389644, 0.00153757, 0, 0, 0.261228, 0.767695, 0.00307146, 0, 0, 0, 0, 0, 0, 100000, 0, 0
50000,0,true,BAMBOO,false,false,true,true,WR,1,0,false,0.15,LH_SPINLOCK,100000,0,TOP,0.5,16,true,WR,0,false,10000000,2,true,YCSB,false,0.9, 365, 0, 32995,0,0,0,0, 33043, 6.54351,60526.2, 0.00944545, 0.203701, 0.0853362, 0, 0, 1.29389, 4.0569, 0.0356393, 0, 0, 0, 0, 0, 0.000451331, 198027, 0, 192
50000,0,true,BAMBOO,false,false,true,false,WR,1,0,false,0.15,LH_SPINLOCK,100000,0,TOP,0.5,16,true,WR,0,false,10000000,2,true,YCSB,false,0.9, 3370, 0, 30860,0,0,0,0, 31230, 6.17465,64044.1, 0.0727981, 0.14302, 0.0424626, 0, 0, 1.22275, 3.64292, 0.27009, 0, 0, 0, 0, 0, 0.000258709, 197725, 0, 92
50000,0,true,BAMBOO,false,false,true,true,WR,1,0,false,0.15,LH_SPINLOCK,100000,0,TOP,0.5,16,true,WR,0,false,10000000,4,true,YCSB,false,0.9, 5646, 0, 25559,0,0,0,0, 25907, 10.0042,154409, 0.133687, 0.509811, 0.265513, 0, 0, 1.55674, 5.78314, 0.453931, 0, 0, 0, 0, 0, 0.0027077, 386187, 0, 1139
50000,0,true,BAMBOO,false,false,true,false,WR,1,0,false,0.15,LH_SPINLOCK,100000,0,TOP,0.5,16,true,WR,0,false,10000000,4,true,YCSB,false,0.9, 17597, 0, 26328,0,0,0,0, 27388, 10.25,146082, 0.394377, 0.372367, 0.120727, 0, 0, 1.35442, 5.40155, 1.38487, 0, 0, 0, 0, 0, 0.00186398, 374335, 0, 986
50000,0,true,BAMBOO,false,false,true,true,WR,1,0,false,0.15,LH_SPINLOCK,100000,0,TOP,0.5,16,true,WR,0,false,10000000,8,true,YCSB,false,0.9, 34471, 0, 21244,0,0,0,0, 22122, 16.7066,361710, 0.658994, 1.21142, 0.621813, 0, 0, 1.66033, 8.24911, 2.69597, 0, 0, 0, 0, 0, 0.0217716, 755368, 0, 6748
50000,0,true,BAMBOO,false,false,true,false,WR,1,0,false,0.15,LH_SPINLOCK,100000,0,TOP,0.5,16,true,WR,0,false,10000000,8,true,YCSB,false,0.9, 73990, 0, 23883,0,0,0,0, 26330, 20.2553,303926, 1.87655, 1.04088, 0.439925, 0, 0, 1.63852, 8.36829, 5.76427, 0, 0, 0, 0, 0, 0.0450053, 769516, 0, 4763
50000,0,true,BAMBOO,false,false,true,true,WR,1,0,false,0.15,LH_SPINLOCK,100000,0,TOP,0.5,16,true,WR,0,false,10000000,16,true,YCSB,false,0.9, 161466, 0, 23560,0,0,0,0, 25886, 39.9663,618333, 3.57658, 3.56939, 2.00504, 0, 0, 2.11215, 16.042, 12.5179, 0, 0, 0, 0, 0, 0.190677, 1544530, 0, 35182
50000,0,true,BAMBOO,false,false,true,false,WR,1,0,false,0.15,LH_SPINLOCK,100000,0,TOP,0.5,16,true,WR,0,false,10000000,16,true,YCSB,false,0.9, 261753, 0, 22675,0,0,0,0, 27677, 43.7,578339, 7.88194, 2.15969, 0.828751, 0, 0, 1.85603, 12.8629, 20.3121, 0, 0, 0, 0, 0, 0.0390405, 1579589, 0, 20320
50000,0,true,BAMBOO,false,false,true,true,WR,1,0,false,0.15,LH_SPINLOCK,100000,0,TOP,0.5,16,true,WR,0,false,10000000,32,true,YCSB,false,0.9, 723431, 0, 35171,0,0,0,0, 44081, 137.476,726281, 27.7335, 18.7661, 13.1448, 0, 0, 5.13786, 44.2838, 56.5151, 0, 0, 0, 0, 0, 2.28215, 3120194, 0, 265949
50000,0,true,BAMBOO,false,false,true,false,WR,1,0,false,0.15,LH_SPINLOCK,100000,0,TOP,0.5,16,true,WR,0,false,10000000,32,true,YCSB,false,0.9, 945137, 0, 27874,0,0,0,0, 40197, 126.352,796491, 38.689, 8.2788, 3.80733, 0, 0, 2.85687, 27.0692, 73.4399, 0, 0, 0, 0, 0, 0.471755, 3144934, 0, 156999
50000,0,true,BAMBOO,false,false,true,true,WR,1,0,false,0.15,LH_SPINLOCK,100000,0,TOP,0.5,16,true,WR,0,false,10000000,1,true,YCSB,false,0.9, 0, 0, 13941,0,0,0,0, 13941, 1.3942,71725.8, 0, 0.0391127, 0.00154229, 0, 0, 0.26647, 0.751783, 0.00307414, 0, 0, 0, 0, 0, 0, 100000, 0, 0
50000,0,true,BAMBOO,false,false,true,false,WR,1,0,false,0.15,LH_SPINLOCK,100000,0,TOP,0.5,16,true,WR,0,false,10000000,1,true,YCSB,false,0.9, 0, 0, 13986,0,0,0,0, 13986, 1.39863,71498.7, 0, 0.0383561, 0.00153812, 0, 0, 0.261317, 0.757078, 0.00306858, 0, 0, 0, 0, 0, 0, 100000, 0, 0
50000,0,true,BAMBOO,false,false,true,true,WR,1,0,false,0.15,LH_SPINLOCK,100000,0,TOP,0.5,16,true,WR,0,false,10000000,2,true,YCSB,false,0.9, 346, 0, 31233,0,0,0,0, 31276, 6.12753,63945.5, 0.0083582, 0.167777, 0.062652, 0, 0, 1.22171, 3.77306, 0.0341455, 0, 0, 0, 0, 0, 0.000344954, 195914, 0, 145
50000,0,true,BAMBOO,false,false,true,false,WR,1,0,false,0.15,LH_SPINLOCK,100000,0,TOP,0.5,16,true,WR,0,false,10000000,2,true,YCSB,false,0.9, 3051, 0, 22133,0,0,0,0, 22386, 4.18249,89344.9, 0.0469984, 0.117994, 0.0233477, 0, 0, 0.573607, 2.43955, 0.243907, 0, 0, 0, 0, 0, 0.000174543, 186842, 0, 115
50000,0,true,BAMBOO,false,false,true,true,WR,1,0,false,0.15,LH_SPINLOCK,100000,0,TOP,0.5,16,true,WR,0,false,10000000,4,true,YCSB,false,0.9, 5311, 0, 23142,0,0,0,0, 23431, 8.67773,170725, 0.106468, 0.479875, 0.240224, 0, 0, 1.16805, 5.00016, 0.426669, 0, 0, 0, 0, 0, 0.00275066, 370376, 0, 1104
50000,0,true,BAMBOO,false,false,true,false,WR,1,0,false,0.15,LH_SPINLOCK,100000,0,TOP,0.5,16,true,WR,0,false,10000000,4,true,YCSB,false,0.9, 18513, 0, 25944,0,0,0,0, 26989, 10.5417,148233, 0.406423, 0.407334, 0.156873, 0, 0, 1.51776, 5.44141, 1.45132, 0, 0, 0, 0, 0, 0.00205724, 390656, 0, 953
50000,0,true,BAMBOO,false,false,true,true,WR,1,0,false,0.15,LH_SPINLOCK,100000,0,TOP,0.5,16,true,WR,0,false,10000000,8,true,YCSB,false,0.9, 36710, 0, 26363,0,0,0,0, 27496, 21.1158,291011, 0.865363, 1.53392, 0.883163, 0, 0, 2.42679, 10.8193, 2.88259, 0, 0, 0, 0, 0, 0.0257014, 768116, 0, 6449
50000,0,true,BAMBOO,false,false,true,false,WR,1,0,false,0.15,LH_SPINLOCK,100000,0,TOP,0.5,16,true,WR,0,false,10000000,8,true,YCSB,false,0.9, 75478, 0, 25710,0,0,0,0, 28352, 22.024,282244, 2.04653, 1.13208, 0.518099, 0, 0, 1.97397, 9.59598, 5.8753, 0, 0, 0, 0, 0, 0.0238841, 777017, 0, 5041
50000,0,true,BAMBOO,false,false,true,true,WR,1,0,false,0.15,LH_SPINLOCK,100000,0,TOP,0.5,16,true,WR,0,false,10000000,16,true,YCSB,false,0.9, 159786, 0, 21544,0,0,0,0, 23649, 36.6259,676768, 3.24962, 3.0276, 1.59613, 0, 0, 2.08239, 13.4374, 12.4171, 0, 0, 0, 0, 0, 0.11347, 1549201, 0, 32698
50000,0,true,BAMBOO,false,false,true,false,WR,1,0,false,0.15,LH_SPINLOCK,100000,0,TOP,0.5,16,true,WR,0,false,10000000,16,true,YCSB,false,0.9, 278538, 0, 27833,0,0,0,0, 34125, 52.8983,469073, 9.73389, 4.00974, 2.24962, 0, 0, 3.03782, 17.6305, 21.6121, 0, 0, 0, 0, 0, 0.157472, 1550824, 0, 30180
50000,0,true,BAMBOO,false,false,true,true,WR,1,0,false,0.15,LH_SPINLOCK,100000,0,TOP,0.5,16,true,WR,0,false,10000000,32,true,YCSB,false,0.9, 698373, 0, 31495,0,0,0,0, 39313, 122.63,814311, 24.3468, 15.643, 9.62561, 0, 0, 3.55249, 37.2688, 54.366, 0, 0, 0, 0, 0, 1.47672, 3120590, 0, 298415
50000,0,true,BAMBOO,false,false,true,false,WR,1,0,false,0.15,LH_SPINLOCK,100000,0,TOP,0.5,16,true,WR,0,false,10000000,32,true,YCSB,false,0.9, 1013733, 0, 32346,0,0,0,0, 47039, 147.426,680674, 45.9917, 13.3852, 7.70872, 0, 0, 4.14193, 35.9293, 78.9745, 0, 0, 0, 0, 0, 0.92795, 3135900, 0, 212943
