ABORT_PENALTY,BB_ALWAYS_RETIRE_READ,BB_AUTORETIRE,BB_DYNAMIC_TS,BB_LAST_RETIRE,BB_OPT_RAW,BB_PRECOMMIT,CC_ALG,COMPILE_ONLY,CPU_FREQ,LATCH,LONG_TXN_RATIO,MAX_ROW_PER_TXN,MAX_RUNTIME,MAX_TXN_PER_PART,NDEBUG,OUTPUT_TO_FILE,PF_ABORT,PF_BASIC,PF_CS,READ_PERC,REQ_PER_QUERY,SYNTHETIC_YCSB,SYNTH_TABLE_SIZE,TERMINATE_BY_COUNT,THREAD_CNT,UNSET_NUMA,WORKLOAD,WW_STARV_FREE,ZIPF_THETA,abort_cnt,abort_cnt_long,abort_length,cascading_abort_times,commit_latency,cycle_detect,deadlock_cnt,dl_detect_time,dl_wait_time,latency,max_abort_length,run_time,throughput,time_abort,time_cleanup,time_commit,time_copy,time_get_cs,time_get_latch,time_index,time_man,time_query,time_release_cs,time_release_latch,time_retire_cs,time_retire_latch,time_semaphore_cs,time_ts_alloc,time_wait,txn_cnt,txn_cnt_long,user_abort_cnt,wait_cnt
50000,true,false,true,0,true,false,BAMBOO,false,2.8,LH_MCSLOCK,0,1000,15,1000000,true,true,false,true,false,0.5,16,false,100000000,false,1,false,YCSB,false,0.9, 0, 0, 0, 0, 18516,0,0,0,0, 18516, 0, 18.5169,54004.8, 0, 0.324147, 0.0115068, 0, 0, 0, 0.520714, 7.52308, 0.0207788, 0, 0, 0, 0, 0, 0, 0, 1000000, 0, 0, 0
50000,true,false,true,0,true,false,SILO,false,2.8,LH_MCSLOCK,0,1000,15,1000000,true,true,false,true,false,0.5,16,false,100000000,false,1,false,YCSB,false,0.9, 0, 0, 0, 0, 21408,0,0,0,0, 21408, 0, 21.4084,46710.7, 0, 0.69581, 0, 0, 0, 0, 0.491507, 8.41197, 0.0214984, 0, 0, 0, 0, 0, 0, 0, 1000000, 0, 0, 0
50000,true,false,true,0,true,false,WOUND_WAIT,false,2.8,LH_MCSLOCK,0,1000,15,1000000,true,true,false,true,false,0.5,16,false,100000000,false,1,false,YCSB,false,0.9, 0, 0, 0, 0, 17551,0,0,0,0, 17551, 0, 17.5513,56975.8, 0, 0.272618, 0, 0, 0, 0, 0.515221, 6.01545, 0.0205401, 0, 0, 0, 0, 0, 25203382, 0, 1000000, 0, 0, 0
50000,true,false,true,0,true,false,WAIT_DIE,false,2.8,LH_MCSLOCK,0,1000,15,1000000,true,true,false,true,false,0.5,16,false,100000000,false,1,false,YCSB,false,0.9, 0, 0, 0, 0, 17719,0,0,0,0, 17719, 0, 17.7198,56434.2, 0, 0.146852, 0, 0, 0, 0, 0.557861, 5.94439, 0.0548624, 0, 0, 0, 0, 0, 25916526, 0, 1000000, 0, 0, 0
50000,true,false,true,0,true,false,NO_WAIT,false,2.8,LH_MCSLOCK,0,1000,15,1000000,true,true,false,true,false,0.5,16,false,100000000,false,1,false,YCSB,false,0.9, 0, 0, 0, 0, 17438,0,0,0,0, 17438, 0, 17.4382,57345.3, 0, 0.132254, 0, 0, 0, 0, 0.478016, 5.32945, 0.0203223, 0, 0, 0, 0, 0, 0, 0, 1000000, 0, 0, 0
50000,true,false,true,0,true,false,BAMBOO,false,2.8,LH_MCSLOCK,0,1000,15,1000000,true,true,false,true,false,0.5,16,false,100000000,false,2,false,YCSB,false,0.9, 1285, 0, 0, 0, 22538,0,0,0,0, 22550, 0, 44.6903,88691.1, 0.022514, 1.26313, 0.166153, 0, 0, 0, 0.91689, 24.3533, 0.144159, 0, 0, 0, 0, 0, 0, 0.00144374, 1981818, 0, 0, 1229
50000,true,false,true,0,true,false,SILO,false,2.8,LH_MCSLOCK,0,1000,15,1000000,true,true,false,true,false,0.5,16,false,100000000,false,2,false,YCSB,false,0.9, 62346, 0, 0, 0, 21439,0,0,0,0, 22046, 0, 43.9786,90734.5, 1.20274, 1.98261, 0, 0, 0, 0, 0.920063, 15.1296, 4.92946, 0, 0, 0, 0, 0, 0, 0, 1995191, 0, 0, 0
50000,true,false,true,0,true,false,WOUND_WAIT,false,2.8,LH_MCSLOCK,0,1000,15,1000000,true,true,false,true,false,0.5,16,false,100000000,false,2,false,YCSB,false,0.9, 33396, 0, 0, 0, 20769,0,0,0,0, 21014, 0, 41.9997,95183.8, 0.485169, 1.1198, 0, 0, 0, 0, 0.987156, 20.7503, 2.67268, 0, 0, 0, 0, 0, 343346410, 0.388221, 1998845, 0, 0, 72655
50000,true,false,true,0,true,false,WAIT_DIE,false,2.8,LH_MCSLOCK,0,1000,15,1000000,true,true,false,true,false,0.5,16,false,100000000,false,2,false,YCSB,false,0.9, 65196, 0, 0, 0, 21655,0,0,0,0, 21913, 0, 43.7551,91286.4, 0.506462, 0.846988, 0, 0, 0, 0, 0.968344, 20.254, 5.38904, 0, 0, 0, 0, 0, 223130154, 0.308905, 1997122, 0, 0, 36285
50000,true,false,true,0,true,false,NO_WAIT,false,2.8,LH_MCSLOCK,0,1000,15,1000000,true,true,false,true,false,0.5,16,false,100000000,false,2,false,YCSB,false,0.9, 98159, 0, 0, 0, 22322,0,0,0,0, 23192, 0, 46.3586,86256.2, 1.72701, 0.874102, 0, 0, 0, 0, 0.939303, 20.3334, 7.71291, 0, 0, 0, 0, 0, 0, 0, 1999358, 0, 0, 0
50000,true,false,true,0,true,false,BAMBOO,false,2.8,LH_MCSLOCK,0,1000,15,1000000,true,true,false,true,false,0.5,16,false,100000000,false,4,false,YCSB,false,0.9, 25756, 0, 0, 0, 17845,0,0,0,0, 17934, 0, 71.331,223044, 0.350859, 3.06639, 0.657134, 0, 0, 0, 1.64061, 35.6943, 2.12095, 0, 0, 0, 0, 0, 0, 0.0122472, 3977492, 0, 0, 10598
50000,true,false,true,0,true,false,SILO,false,2.8,LH_MCSLOCK,0,1000,15,1000000,true,true,false,true,false,0.5,16,false,100000000,false,4,false,YCSB,false,0.9, 300948, 0, 0, 0, 20947,0,0,0,0, 22261, 0, 88.506,179754, 5.19296, 4.66706, 0, 0, 0, 0, 1.78478, 20.8496, 23.6973, 0, 0, 0, 0, 0, 0, 0, 3977316, 0, 0, 0
50000,true,false,true,0,true,false,WOUND_WAIT,false,2.8,LH_MCSLOCK,0,1000,15,1000000,true,true,false,true,false,0.5,16,false,100000000,false,4,false,YCSB,false,0.9, 163548, 0, 0, 0, 18576,0,0,0,0, 19280, 0, 76.5304,207526, 2.77375, 2.54436, 0, 0, 0, 0, 1.68667, 30.1903, 12.9229, 0, 0, 0, 0, 0, 613727638, 1.97517, 3970515, 0, 0, 404616
50000,true,false,true,0,true,false,WAIT_DIE,false,2.8,LH_MCSLOCK,0,1000,15,1000000,true,true,false,true,false,0.5,16,false,100000000,false,4,false,YCSB,false,0.9, 327602, 0, 0, 0, 21883,0,0,0,0, 22577, 0, 90.0484,177253, 2.72646, 2.05241, 0, 0, 0, 0, 1.75645, 30.1432, 26.3941, 0, 0, 0, 0, 0, 549703930, 1.28816, 3990346, 0, 0, 188862
50000,true,false,true,0,true,false,NO_WAIT,false,2.8,LH_MCSLOCK,0,1000,15,1000000,true,true,false,true,false,0.5,16,false,100000000,false,4,false,YCSB,false,0.9, 507325, 0, 0, 0, 25426,0,0,0,0, 28776, 0, 114.335,139089, 13.247, 2.20147, 0, 0, 0, 0, 2.04664, 34.648, 39.9465, 0, 0, 0, 0, 0, 0, 0, 3975689, 0, 0, 0
50000,true,false,true,0,true,false,BAMBOO,false,2.8,LH_MCSLOCK,0,1000,15,1000000,true,true,false,true,false,0.5,16,false,100000000,false,8,false,YCSB,false,0.9, 196531, 0, 0, 0, 20060,0,0,0,0, 20453, 0, 162.554,391232, 3.08229, 9.09896, 2.68453, 0, 0, 0, 3.49243, 76.8012, 15.6791, 0, 0, 0, 0, 0, 0, 0.0817649, 7949511, 0, 0, 72912
50000,true,false,true,0,true,false,SILO,false,2.8,LH_MCSLOCK,0,1000,15,1000000,true,true,false,true,false,0.5,16,false,100000000,false,8,false,YCSB,false,0.9, 1147742, 0, 0, 0, 26887,0,0,0,0, 29911, 0, 237.142,267622, 23.8389, 11.465, 0, 0, 0, 0, 3.95834, 45.6505, 90.3832, 0, 0, 0, 0, 0, 0, 0, 7933071, 0, 0, 0
50000,true,false,true,0,true,false,WOUND_WAIT,false,2.8,LH_MCSLOCK,0,1000,15,1000000,true,true,false,true,false,0.5,16,false,100000000,false,8,false,YCSB,false,0.9, 593566, 0, 0, 0, 22100,0,0,0,0, 23720, 0, 189.073,337403, 12.8419, 6.22637, 0, 0, 0, 0, 3.4162, 62.8354, 46.7423, 0, 0, 0, 0, 0, 1287278738, 13.311, 7974224, 0, 0, 1838931
50000,true,false,true,0,true,false,WAIT_DIE,false,2.8,LH_MCSLOCK,0,1000,15,1000000,true,true,false,true,false,0.5,16,false,100000000,false,8,false,YCSB,false,0.9, 1389952, 0, 0, 0, 30870,0,0,0,0, 33472, 0, 265.565,239165, 20.4774, 5.75626, 0, 0, 0, 0, 3.80265, 69.3429, 110.876, 0, 0, 0, 0, 0, 1238356810, 6.93324, 7939222, 0, 0, 814686
50000,true,false,true,0,true,false,NO_WAIT,false,2.8,LH_MCSLOCK,0,1000,15,1000000,true,true,false,true,false,0.5,16,false,100000000,false,8,false,YCSB,false,0.9, 2096012, 0, 0, 0, 30976,0,0,0,0, 40783, 0, 324.086,196331, 77.7169, 6.27293, 0, 0, 0, 0, 4.63121, 71.7419, 165.82, 0, 0, 0, 0, 0, 0, 0, 7953512, 0, 0, 0
50000,true,false,true,0,true,false,BAMBOO,false,2.8,LH_MCSLOCK,0,1000,15,1000000,true,true,false,true,false,0.5,16,false,100000000,false,16,false,YCSB,false,0.9, 1043566, 0, 0, 0, 23481,0,0,0,0, 24793, 0, 394.459,645652, 20.6939, 28.2826, 10.1892, 0, 0, 0, 6.58965, 163.447, 82.3389, 0, 0, 0, 0, 0, 0, 0.635532, 15917707, 0, 0, 506237
50000,true,false,true,0,true,false,SILO,false,2.8,LH_MCSLOCK,0,1000,15,1000000,true,true,false,true,false,0.5,16,false,100000000,false,16,false,YCSB,false,0.9, 3820539, 0, 0, 0, 32980,0,0,0,0, 38983, 0, 614.158,410766, 94.1486, 26.7221, 0, 0, 0, 0, 8.4278, 92.7335, 301.786, 0, 0, 0, 0, 0, 0, 0, 15767176, 0, 0, 0
50000,true,false,true,0,true,false,WOUND_WAIT,false,2.8,LH_MCSLOCK,0,1000,15,1000000,true,true,false,true,false,0.5,16,false,100000000,false,16,false,YCSB,false,0.9, 1679238, 0, 0, 0, 29587,0,0,0,0, 32478, 0, 517.227,492844, 45.8407, 15.3011, 0, 0, 0, 0, 6.89213, 128.239, 131.598, 0, 0, 0, 0, 0, 2345664072, 117.448, 15932012, 0, 0, 7510420
50000,true,false,true,0,true,false,WAIT_DIE,false,2.8,LH_MCSLOCK,0,1000,15,1000000,true,true,false,true,false,0.5,16,false,100000000,false,16,false,YCSB,false,0.9, 5471781, 0, 0, 0, 41335,0,0,0,0, 50535, 0, 800.96,316909, 145.202, 16.5007, 0, 0, 0, 0, 8.64217, 146.49, 436.542, 0, 0, 0, 0, 0, 2761753272, 34.7409, 15864458, 0, 0, 3026280
50000,true,false,true,0,true,false,NO_WAIT,false,2.8,LH_MCSLOCK,0,1000,15,1000000,true,true,false,true,false,0.5,16,false,100000000,false,16,false,YCSB,false,0.9, 8233211, 0, 0, 0, 38333,0,0,0,0, 64212, 0, 1016.48,249516, 408.829, 17.9313, 0, 0, 0, 0, 10.4027, 153.636, 656.359, 0, 0, 0, 0, 0, 0, 0, 15851682, 0, 0, 0
50000,true,false,true,0,true,false,BAMBOO,false,2.8,LH_MCSLOCK,0,1000,15,1000000,true,true,false,true,false,0.5,16,false,100000000,false,32,false,YCSB,false,0.9, 4783991, 0, 0, 0, 30974,0,0,0,0, 35480, 0, 1124.31,902675, 141.935, 107.712, 48.2894, 0, 0, 0, 15.1984, 390.849, 375.579, 0, 0, 0, 0, 0, 0, 10.0747, 31715210, 0, 0, 3820681
50000,true,false,true,0,true,false,SILO,false,2.8,LH_MCSLOCK,0,1000,15,1000000,true,true,false,true,false,0.5,16,false,100000000,false,32,false,YCSB,false,0.9, 12171992, 0, 0, 0, 40835,0,0,0,0, 52962, 0, 1670,604858, 380.999, 66.0613, 0, 0, 0, 0, 18.9849, 187.606, 969.459, 0, 0, 0, 0, 0, 0, 0, 31565974, 0, 0, 0
50000,true,false,true,0,true,false,WOUND_WAIT,false,2.8,LH_MCSLOCK,0,1000,15,1000000,true,true,false,true,false,0.5,16,false,100000000,false,32,false,YCSB,false,0.9, 4901073, 0, 0, 0, 53506,0,0,0,0, 61620, 0, 1962.86,519474, 257.923, 39.3148, 0, 0, 0, 0, 13.6807, 272.729, 382.929, 0, 0, 0, 0, 0, 4946265688, 913.983, 31864197, 0, 0, 25463273
50000,true,false,true,0,true,false,WAIT_DIE,false,2.8,LH_MCSLOCK,0,1000,15,1000000,true,true,false,true,false,0.5,16,false,100000000,false,32,false,YCSB,false,0.9, 22625052, 0, 0, 0, 56510,0,0,0,0, 88930, 0, 2810.19,360309, 1022.09, 47.8666, 0, 0, 0, 0, 20.553, 310.722, 1804.37, 0, 0, 0, 0, 0, 6207510238, 228.116, 31641834, 0, 0, 10116439
50000,true,false,true,0,true,false,NO_WAIT,false,2.8,LH_MCSLOCK,0,1000,15,1000000,true,true,false,true,false,0.5,16,false,100000000,false,32,false,YCSB,false,0.9, 32525935, 0, 0, 0, 46371,0,0,0,0, 111010, 0, 3481.04,288857, 2023.94, 54.5768, 0, 0, 0, 0, 26.1564, 336.968, 2614, 0, 0, 0, 0, 0, 0, 0, 31422572, 0, 0, 0
50000,true,false,true,0,true,false,BAMBOO,false,2.8,LH_MCSLOCK,0,1000,15,1000000,true,true,false,true,false,0.5,16,false,100000000,false,64,false,YCSB,false,0.9, 23797193, 0, 0, 0, 62315,0,0,0,0, 84861, 0, 5376.99,754944, 1424.5, 1110.64, 819.203, 0, 0, 0, 42.087, 1705.57, 1871.36, 0, 0, 0, 0, 0, 0, 485.145, 63427013, 0, 0, 26560770
50000,true,false,true,0,true,false,SILO,false,2.8,LH_MCSLOCK,0,1000,15,1000000,true,true,false,true,false,0.5,16,false,100000000,false,64,false,YCSB,false,0.9, 35622472, 0, 0, 0, 48542,0,0,0,0, 72754, 0, 4337.94,880888, 1439.6, 152.076, 0, 0, 0, 0, 39.6199, 364.088, 2860.41, 0, 0, 0, 0, 0, 0, 0, 59706835, 0, 0, 0
50000,true,false,true,0,true,false,WOUND_WAIT,false,2.8,LH_MCSLOCK,0,1000,15,1000000,true,true,false,true,false,0.5,16,false,100000000,false,64,false,YCSB,false,0.9, 16140587, 0, 0, 0, 106209,0,0,0,0, 132567, 0, 8438.65,482900, 1676.06, 104.279, 0, 0, 0, 0, 32.6725, 595.041, 1261.21, 0, 0, 0, 0, 0, 10851756088, 4904.06, 63672185, 0, 0, 74711200
50000,true,false,true,0,true,false,WAIT_DIE,false,2.8,LH_MCSLOCK,0,1000,15,1000000,true,true,false,true,false,0.5,16,false,100000000,false,64,false,YCSB,false,0.9, 112883823, 0, 0, 0, 83024,0,0,0,0, 203620, 0, 12906.1,314891, 7634.03, 159.28, 0, 0, 0, 0, 55.3202, 682.265, 9047.26, 0, 0, 0, 0, 0, 13717059032, 1517.62, 63499982, 0, 0, 32081596
50000,true,false,true,0,true,false,NO_WAIT,false,2.8,LH_MCSLOCK,0,1000,15,1000000,true,true,false,true,false,0.5,16,false,100000000,false,64,false,YCSB,false,0.9, 131617983, 0, 0, 0, 53005,0,0,0,0, 204519, 0, 12907.9,313783, 9553.4, 178.04, 0, 0, 0, 0, 63.7013, 729.494, 10717.6, 0, 0, 0, 0, 0, 0, 0, 63285447, 0, 0, 0
50000,true,false,true,0,true,false,BAMBOO,false,2.8,LH_MCSLOCK,0,1000,15,1000000,true,true,false,true,false,0.5,16,false,100000000,false,96,false,YCSB,false,0.9, 70879344, 0, 0, 0, 100394,0,0,0,0, 165258, 0, 15720.4,581574, 6159.29, 4205.15, 3526.86, 0, 0, 0, 91.8926, 4520.45, 5598.71, 0, 0, 0, 0, 0, 0, 1711.86, 95235233, 0, 0, 66598334
50000,true,false,true,0,true,false,SILO,false,2.8,LH_MCSLOCK,0,1000,15,1000000,true,true,false,true,false,0.5,16,false,100000000,false,96,false,YCSB,false,0.9, 73635158, 0, 0, 0, 54171,0,0,0,0, 95554, 0, 8622.84,1.00631e+06, 3726.39, 287.011, 0, 0, 0, 0, 74.3617, 616.839, 6010.06, 0, 0, 0, 0, 0, 0, 0, 90388168, 0, 0, 0
50000,true,false,true,0,true,false,WOUND_WAIT,false,2.8,LH_MCSLOCK,0,1000,15,1000000,true,true,false,true,false,0.5,16,false,100000000,false,96,false,YCSB,false,0.9, 32540319, 0, 0, 0, 171794,0,0,0,0, 225734, 0, 21574.1,425383, 5151.2, 201.892, 0, 0, 0, 0, 68.5056, 1010.25, 2563.55, 0, 0, 0, 0, 0, 18637435892, 13196.6, 95596319, 0, 0, 137407725
50000,true,false,true,0,true,false,WAIT_DIE,false,2.8,LH_MCSLOCK,0,1000,15,1000000,true,true,false,true,false,0.5,16,false,100000000,false,96,false,YCSB,false,0.9, 310451874, 0, 0, 0, 105963,0,0,0,0, 364286, 0, 34765.9,264100, 24631.3, 339.473, 0, 0, 0, 0, 106.149, 1100.38, 25024, 0, 0, 0, 0, 0, 22318425610, 4026.36, 95642156, 0, 0, 63998398
50000,true,false,true,0,true,false,NO_WAIT,false,2.8,LH_MCSLOCK,0,1000,15,1000000,true,true,false,true,false,0.5,16,false,100000000,false,96,false,YCSB,false,0.9, 312294340, 0, 0, 0, 58359,0,0,0,0, 320971, 0, 30266.3,300046, 24745.7, 405.082, 0, 0, 0, 0, 121.25, 1190.11, 26022.3, 0, 0, 0, 0, 0, 0, 0, 94596697, 0, 0, 0
50000,true,false,true,0,true,false,BAMBOO,false,2.8,LH_MCSLOCK,0,1000,15,1000000,true,true,false,true,false,0.5,16,false,100000000,false,1,false,YCSB,false,0.9, 0, 0, 0, 0, 18482,0,0,0,0, 18482, 0, 18.4827,54104.8, 0, 0.323194, 0.0114972, 0, 0, 0, 0.526094, 7.55434, 0.0208566, 0, 0, 0, 0, 0, 0, 0, 1000000, 0, 0, 0
50000,true,false,true,0,true,false,SILO,false,2.8,LH_MCSLOCK,0,1000,15,1000000,true,true,false,true,false,0.5,16,false,100000000,false,1,false,YCSB,false,0.9, 0, 0, 0, 0, 21424,0,0,0,0, 21424, 0, 21.4249,46674.6, 0, 0.697142, 0, 0, 0, 0, 0.499291, 9.12198, 0.0213963, 0, 0, 0, 0, 0, 0, 0, 1000000, 0, 0, 0
50000,true,false,true,0,true,false,WOUND_WAIT,false,2.8,LH_MCSLOCK,0,1000,15,1000000,true,true,false,true,false,0.5,16,false,100000000,false,1,false,YCSB,false,0.9, 0, 0, 0, 0, 17859,0,0,0,0, 17859, 0, 17.8597,55991.8, 0, 0.27601, 0, 0, 0, 0, 0.553769, 6.12073, 0.0209061, 0, 0, 0, 0, 0, 25303352, 0, 1000000, 0, 0, 0
50000,true,false,true,0,true,false,WAIT_DIE,false,2.8,LH_MCSLOCK,0,1000,15,1000000,true,true,false,true,false,0.5,16,false,100000000,false,1,false,YCSB,false,0.9, 0, 0, 0, 0, 17563,0,0,0,0, 17563, 0, 17.5638,56935.2, 0, 0.147762, 0, 0, 0, 0, 0.529023, 5.88546, 0.0549345, 0, 0, 0, 0, 0, 26114744, 0, 1000000, 0, 0, 0
50000,true,false,true,0,true,false,NO_WAIT,false,2.8,LH_MCSLOCK,0,1000,15,1000000,true,true,false,true,false,0.5,16,false,100000000,false,1,false,YCSB,false,0.9, 0, 0, 0, 0, 17375,0,0,0,0, 17375, 0, 17.3758,57551.4, 0, 0.132292, 0, 0, 0, 0, 0.48245, 5.32379, 0.0202232, 0, 0, 0, 0, 0, 0, 0, 1000000, 0, 0, 0
50000,true,false,true,0,true,false,BAMBOO,false,2.8,LH_MCSLOCK,0,1000,15,1000000,true,true,false,true,false,0.5,16,false,100000000,false,2,false,YCSB,false,0.9, 1325, 0, 0, 0, 21704,0,0,0,0, 21716, 0, 43.2554,92098.2, 0.0231763, 1.20145, 0.163518, 0, 0, 0, 0.904244, 23.6854, 0.14635, 0, 0, 0, 0, 0, 0, 0.00162573, 1991875, 0, 0, 1177
50000,true,false,true,0,true,false,SILO,false,2.8,LH_MCSLOCK,0,1000,15,1000000,true,true,false,true,false,0.5,16,false,100000000,false,2,false,YCSB,false,0.9, 63014, 0, 0, 0, 21935,0,0,0,0, 22566, 0, 44.9002,88643.1, 1.24832, 2.03131, 0, 0, 0, 0, 0.987033, 15.4077, 4.98783, 0, 0, 0, 0, 0, 0, 0, 1990046, 0, 0, 0
50000,true,false,true,0,true,false,WOUND_WAIT,false,2.8,LH_MCSLOCK,0,1000,15,1000000,true,true,false,true,false,0.5,16,false,100000000,false,2,false,YCSB,false,0.9, 32987, 0, 0, 0, 21020,0,0,0,0, 21268, 0, 42.174,94043.8, 0.488145, 1.15453, 0, 0, 0, 0, 1.01356, 20.8729, 2.64189, 0, 0, 0, 0, 0, 347368070, 0.393996, 1983100, 0, 0, 72185
50000,true,false,true,0,true,false,WAIT_DIE,false,2.8,LH_MCSLOCK,0,1000,15,1000000,true,true,false,true,false,0.5,16,false,100000000,false,2,false,YCSB,false,0.9, 65754, 0, 0, 0, 22223,0,0,0,0, 22491, 0, 44.9102,88937.6, 0.528469, 0.949861, 0, 0, 0, 0, 0.9846, 20.8594, 5.55274, 0, 0, 0, 0, 0, 321829292, 0.320118, 1997102, 0, 0, 36199
50000,true,false,true,0,true,false,NO_WAIT,false,2.8,LH_MCSLOCK,0,1000,15,1000000,true,true,false,true,false,0.5,16,false,100000000,false,2,false,YCSB,false,0.9, 97617, 0, 0, 0, 22173,0,0,0,0, 23024, 0, 45.9648,86886.8, 1.68809, 0.851967, 0, 0, 0, 0, 0.906186, 20.0721, 7.64421, 0, 0, 0, 0, 0, 0, 0, 1996865, 0, 0, 0
50000,true,false,true,0,true,false,BAMBOO,false,2.8,LH_MCSLOCK,0,1000,15,1000000,true,true,false,true,false,0.5,16,false,100000000,false,4,false,YCSB,false,0.9, 25579, 0, 0, 0, 17785,0,0,0,0, 17874, 0, 71.0448,223798, 0.348567, 3.04716, 0.651443, 0, 0, 0, 1.69657, 35.6375, 2.10233, 0, 0, 0, 0, 0, 0, 0.0117228, 3974922, 0, 0, 10327
50000,true,false,true,0,true,false,SILO,false,2.8,LH_MCSLOCK,0,1000,15,1000000,true,true,false,true,false,0.5,16,false,100000000,false,4,false,YCSB,false,0.9, 299283, 0, 0, 0, 20452,0,0,0,0, 21730, 0, 86.5457,184157, 5.05352, 4.78956, 0, 0, 0, 0, 1.76344, 20.4708, 23.5663, 0, 0, 0, 0, 0, 0, 0, 3984500, 0, 0, 0
50000,true,false,true,0,true,false,WOUND_WAIT,false,2.8,LH_MCSLOCK,0,1000,15,1000000,true,true,false,true,false,0.5,16,false,100000000,false,4,false,YCSB,false,0.9, 163372, 0, 0, 0, 18311,0,0,0,0, 19008, 0, 75.7365,210487, 2.75691, 2.53721, 0, 0, 0, 0, 1.70712, 29.8863, 12.8904, 0, 0, 0, 0, 0, 597689640, 1.95203, 3985384, 0, 0, 405502
50000,true,false,true,0,true,false,WAIT_DIE,false,2.8,LH_MCSLOCK,0,1000,15,1000000,true,true,false,true,false,0.5,16,false,100000000,false,4,false,YCSB,false,0.9, 325811, 0, 0, 0, 21488,0,0,0,0, 22164, 0, 88.4371,180553, 2.65756, 2.04328, 0, 0, 0, 0, 1.70907, 29.5259, 26.2513, 0, 0, 0, 0, 0, 573474402, 1.24673, 3991898, 0, 0, 187493
50000,true,false,true,0,true,false,NO_WAIT,false,2.8,LH_MCSLOCK,0,1000,15,1000000,true,true,false,true,false,0.5,16,false,100000000,false,4,false,YCSB,false,0.9, 505076, 0, 0, 0, 24854,0,0,0,0, 28161, 0, 112.117,142142, 13.0948, 2.30062, 0, 0, 0, 0, 2.04238, 33.9361, 39.7623, 0, 0, 0, 0, 0, 0, 0, 3984141, 0, 0, 0
50000,true,false,true,0,true,false,BAMBOO,false,2.8,LH_MCSLOCK,0,1000,15,1000000,true,true,false,true,false,0.5,16,false,100000000,false,8,false,YCSB,false,0.9, 196535, 0, 0, 0, 19898,0,0,0,0, 20288, 0, 161.083,394409, 3.0553, 9.07138, 2.66129, 0, 0, 0, 3.4416, 75.9658, 15.6771, 0, 0, 0, 0, 0, 0, 0.0814747, 7941570, 0, 0, 73002
50000,true,false,true,0,true,false,SILO,false,2.8,LH_MCSLOCK,0,1000,15,1000000,true,true,false,true,false,0.5,16,false,100000000,false,8,false,YCSB,false,0.9, 1138877, 0, 0, 0, 26927,0,0,0,0, 29959, 0, 235.184,267183, 23.675, 11.3116, 0, 0, 0, 0, 3.91229, 45.2035, 89.6106, 0, 0, 0, 0, 0, 0, 0, 7854645, 0, 0, 0
50000,true,false,true,0,true,false,WOUND_WAIT,false,2.8,LH_MCSLOCK,0,1000,15,1000000,true,true,false,true,false,0.5,16,false,100000000,false,8,false,YCSB,false,0.9, 592940, 0, 0, 0, 21990,0,0,0,0, 23606, 0, 188.075,339041, 12.7949, 6.16905, 0, 0, 0, 0, 3.48629, 62.5177, 46.6597, 0, 0, 0, 0, 0, 1246591280, 13.2394, 7970618, 0, 0, 1838795
50000,true,false,true,0,true,false,WAIT_DIE,false,2.8,LH_MCSLOCK,0,1000,15,1000000,true,true,false,true,false,0.5,16,false,100000000,false,8,false,YCSB,false,0.9, 1392621, 0, 0, 0, 30796,0,0,0,0, 33382, 0, 265.83,239799, 20.4404, 5.70884, 0, 0, 0, 0, 3.82688, 69.4031, 110.967, 0, 0, 0, 0, 0, 1151212612, 6.94166, 7968219, 0, 0, 817169
50000,true,false,true,0,true,false,NO_WAIT,false,2.8,LH_MCSLOCK,0,1000,15,1000000,true,true,false,true,false,0.5,16,false,100000000,false,8,false,YCSB,false,0.9, 2096870, 0, 0, 0, 30946,0,0,0,0, 40764, 0, 323.679,196418, 77.7484, 6.24003, 0, 0, 0, 0, 4.49274, 71.64, 165.803, 0, 0, 0, 0, 0, 0, 0, 7947051, 0, 0, 0
50000,true,false,true,0,true,false,BAMBOO,false,2.8,LH_MCSLOCK,0,1000,15,1000000,true,true,false,true,false,0.5,16,false,100000000,false,16,false,YCSB,false,0.9, 1037740, 0, 0, 0, 23426,0,0,0,0, 24734, 0, 391.89,647200, 20.5326, 28.0658, 10.1203, 0, 0, 0, 6.65559, 162.308, 81.8384, 0, 0, 0, 0, 0, 0, 0.648246, 15851967, 0, 0, 502682
50000,true,false,true,0,true,false,SILO,false,2.8,LH_MCSLOCK,0,1000,15,1000000,true,true,false,true,false,0.5,16,false,100000000,false,16,false,YCSB,false,0.9, 3834241, 0, 0, 0, 33147,0,0,0,0, 39186, 0, 618.397,408618, 94.9053, 26.861, 0, 0, 0, 0, 8.57654, 91.3342, 302.953, 0, 0, 0, 0, 0, 0, 0, 15792993, 0, 0, 0
50000,true,false,true,0,true,false,WOUND_WAIT,false,2.8,LH_MCSLOCK,0,1000,15,1000000,true,true,false,true,false,0.5,16,false,100000000,false,16,false,YCSB,false,0.9, 1680298, 0, 0, 0, 29717,0,0,0,0, 32616, 0, 520.005,490748, 46.0221, 15.4437, 0, 0, 0, 0, 6.91644, 128.939, 131.763, 0, 0, 0, 0, 0, 2361204396, 118.715, 15949460, 0, 0, 7535461
50000,true,false,true,0,true,false,WAIT_DIE,false,2.8,LH_MCSLOCK,0,1000,15,1000000,true,true,false,true,false,0.5,16,false,100000000,false,16,false,YCSB,false,0.9, 5502873, 0, 0, 0, 41538,0,0,0,0, 50842, 0, 807.629,315006, 147.143, 16.6819, 0, 0, 0, 0, 9.42683, 147.677, 439.384, 0, 0, 0, 0, 0, 2872932766, 35.179, 15900518, 0, 0, 3037160
50000,true,false,true,0,true,false,NO_WAIT,false,2.8,LH_MCSLOCK,0,1000,15,1000000,true,true,false,true,false,0.5,16,false,100000000,false,16,false,YCSB,false,0.9, 8351836, 0, 0, 0, 38820,0,0,0,0, 65189, 0, 1034.52,245808, 417.528, 18.4837, 0, 0, 0, 0, 10.6809, 157.196, 665.171, 0, 0, 0, 0, 0, 0, 0, 15893289, 0, 0, 0
50000,true,false,true,0,true,false,BAMBOO,false,2.8,LH_MCSLOCK,0,1000,15,1000000,true,true,false,true,false,0.5,16,false,100000000,false,32,false,YCSB,false,0.9, 4807195, 0, 0, 0, 31321,0,0,0,0, 35895, 0, 1137.4,892220, 144.116, 110.638, 49.9686, 0, 0, 0, 14.429, 396.858, 377.274, 0, 0, 0, 0, 0, 0, 10.8154, 31712755, 0, 0, 3950183
50000,true,false,true,0,true,false,SILO,false,2.8,LH_MCSLOCK,0,1000,15,1000000,true,true,false,true,false,0.5,16,false,100000000,false,32,false,YCSB,false,0.9, 12035611, 0, 0, 0, 40637,0,0,0,0, 52579, 0, 1645.96,609222, 372.523, 64.7125, 0, 0, 0, 0, 18.3053, 183.844, 955.817, 0, 0, 0, 0, 0, 0, 0, 31336060, 0, 0, 0
50000,true,false,true,0,true,false,WOUND_WAIT,false,2.8,LH_MCSLOCK,0,1000,15,1000000,true,true,false,true,false,0.5,16,false,100000000,false,32,false,YCSB,false,0.9, 4909145, 0, 0, 0, 53718,0,0,0,0, 61874, 0, 1971.87,517356, 259.313, 39.1956, 0, 0, 0, 0, 13.6104, 273.323, 383.524, 0, 0, 0, 0, 0, 5137233988, 918.858, 31880051, 0, 0, 25491316
50000,true,false,true,0,true,false,WAIT_DIE,false,2.8,LH_MCSLOCK,0,1000,15,1000000,true,true,false,true,false,0.5,16,false,100000000,false,32,false,YCSB,false,0.9, 23077262, 0, 0, 0, 57532,0,0,0,0, 90962, 0, 2888.14,352279, 1058.91, 50.0551, 0, 0, 0, 0, 21.3083, 320.639, 1846.17, 0, 0, 0, 0, 0, 6452970162, 238.34, 31794762, 0, 0, 10245940
50000,true,false,true,0,true,false,NO_WAIT,false,2.8,LH_MCSLOCK,0,1000,15,1000000,true,true,false,true,false,0.5,16,false,100000000,false,32,false,YCSB,false,0.9, 31928928, 0, 0, 0, 45758,0,0,0,0, 108976, 0, 3401.51,294255, 1970.25, 52.9399, 0, 0, 0, 0, 24.2216, 328.884, 2559.06, 0, 0, 0, 0, 0, 0, 0, 31278400, 0, 0, 0
50000,true,false,true,0,true,false,BAMBOO,false,2.8,LH_MCSLOCK,0,1000,15,1000000,true,true,false,true,false,0.5,16,false,100000000,false,64,false,YCSB,false,0.9, 23921084, 0, 0, 0, 63091,0,0,0,0, 86037, 0, 5440.13,744576, 1447.04, 1138.83, 843.051, 0, 0, 0, 42.4289, 1731.52, 1881.39, 0, 0, 0, 0, 0, 0, 498.124, 63290504, 0, 0, 26808656
50000,true,false,true,0,true,false,SILO,false,2.8,LH_MCSLOCK,0,1000,15,1000000,true,true,false,true,false,0.5,16,false,100000000,false,64,false,YCSB,false,0.9, 36485168, 0, 0, 0, 48892,0,0,0,0, 73620, 0, 4460.18,870505, 1494.07, 157.628, 0, 0, 0, 0, 41.6688, 376.848, 2931.77, 0, 0, 0, 0, 0, 0, 0, 60665815, 0, 0, 0
50000,true,false,true,0,true,false,WOUND_WAIT,false,2.8,LH_MCSLOCK,0,1000,15,1000000,true,true,false,true,false,0.5,16,false,100000000,false,64,false,YCSB,false,0.9, 16139923, 0, 0, 0, 106467,0,0,0,0, 132885, 0, 8460.97,481751, 1680.16, 105.087, 0, 0, 0, 0, 32.0788, 596.898, 1261, 0, 0, 0, 0, 0, 11236605166, 4921.32, 63688794, 0, 0, 74754221
50000,true,false,true,0,true,false,WAIT_DIE,false,2.8,LH_MCSLOCK,0,1000,15,1000000,true,true,false,true,false,0.5,16,false,100000000,false,64,false,YCSB,false,0.9, 113931221, 0, 0, 0, 83856,0,0,0,0, 206515, 0, 13073.4,310541, 7753.97, 162.565, 0, 0, 0, 0, 56.6394, 690.334, 9142.26, 0, 0, 0, 0, 0, 13715973460, 1545.74, 63434718, 0, 0, 32147728
50000,true,false,true,0,true,false,NO_WAIT,false,2.8,LH_MCSLOCK,0,1000,15,1000000,true,true,false,true,false,0.5,16,false,100000000,false,64,false,YCSB,false,0.9, 129662121, 0, 0, 0, 53121,0,0,0,0, 205057, 0, 12711.1,313002, 9408.81, 174.088, 0, 0, 0, 0, 64.0609, 717.319, 10543, 0, 0, 0, 0, 0, 0, 0, 62165709, 0, 0, 0
50000,true,false,true,0,true,false,BAMBOO,false,2.8,LH_MCSLOCK,0,1000,15,1000000,true,true,false,true,false,0.5,16,false,100000000,false,96,false,YCSB,false,0.9, 70977574, 0, 0, 0, 101975,0,0,0,0, 167524, 0, 15915.5,573697, 6216.45, 4330.61, 3641.61, 0, 0, 0, 91.7298, 4639.52, 5607.9, 0, 0, 0, 0, 0, 0, 1726.31, 95111348, 0, 0, 66941573
50000,true,false,true,0,true,false,SILO,false,2.8,LH_MCSLOCK,0,1000,15,1000000,true,true,false,true,false,0.5,16,false,100000000,false,96,false,YCSB,false,0.9, 76470368, 0, 0, 0, 54192,0,0,0,0, 95689, 0, 8956.23,1.00486e+06, 3875.78, 299.01, 0, 0, 0, 0, 77.3452, 641.002, 6240.9, 0, 0, 0, 0, 0, 0, 0, 93747675, 0, 0, 0
50000,true,false,true,0,true,false,WOUND_WAIT,false,2.8,LH_MCSLOCK,0,1000,15,1000000,true,true,false,true,false,0.5,16,false,100000000,false,96,false,YCSB,false,0.9, 32534759, 0, 0, 0, 172103,0,0,0,0, 226111, 0, 21614.7,424672, 5158.84, 202.384, 0, 0, 0, 0, 68.419, 1011.64, 2563.31, 0, 0, 0, 0, 0, 19536089694, 13228.1, 95616116, 0, 0, 137438626
50000,true,false,true,0,true,false,WAIT_DIE,false,2.8,LH_MCSLOCK,0,1000,15,1000000,true,true,false,true,false,0.5,16,false,100000000,false,96,false,YCSB,false,0.9, 309261368, 0, 0, 0, 106162,0,0,0,0, 364039, 0, 34764.4,264258, 24605.1, 340.486, 0, 0, 0, 0, 106.323, 1107.02, 25009.7, 0, 0, 0, 0, 0, 22450926150, 4033.36, 95695496, 0, 0, 63921914
50000,true,false,true,0,true,false,NO_WAIT,false,2.8,LH_MCSLOCK,0,1000,15,1000000,true,true,false,true,false,0.5,16,false,100000000,false,96,false,YCSB,false,0.9, 311681034, 0, 0, 0, 58435,0,0,0,0, 320754, 0, 30250.8,300247, 24722.1, 402.98, 0, 0, 0, 0, 120.899, 1189.1, 26016.6, 0, 0, 0, 0, 0, 0, 0, 94611419, 0, 0, 0
50000,true,false,true,0,true,false,BAMBOO,false,2.8,LH_MCSLOCK,0,1000,15,1000000,true,true,false,true,false,0.5,16,false,100000000,false,1,false,YCSB,false,0.9, 0, 0, 0, 0, 18488,0,0,0,0, 18488, 0, 18.488,54089.1, 0, 0.322545, 0.0114522, 0, 0, 0, 0.524845, 7.55434, 0.021052, 0, 0, 0, 0, 0, 0, 0, 1000000, 0, 0, 0
50000,true,false,true,0,true,false,SILO,false,2.8,LH_MCSLOCK,0,1000,15,1000000,true,true,false,true,false,0.5,16,false,100000000,false,1,false,YCSB,false,0.9, 0, 0, 0, 0, 21673,0,0,0,0, 21673, 0, 21.6733,46139.7, 0, 0.703477, 0, 0, 0, 0, 0.55483, 8.5582, 0.0214825, 0, 0, 0, 0, 0, 0, 0, 1000000, 0, 0, 0
50000,true,false,true,0,true,false,WOUND_WAIT,false,2.8,LH_MCSLOCK,0,1000,15,1000000,true,true,false,true,false,0.5,16,false,100000000,false,1,false,YCSB,false,0.9, 0, 0, 0, 0, 17584,0,0,0,0, 17584, 0, 17.5847,56867.5, 0, 0.273896, 0, 0, 0, 0, 0.506964, 6.02958, 0.0208782, 0, 0, 0, 0, 0, 25182580, 0, 1000000, 0, 0, 0
50000,true,false,true,0,true,false,WAIT_DIE,false,2.8,LH_MCSLOCK,0,1000,15,1000000,true,true,false,true,false,0.5,16,false,100000000,false,1,false,YCSB,false,0.9, 0, 0, 0, 0, 17747,0,0,0,0, 17747, 0, 17.7474,56346.3, 0, 0.146573, 0, 0, 0, 0, 0.553894, 5.94379, 0.0548704, 0, 0, 0, 0, 0, 26080648, 0, 1000000, 0, 0, 0
50000,true,false,true,0,true,false,NO_WAIT,false,2.8,LH_MCSLOCK,0,1000,15,1000000,true,true,false,true,false,0.5,16,false,100000000,false,1,false,YCSB,false,0.9, 0, 0, 0, 0, 17411,0,0,0,0, 17411, 0, 17.4114,57433.5, 0, 0.135542, 0, 0, 0, 0, 0.478004, 5.31711, 0.0203474, 0, 0, 0, 0, 0, 0, 0, 1000000, 0, 0, 0
50000,true,false,true,0,true,false,BAMBOO,false,2.8,LH_MCSLOCK,0,1000,15,1000000,true,true,false,true,false,0.5,16,false,100000000,false,2,false,YCSB,false,0.9, 1333, 0, 0, 0, 22504,0,0,0,0, 22516, 0, 44.5702,88823.8, 0.0234205, 1.25235, 0.165531, 0, 0, 0, 0.896031, 24.2864, 0.147538, 0, 0, 0, 0, 0, 0, 0.00150401, 1979449, 0, 0, 1185
50000,true,false,true,0,true,false,SILO,false,2.8,LH_MCSLOCK,0,1000,15,1000000,true,true,false,true,false,0.5,16,false,100000000,false,2,false,YCSB,false,0.9, 62731, 0, 0, 0, 21441,0,0,0,0, 22053, 0, 44.0539,90707.2, 1.21465, 2.0307, 0, 0, 0, 0, 0.914474, 15.0943, 4.96189, 0, 0, 0, 0, 0, 0, 0, 1998003, 0, 0, 0
50000,true,false,true,0,true,false,WOUND_WAIT,false,2.8,LH_MCSLOCK,0,1000,15,1000000,true,true,false,true,false,0.5,16,false,100000000,false,2,false,YCSB,false,0.9, 33408, 0, 0, 0, 21113,0,0,0,0, 21361, 0, 42.682,93636.5, 0.490388, 1.19062, 0, 0, 0, 0, 0.997807, 21.1453, 2.673, 0, 0, 0, 0, 0, 232917982, 0.399681, 1998298, 0, 0, 72573
50000,true,false,true,0,true,false,WAIT_DIE,false,2.8,LH_MCSLOCK,0,1000,15,1000000,true,true,false,true,false,0.5,16,false,100000000,false,2,false,YCSB,false,0.9, 65920, 0, 0, 0, 22050,0,0,0,0, 22315, 0, 44.5547,89641.9, 0.519752, 0.933335, 0, 0, 0, 0, 1.00121, 20.6505, 5.42986, 0, 0, 0, 0, 0, 198932064, 0.316346, 1996987, 0, 0, 36285
50000,true,false,true,0,true,false,NO_WAIT,false,2.8,LH_MCSLOCK,0,1000,15,1000000,true,true,false,true,false,0.5,16,false,100000000,false,2,false,YCSB,false,0.9, 98347, 0, 0, 0, 22555,0,0,0,0, 23429, 0, 46.7504,85384.9, 1.73239, 0.934621, 0, 0, 0, 0, 0.928926, 20.4753, 7.72856, 0, 0, 0, 0, 0, 0, 0, 1995890, 0, 0, 0
50000,true,false,true,0,true,false,BAMBOO,false,2.8,LH_MCSLOCK,0,1000,15,1000000,true,true,false,true,false,0.5,16,false,100000000,false,4,false,YCSB,false,0.9, 25448, 0, 0, 0, 17704,0,0,0,0, 17792, 0, 70.5721,224825, 0.345307, 3.05859, 0.653364, 0, 0, 0, 1.63835, 35.3706, 2.08613, 0, 0, 0, 0, 0, 0, 0.0123376, 3966596, 0, 0, 10738
50000,true,false,true,0,true,false,SILO,false,2.8,LH_MCSLOCK,0,1000,15,1000000,true,true,false,true,false,0.5,16,false,100000000,false,4,false,YCSB,false,0.9, 297386, 0, 0, 0, 20638,0,0,0,0, 21927, 0, 86.7669,182497, 5.06559, 4.77652, 0, 0, 0, 0, 1.75692, 20.5927, 23.4308, 0, 0, 0, 0, 0, 0, 0, 3958674, 0, 0, 0
50000,true,false,true,0,true,false,WOUND_WAIT,false,2.8,LH_MCSLOCK,0,1000,15,1000000,true,true,false,true,false,0.5,16,false,100000000,false,4,false,YCSB,false,0.9, 163619, 0, 0, 0, 18289,0,0,0,0, 18982, 0, 75.5712,210777, 2.74044, 2.48921, 0, 0, 0, 0, 1.69885, 29.7554, 12.9109, 0, 0, 0, 0, 0, 603081668, 1.94368, 3982171, 0, 0, 406046
50000,true,false,true,0,true,false,WAIT_DIE,false,2.8,LH_MCSLOCK,0,1000,15,1000000,true,true,false,true,false,0.5,16,false,100000000,false,4,false,YCSB,false,0.9, 325304, 0, 0, 0, 21645,0,0,0,0, 22329, 0, 88.858,179226, 2.67776, 2.06111, 0, 0, 0, 0, 1.71737, 29.7402, 26.2193, 0, 0, 0, 0, 0, 573494192, 1.26602, 3981425, 0, 0, 187855
50000,true,false,true,0,true,false,NO_WAIT,false,2.8,LH_MCSLOCK,0,1000,15,1000000,true,true,false,true,false,0.5,16,false,100000000,false,4,false,YCSB,false,0.9, 505509, 0, 0, 0, 25378,0,0,0,0, 28731, 0, 113.768,139304, 13.2164, 2.18592, 0, 0, 0, 0, 2.05059, 34.46, 39.7885, 0, 0, 0, 0, 0, 0, 0, 3962059, 0, 0, 0
50000,true,false,true,0,true,false,BAMBOO,false,2.8,LH_MCSLOCK,0,1000,15,1000000,true,true,false,true,false,0.5,16,false,100000000,false,8,false,YCSB,false,0.9, 195624, 0, 0, 0, 20169,0,0,0,0, 20563, 0, 163.328,389128, 3.09351, 9.15406, 2.70068, 0, 0, 0, 3.64158, 77.2538, 15.5904, 0, 0, 0, 0, 0, 0, 0.0836363, 7944453, 0, 0, 73653
50000,true,false,true,0,true,false,SILO,false,2.8,LH_MCSLOCK,0,1000,15,1000000,true,true,false,true,false,0.5,16,false,100000000,false,8,false,YCSB,false,0.9, 1153879, 0, 0, 0, 27037,0,0,0,0, 30084, 0, 239.448,266093, 24.11, 11.5995, 0, 0, 0, 0, 3.98682, 46.1825, 90.9115, 0, 0, 0, 0, 0, 0, 0, 7964442, 0, 0, 0
50000,true,false,true,0,true,false,WOUND_WAIT,false,2.8,LH_MCSLOCK,0,1000,15,1000000,true,true,false,true,false,0.5,16,false,100000000,false,8,false,YCSB,false,0.9, 592893, 0, 0, 0, 21975,0,0,0,0, 23587, 0, 188.226,339313, 12.7867, 6.18824, 0, 0, 0, 0, 3.47322, 62.5355, 46.6814, 0, 0, 0, 0, 0, 1298603488, 13.1616, 7983441, 0, 0, 1837443
50000,true,false,true,0,true,false,WAIT_DIE,false,2.8,LH_MCSLOCK,0,1000,15,1000000,true,true,false,true,false,0.5,16,false,100000000,false,8,false,YCSB,false,0.9, 1389085, 0, 0, 0, 30759,0,0,0,0, 33349, 0, 264.937,240056, 20.4017, 5.70691, 0, 0, 0, 0, 3.83321, 69.2984, 110.744, 0, 0, 0, 0, 0, 1165008420, 6.88658, 7949963, 0, 0, 813699
50000,true,false,true,0,true,false,NO_WAIT,false,2.8,LH_MCSLOCK,0,1000,15,1000000,true,true,false,true,false,0.5,16,false,100000000,false,8,false,YCSB,false,0.9, 2110318, 0, 0, 0, 31182,0,0,0,0, 41097, 0, 326.738,194824, 78.6134, 6.33991, 0, 0, 0, 0, 4.58911, 72.4896, 166.958, 0, 0, 0, 0, 0, 0, 0, 7957063, 0, 0, 0
50000,true,false,true,0,true,false,BAMBOO,false,2.8,LH_MCSLOCK,0,1000,15,1000000,true,true,false,true,false,0.5,16,false,100000000,false,16,false,YCSB,false,0.9, 1036277, 0, 0, 0, 23463,0,0,0,0, 24771, 0, 392.334,646215, 20.5364, 28.0027, 10.1389, 0, 0, 0, 6.5568, 162.505, 81.7401, 0, 0, 0, 0, 0, 0, 0.641475, 15845764, 0, 0, 502169
50000,true,false,true,0,true,false,SILO,false,2.8,LH_MCSLOCK,0,1000,15,1000000,true,true,false,true,false,0.5,16,false,100000000,false,16,false,YCSB,false,0.9, 3848287, 0, 0, 0, 33208,0,0,0,0, 39272, 0, 621.404,407736, 95.5302, 26.9075, 0, 0, 0, 0, 8.61159, 91.9546, 304.189, 0, 0, 0, 0, 0, 0, 0, 15835572, 0, 0, 0
50000,true,false,true,0,true,false,WOUND_WAIT,false,2.8,LH_MCSLOCK,0,1000,15,1000000,true,true,false,true,false,0.5,16,false,100000000,false,16,false,YCSB,false,0.9, 1680689, 0, 0, 0, 29742,0,0,0,0, 32649, 0, 519.992,490260, 46.0986, 15.4068, 0, 0, 0, 0, 6.92082, 128.964, 131.786, 0, 0, 0, 0, 0, 2329396836, 118.461, 15933196, 0, 0, 7521308
50000,true,false,true,0,true,false,WAIT_DIE,false,2.8,LH_MCSLOCK,0,1000,15,1000000,true,true,false,true,false,0.5,16,false,100000000,false,16,false,YCSB,false,0.9, 5497887, 0, 0, 0, 41482,0,0,0,0, 50742, 0, 806.744,315645, 146.533, 16.6143, 0, 0, 0, 0, 9.14722, 147.756, 438.987, 0, 0, 0, 0, 0, 2945252998, 35.0658, 15915284, 0, 0, 3036949
50000,true,false,true,0,true,false,NO_WAIT,false,2.8,LH_MCSLOCK,0,1000,15,1000000,true,true,false,true,false,0.5,16,false,100000000,false,16,false,YCSB,false,0.9, 8286778, 0, 0, 0, 38654,0,0,0,0, 64822, 0, 1025.6,247199, 413.097, 18.1565, 0, 0, 0, 0, 10.4784, 155.747, 660.187, 0, 0, 0, 0, 0, 0, 0, 15845511, 0, 0, 0
50000,true,false,true,0,true,false,BAMBOO,false,2.8,LH_MCSLOCK,0,1000,15,1000000,true,true,false,true,false,0.5,16,false,100000000,false,32,false,YCSB,false,0.9, 4820831, 0, 0, 0, 31398,0,0,0,0, 36006, 0, 1141.89,889499, 145.275, 110.489, 49.8411, 0, 0, 0, 14.5742, 398.162, 378.311, 0, 0, 0, 0, 0, 0, 10.6858, 31740861, 0, 0, 3901874
50000,true,false,true,0,true,false,SILO,false,2.8,LH_MCSLOCK,0,1000,15,1000000,true,true,false,true,false,0.5,16,false,100000000,false,32,false,YCSB,false,0.9, 12126348, 0, 0, 0, 40605,0,0,0,0, 52564, 0, 1658.39,609417, 375.949, 65.079, 0, 0, 0, 0, 18.7651, 185.448, 965.443, 0, 0, 0, 0, 0, 0, 0, 31582848, 0, 0, 0
50000,true,false,true,0,true,false,WOUND_WAIT,false,2.8,LH_MCSLOCK,0,1000,15,1000000,true,true,false,true,false,0.5,16,false,100000000,false,32,false,YCSB,false,0.9, 4911080, 0, 0, 0, 53684,0,0,0,0, 61832, 0, 1970.03,517696, 259.035, 39.0006, 0, 0, 0, 0, 13.5261, 272.968, 383.599, 0, 0, 0, 0, 0, 5206298118, 917.283, 31871143, 0, 0, 25478576
50000,true,false,true,0,true,false,WAIT_DIE,false,2.8,LH_MCSLOCK,0,1000,15,1000000,true,true,false,true,false,0.5,16,false,100000000,false,32,false,YCSB,false,0.9, 23187313, 0, 0, 0, 57781,0,0,0,0, 91447, 0, 2907.64,350452, 1067.67, 50.6996, 0, 0, 0, 0, 22.1209, 322.832, 1856.9, 0, 0, 0, 0, 0, 6487185134, 241.399, 31843391, 0, 0, 10282732
50000,true,false,true,0,true,false,NO_WAIT,false,2.8,LH_MCSLOCK,0,1000,15,1000000,true,true,false,true,false,0.5,16,false,100000000,false,32,false,YCSB,false,0.9, 32650018, 0, 0, 0, 46459,0,0,0,0, 111357, 0, 3495.51,287971, 2034.05, 55.0295, 0, 0, 0, 0, 25.2683, 338.515, 2624.15, 0, 0, 0, 0, 0, 0, 0, 31456409, 0, 0, 0
50000,true,false,true,0,true,false,BAMBOO,false,2.8,LH_MCSLOCK,0,1000,15,1000000,true,true,false,true,false,0.5,16,false,100000000,false,64,false,YCSB,false,0.9, 23909439, 0, 0, 0, 63070,0,0,0,0, 86078, 0, 5428.55,744251, 1447.01, 1136.55, 841.254, 0, 0, 0, 41.1661, 1725.99, 1879.19, 0, 0, 0, 0, 0, 0, 496.188, 63128228, 0, 0, 26786881
50000,true,false,true,0,true,false,SILO,false,2.8,LH_MCSLOCK,0,1000,15,1000000,true,true,false,true,false,0.5,16,false,100000000,false,64,false,YCSB,false,0.9, 37179709, 0, 0, 0, 49232,0,0,0,0, 74617, 0, 4563.89,858843, 1548.64, 162.844, 0, 0, 0, 0, 43.5217, 388.524, 2995.7, 0, 0, 0, 0, 0, 0, 0, 61244735, 0, 0, 0
50000,true,false,true,0,true,false,WOUND_WAIT,false,2.8,LH_MCSLOCK,0,1000,15,1000000,true,true,false,true,false,0.5,16,false,100000000,false,64,false,YCSB,false,0.9, 16139716, 0, 0, 0, 106046,0,0,0,0, 132365, 0, 8426.2,483641, 1673.57, 104.107, 0, 0, 0, 0, 32.2127, 594.429, 1260.77, 0, 0, 0, 0, 0, 10874089668, 4895.5, 63675841, 0, 0, 74717644
50000,true,false,true,0,true,false,WAIT_DIE,false,2.8,LH_MCSLOCK,0,1000,15,1000000,true,true,false,true,false,0.5,16,false,100000000,false,64,false,YCSB,false,0.9, 114177435, 0, 0, 0, 84105,0,0,0,0, 207320, 0, 13118.1,309314, 7785.79, 163.339, 0, 0, 0, 0, 57.1886, 693.408, 9170.37, 0, 0, 0, 0, 0, 13764924462, 1551.96, 63400263, 0, 0, 32183211
50000,true,false,true,0,true,false,NO_WAIT,false,2.8,LH_MCSLOCK,0,1000,15,1000000,true,true,false,true,false,0.5,16,false,100000000,false,64,false,YCSB,false,0.9, 131414324, 0, 0, 0, 53295,0,0,0,0, 206205, 0, 12927.2,311235, 9576.76, 178.643, 0, 0, 0, 0, 64.3903, 729.783, 10727.1, 0, 0, 0, 0, 0, 0, 0, 62865462, 0, 0, 0
50000,true,false,true,0,true,false,BAMBOO,false,2.8,LH_MCSLOCK,0,1000,15,1000000,true,true,false,true,false,0.5,16,false,100000000,false,96,false,YCSB,false,0.9, 71124604, 0, 0, 0, 102063,0,0,0,0, 167839, 0, 15948.1,572689, 6237.9, 4338.74, 3651.63, 0, 0, 0, 91.7091, 4637.67, 5618.04, 0, 0, 0, 0, 0, 0, 1737.3, 95138824, 0, 0, 66842188
50000,true,false,true,0,true,false,SILO,false,2.8,LH_MCSLOCK,0,1000,15,1000000,true,true,false,true,false,0.5,16,false,100000000,false,96,false,YCSB,false,0.9, 75676267, 0, 0, 0, 54391,0,0,0,0, 96369, 0, 8876.17,997827, 3858.03, 298.936, 0, 0, 0, 0, 76.8848, 635.908, 6181.16, 0, 0, 0, 0, 0, 0, 0, 92259195, 0, 0, 0
50000,true,false,true,0,true,false,WOUND_WAIT,false,2.8,LH_MCSLOCK,0,1000,15,1000000,true,true,false,true,false,0.5,16,false,100000000,false,96,false,YCSB,false,0.9, 32505404, 0, 0, 0, 172479,0,0,0,0, 226631, 0, 21634.3,423699, 5165.28, 202.589, 0, 0, 0, 0, 68.5222, 1012.12, 2560.35, 0, 0, 0, 0, 0, 18853548166, 13242.4, 95483502, 0, 0, 137289195
50000,true,false,true,0,true,false,WAIT_DIE,false,2.8,LH_MCSLOCK,0,1000,15,1000000,true,true,false,true,false,0.5,16,false,100000000,false,96,false,YCSB,false,0.9, 310143283, 0, 0, 0, 106131,0,0,0,0, 364760, 0, 34791.3,263754, 24646.4, 341.52, 0, 0, 0, 0, 106.422, 1105.1, 25028.8, 0, 0, 0, 0, 0, 21776003282, 4030.27, 95586938, 0, 0, 63960236
50000,true,false,true,0,true,false,NO_WAIT,false,2.8,LH_MCSLOCK,0,1000,15,1000000,true,true,false,true,false,0.5,16,false,100000000,false,96,false,YCSB,false,0.9, 312120316, 0, 0, 0, 58726,0,0,0,0, 322253, 0, 30426.2,298864, 24863.5, 406.138, 0, 0, 0, 0, 122.89, 1198.87, 26139.9, 0, 0, 0, 0, 0, 0, 0, 94721878, 0, 0, 0
50000,true,false,true,0,true,false,BAMBOO,false,2.8,LH_MCSLOCK,0,1000,15,1000000,true,true,false,true,false,0.5,16,false,100000000,false,1,false,YCSB,false,0.9, 0, 0, 0, 0, 18373,0,0,0,0, 18373, 0, 18.3737,54425.6, 0, 0.323428, 0.0114897, 0, 0, 0, 0.52685, 7.47174, 0.0206993, 0, 0, 0, 0, 0, 0, 0, 1000000, 0, 0, 0
50000,true,false,true,0,true,false,SILO,false,2.8,LH_MCSLOCK,0,1000,15,1000000,true,true,false,true,false,0.5,16,false,100000000,false,1,false,YCSB,false,0.9, 0, 0, 0, 0, 21675,0,0,0,0, 21675, 0, 21.6759,46134.3, 0, 0.69961, 0, 0, 0, 0, 0.552891, 8.57949, 0.0216086, 0, 0, 0, 0, 0, 0, 0, 1000000, 0, 0, 0
50000,true,false,true,0,true,false,WOUND_WAIT,false,2.8,LH_MCSLOCK,0,1000,15,1000000,true,true,false,true,false,0.5,16,false,100000000,false,1,false,YCSB,false,0.9, 0, 0, 0, 0, 17761,0,0,0,0, 17761, 0, 17.761,56303.1, 0, 0.273791, 0, 0, 0, 0, 0.519942, 6.06591, 0.0207844, 0, 0, 0, 0, 0, 25282362, 0, 1000000, 0, 0, 0
50000,true,false,true,0,true,false,WAIT_DIE,false,2.8,LH_MCSLOCK,0,1000,15,1000000,true,true,false,true,false,0.5,16,false,100000000,false,1,false,YCSB,false,0.9, 0, 0, 0, 0, 17680,0,0,0,0, 17680, 0, 17.6807,56558.9, 0, 0.146579, 0, 0, 0, 0, 0.555697, 5.96374, 0.0547756, 0, 0, 0, 0, 0, 25833050, 0, 1000000, 0, 0, 0
50000,true,false,true,0,true,false,NO_WAIT,false,2.8,LH_MCSLOCK,0,1000,15,1000000,true,true,false,true,false,0.5,16,false,100000000,false,1,false,YCSB,false,0.9, 0, 0, 0, 0, 17505,0,0,0,0, 17505, 0, 17.5056,57124.4, 0, 0.133426, 0, 0, 0, 0, 0.48122, 5.41849, 0.0202395, 0, 0, 0, 0, 0, 0, 0, 1000000, 0, 0, 0
50000,true,false,true,0,true,false,BAMBOO,false,2.8,LH_MCSLOCK,0,1000,15,1000000,true,true,false,true,false,0.5,16,false,100000000,false,2,false,YCSB,false,0.9, 1385, 0, 0, 0, 22198,0,0,0,0, 22210, 0, 44.3133,90048.7, 0.0240299, 1.21105, 0.164471, 0, 0, 0, 0.918427, 24.3107, 0.150969, 0, 0, 0, 0, 0, 0, 0.00150527, 1995179, 0, 0, 1088
50000,true,false,true,0,true,false,SILO,false,2.8,LH_MCSLOCK,0,1000,15,1000000,true,true,false,true,false,0.5,16,false,100000000,false,2,false,YCSB,false,0.9, 62635, 0, 0, 0, 21516,0,0,0,0, 22127, 0, 44.1728,90402.1, 1.21243, 1.95547, 0, 0, 0, 0, 0.967289, 15.1185, 4.95207, 0, 0, 0, 0, 0, 0, 0, 1996660, 0, 0, 0
50000,true,false,true,0,true,false,WOUND_WAIT,false,2.8,LH_MCSLOCK,0,1000,15,1000000,true,true,false,true,false,0.5,16,false,100000000,false,2,false,YCSB,false,0.9, 33451, 0, 0, 0, 21050,0,0,0,0, 21301, 0, 42.4388,93902.1, 0.49499, 1.16774, 0, 0, 0, 0, 1.00333, 20.9946, 2.67058, 0, 0, 0, 0, 0, 242852880, 0.400234, 1992548, 0, 0, 72811
50000,true,false,true,0,true,false,WAIT_DIE,false,2.8,LH_MCSLOCK,0,1000,15,1000000,true,true,false,true,false,0.5,16,false,100000000,false,2,false,YCSB,false,0.9, 66098, 0, 0, 0, 22286,0,0,0,0, 22557, 0, 44.8527,88676.5, 0.532288, 0.946306, 0, 0, 0, 0, 1.02628, 20.835, 5.55867, 0, 0, 0, 0, 0, 317530424, 0.318542, 1988691, 0, 0, 36108
50000,true,false,true,0,true,false,NO_WAIT,false,2.8,LH_MCSLOCK,0,1000,15,1000000,true,true,false,true,false,0.5,16,false,100000000,false,2,false,YCSB,false,0.9, 98849, 0, 0, 0, 22805,0,0,0,0, 23701, 0, 47.0965,84406.3, 1.76808, 0.963443, 0, 0, 0, 0, 0.93782, 20.718, 7.76912, 0, 0, 0, 0, 0, 0, 0, 1987618, 0, 0, 0
50000,true,false,true,0,true,false,BAMBOO,false,2.8,LH_MCSLOCK,0,1000,15,1000000,true,true,false,true,false,0.5,16,false,100000000,false,4,false,YCSB,false,0.9, 25369, 0, 0, 0, 17718,0,0,0,0, 17806, 0, 70.6626,224657, 0.342841, 3.02158, 0.64958, 0, 0, 0, 1.60446, 35.3613, 2.08524, 0, 0, 0, 0, 0, 0, 0.0114831, 3968714, 0, 0, 10171
50000,true,false,true,0,true,false,SILO,false,2.8,LH_MCSLOCK,0,1000,15,1000000,true,true,false,true,false,0.5,16,false,100000000,false,4,false,YCSB,false,0.9, 298547, 0, 0, 0, 20542,0,0,0,0, 21821, 0, 86.8114,183382, 5.05289, 4.84386, 0, 0, 0, 0, 1.76807, 20.6427, 23.5249, 0, 0, 0, 0, 0, 0, 0, 3979909, 0, 0, 0
50000,true,false,true,0,true,false,WOUND_WAIT,false,2.8,LH_MCSLOCK,0,1000,15,1000000,true,true,false,true,false,0.5,16,false,100000000,false,4,false,YCSB,false,0.9, 163801, 0, 0, 0, 18288,0,0,0,0, 18984, 0, 75.6328,210763, 2.74955, 2.50025, 0, 0, 0, 0, 1.709, 29.7779, 12.9356, 0, 0, 0, 0, 0, 584179164, 1.94514, 3985155, 0, 0, 406288
50000,true,false,true,0,true,false,WAIT_DIE,false,2.8,LH_MCSLOCK,0,1000,15,1000000,true,true,false,true,false,0.5,16,false,100000000,false,4,false,YCSB,false,0.9, 327709, 0, 0, 0, 21840,0,0,0,0, 22535, 0, 89.7861,177579, 2.72922, 2.0827, 0, 0, 0, 0, 1.7224, 30.0601, 26.4227, 0, 0, 0, 0, 0, 573406212, 1.27484, 3986025, 0, 0, 188035
50000,true,false,true,0,true,false,NO_WAIT,false,2.8,LH_MCSLOCK,0,1000,15,1000000,true,true,false,true,false,0.5,16,false,100000000,false,4,false,YCSB,false,0.9, 507591, 0, 0, 0, 25171,0,0,0,0, 28510, 0, 113.477,140393, 13.2237, 2.29248, 0, 0, 0, 0, 2.04724, 34.4525, 39.9657, 0, 0, 0, 0, 0, 0, 0, 3982849, 0, 0, 0
50000,true,false,true,0,true,false,BAMBOO,false,2.8,LH_MCSLOCK,0,1000,15,1000000,true,true,false,true,false,0.5,16,false,100000000,false,8,false,YCSB,false,0.9, 195812, 0, 0, 0, 20071,0,0,0,0, 20464, 0, 162.056,391006, 3.08008, 9.0913, 2.67633, 0, 0, 0, 3.59594, 76.5761, 15.6035, 0, 0, 0, 0, 0, 0, 0.0831159, 7920578, 0, 0, 73144
50000,true,false,true,0,true,false,SILO,false,2.8,LH_MCSLOCK,0,1000,15,1000000,true,true,false,true,false,0.5,16,false,100000000,false,8,false,YCSB,false,0.9, 1150543, 0, 0, 0, 26969,0,0,0,0, 30004, 0, 238.456,266785, 23.996, 11.5579, 0, 0, 0, 0, 3.95441, 46.0055, 90.5912, 0, 0, 0, 0, 0, 0, 0, 7952036, 0, 0, 0
50000,true,false,true,0,true,false,WOUND_WAIT,false,2.8,LH_MCSLOCK,0,1000,15,1000000,true,true,false,true,false,0.5,16,false,100000000,false,8,false,YCSB,false,0.9, 593610, 0, 0, 0, 22059,0,0,0,0, 23676, 0, 188.711,338033, 12.8116, 6.21301, 0, 0, 0, 0, 3.47799, 62.7245, 46.7108, 0, 0, 0, 0, 0, 1266940544, 13.2912, 7973802, 0, 0, 1839554
50000,true,false,true,0,true,false,WAIT_DIE,false,2.8,LH_MCSLOCK,0,1000,15,1000000,true,true,false,true,false,0.5,16,false,100000000,false,8,false,YCSB,false,0.9, 1394103, 0, 0, 0, 30893,0,0,0,0, 33498, 0, 266.373,238979, 20.5487, 5.80909, 0, 0, 0, 0, 3.84124, 69.7459, 111.175, 0, 0, 0, 0, 0, 1162670636, 6.94952, 7957173, 0, 0, 816151
50000,true,false,true,0,true,false,NO_WAIT,false,2.8,LH_MCSLOCK,0,1000,15,1000000,true,true,false,true,false,0.5,16,false,100000000,false,8,false,YCSB,false,0.9, 2088400, 0, 0, 0, 30975,0,0,0,0, 40789, 0, 322.522,196300, 77.3847, 6.19002, 0, 0, 0, 0, 4.5151, 71.4056, 165.083, 0, 0, 0, 0, 0, 0, 0, 7913895, 0, 0, 0
50000,true,false,true,0,true,false,BAMBOO,false,2.8,LH_MCSLOCK,0,1000,15,1000000,true,true,false,true,false,0.5,16,false,100000000,false,16,false,YCSB,false,0.9, 1038799, 0, 0, 0, 23435,0,0,0,0, 24745, 0, 392.294,646896, 20.5942, 28.0545, 10.1285, 0, 0, 0, 6.59648, 162.547, 81.9113, 0, 0, 0, 0, 0, 0, 0.640435, 15860848, 0, 0, 504313
50000,true,false,true,0,true,false,SILO,false,2.8,LH_MCSLOCK,0,1000,15,1000000,true,true,false,true,false,0.5,16,false,100000000,false,16,false,YCSB,false,0.9, 3844067, 0, 0, 0, 33297,0,0,0,0, 39391, 0, 621.872,406511, 95.7686, 26.9987, 0, 0, 0, 0, 8.5812, 91.8013, 303.638, 0, 0, 0, 0, 0, 0, 0, 15799869, 0, 0, 0
50000,true,false,true,0,true,false,WOUND_WAIT,false,2.8,LH_MCSLOCK,0,1000,15,1000000,true,true,false,true,false,0.5,16,false,100000000,false,16,false,YCSB,false,0.9, 1680827, 0, 0, 0, 29672,0,0,0,0, 32573, 0, 519.237,491395, 46.0564, 15.381, 0, 0, 0, 0, 6.94744, 128.689, 131.806, 0, 0, 0, 0, 0, 2472658162, 118.071, 15946879, 0, 0, 7523658
50000,true,false,true,0,true,false,WAIT_DIE,false,2.8,LH_MCSLOCK,0,1000,15,1000000,true,true,false,true,false,0.5,16,false,100000000,false,16,false,YCSB,false,0.9, 5503016, 0, 0, 0, 41529,0,0,0,0, 50824, 0, 807.862,315158, 147.006, 16.6366, 0, 0, 0, 0, 8.95877, 147.912, 439.295, 0, 0, 0, 0, 0, 2810434802, 35.1308, 15912761, 0, 0, 3035828
50000,true,false,true,0,true,false,NO_WAIT,false,2.8,LH_MCSLOCK,0,1000,15,1000000,true,true,false,true,false,0.5,16,false,100000000,false,16,false,YCSB,false,0.9, 8041115, 0, 0, 0, 37585,0,0,0,0, 62641, 0, 984.869,255776, 393.118, 16.5047, 0, 0, 0, 0, 9.9084, 147.691, 637.98, 0, 0, 0, 0, 0, 0, 0, 15744138, 0, 0, 0
50000,true,false,true,0,true,false,BAMBOO,false,2.8,LH_MCSLOCK,0,1000,15,1000000,true,true,false,true,false,0.5,16,false,100000000,false,32,false,YCSB,false,0.9, 4773272, 0, 0, 0, 31023,0,0,0,0, 35542, 0, 1122.32,901105, 141.841, 107.319, 48.3395, 0, 0, 0, 14.4874, 389.619, 374.307, 0, 0, 0, 0, 0, 0, 10.1071, 31604002, 0, 0, 3812856
50000,true,false,true,0,true,false,SILO,false,2.8,LH_MCSLOCK,0,1000,15,1000000,true,true,false,true,false,0.5,16,false,100000000,false,32,false,YCSB,false,0.9, 12102655, 0, 0, 0, 40750,0,0,0,0, 52759, 0, 1659.71,607173, 376.426, 65.381, 0, 0, 0, 0, 18.6468, 185.956, 964.151, 0, 0, 0, 0, 0, 0, 0, 31491509, 0, 0, 0
50000,true,false,true,0,true,false,WOUND_WAIT,false,2.8,LH_MCSLOCK,0,1000,15,1000000,true,true,false,true,false,0.5,16,false,100000000,false,32,false,YCSB,false,0.9, 4903309, 0, 0, 0, 53888,0,0,0,0, 62066, 0, 1974.44,515742, 259.606, 39.3091, 0, 0, 0, 0, 13.5914, 273.818, 383.278, 0, 0, 0, 0, 0, 5185953606, 920.466, 31821982, 0, 0, 25454482
50000,true,false,true,0,true,false,WAIT_DIE,false,2.8,LH_MCSLOCK,0,1000,15,1000000,true,true,false,true,false,0.5,16,false,100000000,false,32,false,YCSB,false,0.9, 23195963, 0, 0, 0, 57672,0,0,0,0, 91313, 0, 2903.9,350919, 1067.33, 50.9329, 0, 0, 0, 0, 20.845, 322.954, 1855.06, 0, 0, 0, 0, 0, 6284040914, 240.61, 31844792, 0, 0, 10279581
50000,true,false,true,0,true,false,NO_WAIT,false,2.8,LH_MCSLOCK,0,1000,15,1000000,true,true,false,true,false,0.5,16,false,100000000,false,32,false,YCSB,false,0.9, 30503277, 0, 0, 0, 44869,0,0,0,0, 106175, 0, 3228.76,301968, 1861.66, 48.1932, 0, 0, 0, 0, 22.3603, 309.543, 2437.96, 0, 0, 0, 0, 0, 0, 0, 30468145, 0, 0, 0
50000,true,false,true,0,true,false,BAMBOO,false,2.8,LH_MCSLOCK,0,1000,15,1000000,true,true,false,true,false,0.5,16,false,100000000,false,64,false,YCSB,false,0.9, 23800773, 0, 0, 0, 62481,0,0,0,0, 85157, 0, 5382.05,752274, 1429.31, 1115.74, 824.386, 0, 0, 0, 43.4633, 1707.63, 1870.51, 0, 0, 0, 0, 0, 0, 487.115, 63262055, 0, 0, 26599656
50000,true,false,true,0,true,false,SILO,false,2.8,LH_MCSLOCK,0,1000,15,1000000,true,true,false,true,false,0.5,16,false,100000000,false,64,false,YCSB,false,0.9, 32627790, 0, 0, 0, 48209,0,0,0,0, 72089, 0, 3958.02,888969, 1307.57, 136.07, 0, 0, 0, 0, 35.8038, 330.512, 2612.89, 0, 0, 0, 0, 0, 0, 0, 54977372, 0, 0, 0
50000,true,false,true,0,true,false,WOUND_WAIT,false,2.8,LH_MCSLOCK,0,1000,15,1000000,true,true,false,true,false,0.5,16,false,100000000,false,64,false,YCSB,false,0.9, 16179872, 0, 0, 0, 107227,0,0,0,0, 133847, 0, 8520.91,478288, 1692.77, 104.282, 0, 0, 0, 0, 33.136, 599.715, 1264.25, 0, 0, 0, 0, 0, 10961530732, 4957.07, 63678859, 0, 0, 74798918
50000,true,false,true,0,true,false,WAIT_DIE,false,2.8,LH_MCSLOCK,0,1000,15,1000000,true,true,false,true,false,0.5,16,false,100000000,false,64,false,YCSB,false,0.9, 110422351, 0, 0, 0, 82346,0,0,0,0, 201247, 0, 12581.5,318649, 7423.18, 152.297, 0, 0, 0, 0, 55.4929, 663.731, 8828.43, 0, 0, 0, 0, 0, 13113785294, 1475.03, 62642010, 0, 0, 31529496
50000,true,false,true,0,true,false,NO_WAIT,false,2.8,LH_MCSLOCK,0,1000,15,1000000,true,true,false,true,false,0.5,16,false,100000000,false,64,false,YCSB,false,0.9, 123450801, 0, 0, 0, 51798,0,0,0,0, 197229, 0, 12000.6,325367, 8840.45, 158.268, 0, 0, 0, 0, 58.8975, 674.069, 9989.79, 0, 0, 0, 0, 0, 0, 0, 61009479, 0, 0, 0
50000,true,false,true,0,true,false,BAMBOO,false,2.8,LH_MCSLOCK,0,1000,15,1000000,true,true,false,true,false,0.5,16,false,100000000,false,96,false,YCSB,false,0.9, 71082483, 0, 0, 0, 101486,0,0,0,0, 167075, 0, 15869.3,575304, 6217.83, 4275.87, 3590.16, 0, 0, 0, 93.7577, 4583.95, 5611.69, 0, 0, 0, 0, 0, 0, 1727.62, 95100472, 0, 0, 66827849
50000,true,false,true,0,true,false,SILO,false,2.8,LH_MCSLOCK,0,1000,15,1000000,true,true,false,true,false,0.5,16,false,100000000,false,96,false,YCSB,false,0.9, 60950051, 0, 0, 0, 53264,0,0,0,0, 92859, 0, 7076.07,1.03528e+06, 3011.48, 229.307, 0, 0, 0, 0, 59.1415, 499.924, 4964.35, 0, 0, 0, 0, 0, 0, 0, 76309474, 0, 0, 0
50000,true,false,true,0,true,false,WOUND_WAIT,false,2.8,LH_MCSLOCK,0,1000,15,1000000,true,true,false,true,false,0.5,16,false,100000000,false,96,false,YCSB,false,0.9, 32499100, 0, 0, 0, 173510,0,0,0,0, 227985, 0, 21736.2,421185, 5189.52, 202.589, 0, 0, 0, 0, 69.232, 1015.76, 2561.01, 0, 0, 0, 0, 0, 19518800946, 13310.3, 95364449, 0, 0, 137168562
50000,true,false,true,0,true,false,WAIT_DIE,false,2.8,LH_MCSLOCK,0,1000,15,1000000,true,true,false,true,false,0.5,16,false,100000000,false,96,false,YCSB,false,0.9, 308614939, 0, 0, 0, 105974,0,0,0,0, 363580, 0, 34625.1,264614, 24510.9, 338.759, 0, 0, 0, 0, 106.189, 1098.75, 24908, 0, 0, 0, 0, 0, 21781049986, 4014.01, 95440702, 0, 0, 63748618
50000,true,false,true,0,true,false,NO_WAIT,false,2.8,LH_MCSLOCK,0,1000,15,1000000,true,true,false,true,false,0.5,16,false,100000000,false,96,false,YCSB,false,0.9, 310892658, 0, 0, 0, 58649,0,0,0,0, 322218, 0, 30219.8,298876, 24701.8, 404.271, 0, 0, 0, 0, 122.659, 1190.14, 25969.3, 0, 0, 0, 0, 0, 0, 0, 94082948, 0, 0, 0
50000,true,false,true,0,true,false,BAMBOO,false,2.8,LH_MCSLOCK,0,1000,15,1000000,true,true,false,true,false,0.5,16,false,100000000,false,1,false,YCSB,false,0.9, 0, 0, 0, 0, 17034,0,0,0,0, 17034, 0, 17.035,58702.7, 0, 0.324264, 0.0115219, 0, 0, 0, 0.523197, 6.9178, 0.0211087, 0, 0, 0, 0, 0, 0, 0, 1000000, 0, 0, 0
50000,true,false,true,0,true,false,SILO,false,2.8,LH_MCSLOCK,0,1000,15,1000000,true,true,false,true,false,0.5,16,false,100000000,false,1,false,YCSB,false,0.9, 0, 0, 0, 0, 19613,0,0,0,0, 19613, 0, 19.6136,50985, 0, 0.69947, 0, 0, 0, 0, 0.530222, 7.72154, 0.0217961, 0, 0, 0, 0, 0, 0, 0, 1000000, 0, 0, 0
50000,true,false,true,0,true,false,WOUND_WAIT,false,2.8,LH_MCSLOCK,0,1000,15,1000000,true,true,false,true,false,0.5,16,false,100000000,false,1,false,YCSB,false,0.9, 0, 0, 0, 0, 19046,0,0,0,0, 19046, 0, 19.0464,52503.5, 0, 0.285007, 0, 0, 0, 0, 0.54592, 6.39394, 0.0218201, 0, 0, 0, 0, 0, 26282202, 0, 1000000, 0, 0, 0
50000,true,false,true,0,true,false,WAIT_DIE,false,2.8,LH_MCSLOCK,0,1000,15,1000000,true,true,false,true,false,0.5,16,false,100000000,false,1,false,YCSB,false,0.9, 0, 0, 0, 0, 15946,0,0,0,0, 15946, 0, 15.9464,62710.2, 0, 0.146077, 0, 0, 0, 0, 0.495483, 5.32395, 0.0545349, 0, 0, 0, 0, 0, 26096696, 0, 1000000, 0, 0, 0
50000,true,false,true,0,true,false,NO_WAIT,false,2.8,LH_MCSLOCK,0,1000,15,1000000,true,true,false,true,false,0.5,16,false,100000000,false,1,false,YCSB,false,0.9, 0, 0, 0, 0, 16030,0,0,0,0, 16030, 0, 16.0303,62381.8, 0, 0.133752, 0, 0, 0, 0, 0.509857, 4.94242, 0.0206681, 0, 0, 0, 0, 0, 0, 0, 1000000, 0, 0, 0
50000,true,false,true,0,true,false,BAMBOO,false,2.8,LH_MCSLOCK,0,1000,15,1000000,true,true,false,true,false,0.5,16,false,100000000,false,2,false,YCSB,false,0.9, 1391, 0, 0, 0, 20638,0,0,0,0, 20650, 0, 40.839,96850.4, 0.0229345, 1.23262, 0.155075, 0, 0, 0, 0.846999, 22.2404, 0.151516, 0, 0, 0, 0, 0, 0, 0.00159019, 1977634, 0, 0, 1351
50000,true,false,true,0,true,false,SILO,false,2.8,LH_MCSLOCK,0,1000,15,1000000,true,true,false,true,false,0.5,16,false,100000000,false,2,false,YCSB,false,0.9, 60990, 0, 0, 0, 20020,0,0,0,0, 20580, 0, 40.7011,97201.8, 1.09746, 1.92851, 0, 0, 0, 0, 0.910869, 13.8559, 4.82775, 0, 0, 0, 0, 0, 0, 0, 1978110, 0, 0, 0
50000,true,false,true,0,true,false,WOUND_WAIT,false,2.8,LH_MCSLOCK,0,1000,15,1000000,true,true,false,true,false,0.5,16,false,100000000,false,2,false,YCSB,false,0.9, 32938, 0, 0, 0, 19398,0,0,0,0, 19627, 0, 39.0774,101907, 0.453287, 1.14166, 0, 0, 0, 0, 0.928918, 19.2574, 2.62656, 0, 0, 0, 0, 0, 296229288, 0.359952, 1991132, 0, 0, 72314
50000,true,false,true,0,true,false,WAIT_DIE,false,2.8,LH_MCSLOCK,0,1000,15,1000000,true,true,false,true,false,0.5,16,false,100000000,false,2,false,YCSB,false,0.9, 64365, 0, 0, 0, 20401,0,0,0,0, 20642, 0, 41.1395,96908.5, 0.470941, 0.860429, 0, 0, 0, 0, 0.946498, 18.912, 5.3753, 0, 0, 0, 0, 0, 263627264, 0.287626, 1993382, 0, 0, 35987
50000,true,false,true,0,true,false,NO_WAIT,false,2.8,LH_MCSLOCK,0,1000,15,1000000,true,true,false,true,false,0.5,16,false,100000000,false,2,false,YCSB,false,0.9, 96874, 0, 0, 0, 21040,0,0,0,0, 21877, 0, 43.6239,91443.1, 1.65714, 0.868216, 0, 0, 0, 0, 0.895068, 18.8914, 7.61695, 0, 0, 0, 0, 0, 0, 0, 1994555, 0, 0, 0
50000,true,false,true,0,true,false,BAMBOO,false,2.8,LH_MCSLOCK,0,1000,15,1000000,true,true,false,true,false,0.5,16,false,100000000,false,4,false,YCSB,false,0.9, 25783, 0, 0, 0, 18040,0,0,0,0, 18131, 0, 72.0791,220628, 0.354241, 3.01173, 0.659639, 0, 0, 0, 1.79438, 35.9075, 2.12604, 0, 0, 0, 0, 0, 0, 0.0104724, 3975676, 0, 0, 9992
50000,true,false,true,0,true,false,SILO,false,2.8,LH_MCSLOCK,0,1000,15,1000000,true,true,false,true,false,0.5,16,false,100000000,false,4,false,YCSB,false,0.9, 297304, 0, 0, 0, 20301,0,0,0,0, 21560, 0, 85.6237,185607, 4.96368, 4.4993, 0, 0, 0, 0, 1.74782, 19.9447, 23.3933, 0, 0, 0, 0, 0, 0, 0, 3973083, 0, 0, 0
50000,true,false,true,0,true,false,WOUND_WAIT,false,2.8,LH_MCSLOCK,0,1000,15,1000000,true,true,false,true,false,0.5,16,false,100000000,false,4,false,YCSB,false,0.9, 164449, 0, 0, 0, 18394,0,0,0,0, 19094, 0, 76.1917,209558, 2.76908, 2.44583, 0, 0, 0, 0, 1.76962, 29.9016, 12.9733, 0, 0, 0, 0, 0, 577238594, 1.95477, 3991643, 0, 0, 405790
50000,true,false,true,0,true,false,WAIT_DIE,false,2.8,LH_MCSLOCK,0,1000,15,1000000,true,true,false,true,false,0.5,16,false,100000000,false,4,false,YCSB,false,0.9, 324465, 0, 0, 0, 21802,0,0,0,0, 22484, 0, 89.1332,177976, 2.66606, 1.98883, 0, 0, 0, 0, 1.73173, 29.7315, 26.0621, 0, 0, 0, 0, 0, 480184658, 1.27212, 3965891, 0, 0, 187333
50000,true,false,true,0,true,false,NO_WAIT,false,2.8,LH_MCSLOCK,0,1000,15,1000000,true,true,false,true,false,0.5,16,false,100000000,false,4,false,YCSB,false,0.9, 500029, 0, 0, 0, 24593,0,0,0,0, 27930, 0, 109.977,143313, 13.0706, 2.41561, 0, 0, 0, 0, 1.97669, 32.618, 39.3483, 0, 0, 0, 0, 0, 0, 0, 3940292, 0, 0, 0
50000,true,false,true,0,true,false,BAMBOO,false,2.8,LH_MCSLOCK,0,1000,15,1000000,true,true,false,true,false,0.5,16,false,100000000,false,8,false,YCSB,false,0.9, 195031, 0, 0, 0, 20166,0,0,0,0, 20561, 0, 162,389163, 3.07528, 8.9838, 2.67464, 0, 0, 0, 3.45241, 76.1028, 15.5724, 0, 0, 0, 0, 0, 0, 0.0793181, 7880535, 0, 0, 71405
50000,true,false,true,0,true,false,SILO,false,2.8,LH_MCSLOCK,0,1000,15,1000000,true,true,false,true,false,0.5,16,false,100000000,false,8,false,YCSB,false,0.9, 1137886, 0, 0, 0, 26514,0,0,0,0, 29472, 0, 232.783,271603, 23.2388, 11.0229, 0, 0, 0, 0, 3.83804, 44.2733, 89.4937, 0, 0, 0, 0, 0, 0, 0, 7903080, 0, 0, 0
50000,true,false,true,0,true,false,WOUND_WAIT,false,2.8,LH_MCSLOCK,0,1000,15,1000000,true,true,false,true,false,0.5,16,false,100000000,false,8,false,YCSB,false,0.9, 589087, 0, 0, 0, 22069,0,0,0,0, 23686, 0, 187.355,337890, 12.7124, 5.98945, 0, 0, 0, 0, 3.34487, 62.1671, 46.3314, 0, 0, 0, 0, 0, 1081126926, 13.1967, 7913189, 0, 0, 1825042
50000,true,false,true,0,true,false,WAIT_DIE,false,2.8,LH_MCSLOCK,0,1000,15,1000000,true,true,false,true,false,0.5,16,false,100000000,false,8,false,YCSB,false,0.9, 1384478, 0, 0, 0, 30788,0,0,0,0, 33373, 0, 264.307,239879, 20.3035, 5.60855, 0, 0, 0, 0, 3.74869, 68.9677, 110.318, 0, 0, 0, 0, 0, 1137909418, 6.90217, 7925210, 0, 0, 814372
50000,true,false,true,0,true,false,NO_WAIT,false,2.8,LH_MCSLOCK,0,1000,15,1000000,true,true,false,true,false,0.5,16,false,100000000,false,8,false,YCSB,false,0.9, 2100755, 0, 0, 0, 30841,0,0,0,0, 40603, 0, 323.435,197187, 77.5613, 6.12643, 0, 0, 0, 0, 4.41358, 71.4344, 165.802, 0, 0, 0, 0, 0, 0, 0, 7972145, 0, 0, 0
50000,true,false,true,0,true,false,BAMBOO,false,2.8,LH_MCSLOCK,0,1000,15,1000000,true,true,false,true,false,0.5,16,false,100000000,false,16,false,YCSB,false,0.9, 1031428, 0, 0, 0, 23549,0,0,0,0, 24864, 0, 391.551,643793, 20.5334, 27.8369, 10.1101, 0, 0, 0, 6.51869, 162.094, 81.3925, 0, 0, 0, 0, 0, 0, 0.616265, 15754844, 0, 0, 490694
50000,true,false,true,0,true,false,SILO,false,2.8,LH_MCSLOCK,0,1000,15,1000000,true,true,false,true,false,0.5,16,false,100000000,false,16,false,YCSB,false,0.9, 3809582, 0, 0, 0, 32947,0,0,0,0, 38922, 0, 611.71,411396, 93.5049, 26.1382, 0, 0, 0, 0, 8.32831, 89.9043, 300.824, 0, 0, 0, 0, 0, 0, 0, 15728428, 0, 0, 0
50000,true,false,true,0,true,false,WOUND_WAIT,false,2.8,LH_MCSLOCK,0,1000,15,1000000,true,true,false,true,false,0.5,16,false,100000000,false,16,false,YCSB,false,0.9, 1677470, 0, 0, 0, 29742,0,0,0,0, 32652, 0, 517.373,490225, 45.8964, 15.1276, 0, 0, 0, 0, 6.74277, 128.066, 131.452, 0, 0, 0, 0, 0, 2363704962, 117.448, 15851827, 0, 0, 7478468
50000,true,false,true,0,true,false,WAIT_DIE,false,2.8,LH_MCSLOCK,0,1000,15,1000000,true,true,false,true,false,0.5,16,false,100000000,false,16,false,YCSB,false,0.9, 5431843, 0, 0, 0, 41101,0,0,0,0, 50202, 0, 792.673,319018, 143.073, 15.9832, 0, 0, 0, 0, 8.53689, 144.921, 432.366, 0, 0, 0, 0, 0, 2904202814, 34.2063, 15804793, 0, 0, 3006200
50000,true,false,true,0,true,false,NO_WAIT,false,2.8,LH_MCSLOCK,0,1000,15,1000000,true,true,false,true,false,0.5,16,false,100000000,false,16,false,YCSB,false,0.9, 7826003, 0, 0, 0, 37545,0,0,0,0, 62609, 0, 958.536,255902, 382.939, 16.3333, 0, 0, 0, 0, 9.41852, 143.597, 621.464, 0, 0, 0, 0, 0, 0, 0, 15330709, 0, 0, 0
50000,true,false,true,0,true,false,BAMBOO,false,2.8,LH_MCSLOCK,0,1000,15,1000000,true,true,false,true,false,0.5,16,false,100000000,false,32,false,YCSB,false,0.9, 4819743, 0, 0, 0, 31244,0,0,0,0, 35811, 0, 1136.58,894323, 144.098, 109.586, 49.232, 0, 0, 0, 14.1284, 395.585, 377.787, 0, 0, 0, 0, 0, 0, 10.3019, 31764785, 0, 0, 3868665
50000,true,false,true,0,true,false,SILO,false,2.8,LH_MCSLOCK,0,1000,15,1000000,true,true,false,true,false,0.5,16,false,100000000,false,32,false,YCSB,false,0.9, 11372627, 0, 0, 0, 40010,0,0,0,0, 51531, 0, 1540.61,621643, 343.153, 58.5964, 0, 0, 0, 0, 16.6844, 170.569, 900.91, 0, 0, 0, 0, 0, 0, 0, 29928324, 0, 0, 0
50000,true,false,true,0,true,false,WOUND_WAIT,false,2.8,LH_MCSLOCK,0,1000,15,1000000,true,true,false,true,false,0.5,16,false,100000000,false,32,false,YCSB,false,0.9, 4909090, 0, 0, 0, 53913,0,0,0,0, 62080, 0, 1976.92,515638, 259.497, 38.8856, 0, 0, 0, 0, 13.5597, 273.792, 383.616, 0, 0, 0, 0, 0, 4925476942, 921.795, 31855490, 0, 0, 25473645
50000,true,false,true,0,true,false,WAIT_DIE,false,2.8,LH_MCSLOCK,0,1000,15,1000000,true,true,false,true,false,0.5,16,false,100000000,false,32,false,YCSB,false,0.9, 22298752, 0, 0, 0, 56281,0,0,0,0, 88400, 0, 2764.4,362481, 1002, 46.3751, 0, 0, 0, 0, 20.1722, 305.742, 1777.53, 0, 0, 0, 0, 0, 6080679134, 222.569, 31313896, 0, 0, 9997081
50000,true,false,true,0,true,false,NO_WAIT,false,2.8,LH_MCSLOCK,0,1000,15,1000000,true,true,false,true,false,0.5,16,false,100000000,false,32,false,YCSB,false,0.9, 30629422, 0, 0, 0, 45275,0,0,0,0, 107402, 0, 3253.53,298514, 1879.39, 48.8948, 0, 0, 0, 0, 23.4174, 312.228, 2454.25, 0, 0, 0, 0, 0, 0, 0, 30350743, 0, 0, 0
50000,true,false,true,0,true,false,BAMBOO,false,2.8,LH_MCSLOCK,0,1000,15,1000000,true,true,false,true,false,0.5,16,false,100000000,false,64,false,YCSB,false,0.9, 23730585, 0, 0, 0, 62348,0,0,0,0, 84903, 0, 5356.31,754552, 1419, 1103.06, 814.433, 0, 0, 0, 42.7906, 1697.39, 1865.6, 0, 0, 0, 0, 0, 0, 479.47, 63150264, 0, 0, 26436637
50000,true,false,true,0,true,false,SILO,false,2.8,LH_MCSLOCK,0,1000,15,1000000,true,true,false,true,false,0.5,16,false,100000000,false,64,false,YCSB,false,0.9, 32603016, 0, 0, 0, 48303,0,0,0,0, 72279, 0, 3958.88,886613, 1309.73, 136.834, 0, 0, 0, 0, 36.1923, 332.505, 2611.2, 0, 0, 0, 0, 0, 0, 0, 54843669, 0, 0, 0
50000,true,false,true,0,true,false,WOUND_WAIT,false,2.8,LH_MCSLOCK,0,1000,15,1000000,true,true,false,true,false,0.5,16,false,100000000,false,64,false,YCSB,false,0.9, 16157645, 0, 0, 0, 107513,0,0,0,0, 134179, 0, 8536.38,477096, 1694.7, 105, 0, 0, 0, 0, 33.0535, 601.892, 1262.48, 0, 0, 0, 0, 0, 10996481478, 4970.83, 63635554, 0, 0, 74760251
50000,true,false,true,0,true,false,WAIT_DIE,false,2.8,LH_MCSLOCK,0,1000,15,1000000,true,true,false,true,false,0.5,16,false,100000000,false,64,false,YCSB,false,0.9, 109829875, 0, 0, 0, 81849,0,0,0,0, 199478, 0, 12496.8,321427, 7359.72, 149.169, 0, 0, 0, 0, 55.0187, 658.484, 8786.65, 0, 0, 0, 0, 0, 12166020822, 1460.09, 62762648, 0, 0, 31519258
50000,true,false,true,0,true,false,NO_WAIT,false,2.8,LH_MCSLOCK,0,1000,15,1000000,true,true,false,true,false,0.5,16,false,100000000,false,64,false,YCSB,false,0.9, 124093823, 0, 0, 0, 52115,0,0,0,0, 198763, 0, 12073.9,322896, 8899.25, 159.588, 0, 0, 0, 0, 60.6465, 678.173, 10042.5, 0, 0, 0, 0, 0, 0, 0, 60916019, 0, 0, 0
50000,true,false,true,0,true,false,BAMBOO,false,2.8,LH_MCSLOCK,0,1000,15,1000000,true,true,false,true,false,0.5,16,false,100000000,false,96,false,YCSB,false,0.9, 70475303, 0, 0, 0, 100656,0,0,0,0, 165360, 0, 15678.1,581273, 6122.74, 4202.93, 3527.49, 0, 0, 0, 94.3578, 4528.23, 5563.88, 0, 0, 0, 0, 0, 0, 1699.49, 94929582, 0, 0, 66254954
50000,true,false,true,0,true,false,SILO,false,2.8,LH_MCSLOCK,0,1000,15,1000000,true,true,false,true,false,0.5,16,false,100000000,false,96,false,YCSB,false,0.9, 62005055, 0, 0, 0, 53144,0,0,0,0, 92519, 0, 7189.14,1.03923e+06, 3053.17, 232.439, 0, 0, 0, 0, 59.9668, 508.008, 5040.99, 0, 0, 0, 0, 0, 0, 0, 77824585, 0, 0, 0
50000,true,false,true,0,true,false,WOUND_WAIT,false,2.8,LH_MCSLOCK,0,1000,15,1000000,true,true,false,true,false,0.5,16,false,100000000,false,96,false,YCSB,false,0.9, 32504078, 0, 0, 0, 174509,0,0,0,0, 229271, 0, 21854,418823, 5215.71, 202.899, 0, 0, 0, 0, 70.2325, 1020.67, 2561.5, 0, 0, 0, 0, 0, 19309684338, 13391.1, 95343346, 0, 0, 137181976
50000,true,false,true,0,true,false,WAIT_DIE,false,2.8,LH_MCSLOCK,0,1000,15,1000000,true,true,false,true,false,0.5,16,false,100000000,false,96,false,YCSB,false,0.9, 299255916, 0, 0, 0, 103534,0,0,0,0, 352317, 0, 33273.1,273035, 23475.3, 315.301, 0, 0, 0, 0, 102.155, 1049.23, 24053.1, 0, 0, 0, 0, 0, 20634368356, 3834.8, 94632634, 0, 0, 62667330
50000,true,false,true,0,true,false,NO_WAIT,false,2.8,LH_MCSLOCK,0,1000,15,1000000,true,true,false,true,false,0.5,16,false,100000000,false,96,false,YCSB,false,0.9, 288479077, 0, 0, 0, 56247,0,0,0,0, 297980, 0, 27691.7,323093, 22449.6, 336.903, 0, 0, 0, 0, 108.509, 1085.89, 23945.2, 0, 0, 0, 0, 0, 0, 0, 93198064, 0, 0, 0
