ABORT_PENALTY,BB_OPT_MAX_WAITER,BB_OPT_RAW,CC_ALG,DEBUG_ABORT_LENGTH,DEBUG_CS_PROFILING,DEBUG_PROFILING,DYNAMIC_TS,FIRST_HS,FIXED_HS,FLIP_RATIO,KEY_ORDER,LATCH,MAX_TXN_PER_PART,NUM_HS,POS_HS,READ_PERC,REQ_PER_QUERY,RETIRE_ON,SECOND_HS,SPECIFIED_RATIO,SYNTHETIC_YCSB,SYNTH_TABLE_SIZE,THREAD_CNT,WORKLOAD,WW_STARV_FREE,ZIPF_THETA,abort_cnt,abort_length,commit_latency,cycle_detect,deadlock_cnt,dl_detect_time,dl_wait_time,latency,run_time,throughput,time_abort,time_cleanup,time_commit,time_get_cs,time_get_latch,time_index,time_man,time_query,time_release_cs,time_release_latch,time_retire_cs,time_retire_latch,time_ts_alloc,time_wait,txn_cnt,user_abort_cnt,wait_cnt
50000,0,true,BAMBOO,false,false,true,true,WR,1,0,false,LH_MCSLOCK,100000,0,TOP,0.9,16,true,WR,0,false,10000000,1,YCSB,false,0.9, 0, 0, 12288,0,0,0,0, 12288, 1.22886,81376.6, 0, 0.028853, 0.00154231, 0, 0, 0.252806, 0.503253, 0.00306263, 0, 0, 0, 0, 0, 0, 100000, 0, 0
50000,0,true,BAMBOO,false,false,true,false,WR,1,0,false,LH_MCSLOCK,100000,0,TOP,0.9,16,true,WR,0,false,10000000,1,YCSB,false,0.9, 0, 0, 12297,0,0,0,0, 12297, 1.22971,81320.1, 0, 0.0305529, 0.00152657, 0, 0, 0.252798, 0.510536, 0.00306528, 0, 0, 0, 0, 0, 0, 100000, 0, 0
50000,0,true,BAMBOO,false,false,true,true,WR,1,0,false,LH_MCSLOCK,100000,0,TOP,0.9,16,true,WR,0,false,10000000,2,YCSB,false,0.9, 18, 0, 30397,0,0,0,0, 30399, 5.87935,65789.9, 0.000508691, 0.273208, 0.016229, 0, 0, 1.22862, 3.63646, 0.0080464, 0, 0, 0, 0, 0, 4.9486e-05, 193401, 0, 53
50000,0,true,BAMBOO,false,false,true,false,WR,1,0,false,LH_MCSLOCK,100000,0,TOP,0.9,16,true,WR,0,false,10000000,2,YCSB,false,0.9, 715, 0, 23788,0,0,0,0, 23850, 4.72636,83857.4, 0.0122702, 0.246859, 0.0104694, 0, 0, 0.829249, 2.94496, 0.0623873, 0, 0, 0, 0, 0, 2.188e-05, 198170, 0, 32
50000,0,true,BAMBOO,false,false,true,true,WR,1,0,false,LH_MCSLOCK,100000,0,TOP,0.9,16,true,WR,0,false,10000000,4,YCSB,false,0.9, 459, 0, 25266,0,0,0,0, 25300, 9.8003,158101, 0.013144, 0.61774, 0.0683082, 0, 0, 1.72161, 6.24338, 0.0476255, 0, 0, 0, 0, 0, 0.000464879, 387360, 0, 531
50000,0,true,BAMBOO,false,false,true,false,WR,1,0,false,LH_MCSLOCK,100000,0,TOP,0.9,16,true,WR,0,false,10000000,4,YCSB,false,0.9, 3885, 0, 25867,0,0,0,0, 26054, 10.1403,153525, 0.0725655, 0.592929, 0.0342013, 0, 0, 1.8548, 6.14896, 0.313767, 0, 0, 0, 0, 0, 0.000272301, 389197, 0, 295
50000,0,true,BAMBOO,false,false,true,true,WR,1,0,false,LH_MCSLOCK,100000,0,TOP,0.9,16,true,WR,0,false,10000000,8,YCSB,false,0.9, 3676, 0, 22762,0,0,0,0, 22860, 17.2556,349955, 0.0737037, 1.54318, 0.290002, 0, 0, 2.44531, 11.0895, 0.308203, 0, 0, 0, 0, 0, 0.00319986, 754835, 0, 3574
50000,0,true,BAMBOO,false,false,true,false,WR,1,0,false,LH_MCSLOCK,100000,0,TOP,0.9,16,true,WR,0,false,10000000,8,YCSB,false,0.9, 17251, 0, 22447,0,0,0,0, 22852, 17.5325,350082, 0.309874, 1.30057, 0.106293, 0, 0, 2.11138, 10.454, 1.36241, 0, 0, 0, 0, 0, 0.00143779, 767227, 0, 1715
50000,0,true,BAMBOO,false,false,true,true,WR,1,0,false,LH_MCSLOCK,100000,0,TOP,0.9,16,true,WR,0,false,10000000,16,YCSB,false,0.9, 23515, 0, 16447,0,0,0,0, 16676, 25.5012,959422, 0.349923, 3.32019, 0.816517, 0, 0, 2.19423, 15.1568, 1.86605, 0, 0, 0, 0, 0, 0.0189871, 1529149, 0, 21382
50000,0,true,BAMBOO,false,false,true,false,WR,1,0,false,LH_MCSLOCK,100000,0,TOP,0.9,16,true,WR,0,false,10000000,16,YCSB,false,0.9, 68938, 0, 21683,0,0,0,0, 22546, 34.9149,709671, 1.33561, 3.11043, 0.514766, 0, 0, 3.15388, 18.9025, 5.39004, 0, 0, 0, 0, 0, 0.0075362, 1548632, 0, 9226
50000,0,true,BAMBOO,false,false,true,true,WR,1,0,false,LH_MCSLOCK,100000,0,TOP,0.9,16,true,WR,0,false,10000000,32,YCSB,false,0.9, 133918, 0, 26534,0,0,0,0, 27650, 85.1877,1.15735e+06, 3.43473, 15.4229, 5.94886, 0, 0, 6.10029, 51.9247, 10.5603, 0, 0, 0, 0, 0, 0.328431, 3080988, 0, 158053
50000,0,true,BAMBOO,false,false,true,false,WR,1,0,false,LH_MCSLOCK,100000,0,TOP,0.9,16,true,WR,0,false,10000000,32,YCSB,false,0.9, 254275, 0, 24559,0,0,0,0, 26629, 83.2698,1.20173e+06, 6.46935, 10.4478, 2.92832, 0, 0, 5.87291, 40.4264, 19.9129, 0, 0, 0, 0, 0, 0.0916123, 3127117, 0, 71327
50000,0,true,WOUND_WAIT,false,false,true,false,WR,1,0,false,LH_MCSLOCK,100000,0,TOP,0.9,16,true,WR,0,false,10000000,1,YCSB,false,0.9, 0, 0, 13753,0,0,0,0, 13753, 1.37532,72710.5, 0, 0.0698402, 0, 0, 0, 0.254309, 0.813296, 0.00307026, 0, 0, 0, 0, 2284415, 0, 100000, 0, 0
50000,0,true,WOUND_WAIT,false,false,true,false,WR,1,0,false,LH_MCSLOCK,100000,0,TOP,0.9,16,true,WR,0,false,10000000,2,YCSB,false,0.9, 1276, 0, 21427,0,0,0,0, 21528, 4.06164,92901.9, 0.0189815, 0.170625, 0, 0, 0, 0.764129, 2.30074, 0.10466, 0, 0, 0, 0, 24012548, 0.024829, 188667, 0, 2981
50000,0,true,WOUND_WAIT,false,false,true,false,WR,1,0,false,LH_MCSLOCK,100000,0,TOP,0.9,16,true,WR,0,false,10000000,4,YCSB,false,0.9, 6875, 0, 21291,0,0,0,0, 21657, 8.00081,184699, 0.135078, 0.36838, 0, 0, 0, 1.36117, 4.16316, 0.543225, 0, 0, 0, 0, 44691745, 0.28899, 369435, 0, 17294
50000,0,true,WOUND_WAIT,false,false,true,false,WR,1,0,false,LH_MCSLOCK,100000,0,TOP,0.9,16,true,WR,0,false,10000000,8,YCSB,false,0.9, 27628, 0, 21289,0,0,0,0, 22013, 16.7353,363414, 0.550219, 0.878765, 0, 0, 0, 1.87996, 8.33746, 2.15245, 0, 0, 0, 0, 84381242, 0.964997, 760230, 0, 85240
50000,0,true,WOUND_WAIT,false,false,true,false,WR,1,0,false,LH_MCSLOCK,100000,0,TOP,0.9,16,true,WR,0,false,10000000,16,YCSB,false,0.9, 86835, 0, 21311,0,0,0,0, 22514, 34.5555,710690, 1.84484, 2.23748, 0, 0, 0, 2.18974, 15.0871, 6.75348, 0, 0, 0, 0, 174975562, 3.86787, 1534891, 0, 366941
50000,0,true,WOUND_WAIT,false,false,true,false,WR,1,0,false,LH_MCSLOCK,100000,0,TOP,0.9,16,true,WR,0,false,10000000,32,YCSB,false,0.9, 262141, 0, 39974,0,0,0,0, 43243, 135.336,740022, 10.2251, 8.43063, 0, 0, 0, 6.04708, 41.7664, 20.5095, 0, 0, 0, 0, 433732858, 46.0947, 3129735, 0, 1600660
50000,0,true,SILO,false,false,true,false,WR,1,0,false,LH_MCSLOCK,100000,0,TOP,0.9,16,true,WR,0,false,10000000,1,YCSB,false,0.9, 0, 0, 13742,0,0,0,0, 13742, 1.37425,72766.8, 0, 0.0283062, 0, 0, 0, 0.258074, 0.600306, 0.00308411, 0, 0, 0, 0, 0, 0, 100000, 0, 0
50000,0,true,SILO,false,false,true,false,WR,1,0,false,LH_MCSLOCK,100000,0,TOP,0.9,16,true,WR,0,false,10000000,2,YCSB,false,0.9, 2006, 0, 25943,0,0,0,0, 26303, 4.83419,76037.6, 0.0660526, 0.0822472, 0, 0, 0, 1.04742, 2.17684, 0.164773, 0, 0, 0, 0, 0, 0, 183790, 0, 0
50000,0,true,SILO,false,false,true,false,WR,1,0,false,LH_MCSLOCK,100000,0,TOP,0.9,16,true,WR,0,false,10000000,4,YCSB,false,0.9, 11094, 0, 21140,0,0,0,0, 21903, 8.10113,182621, 0.282095, 0.161721, 0, 0, 0, 1.24878, 2.88273, 0.870648, 0, 0, 0, 0, 0, 0, 369859, 0, 0
50000,0,true,SILO,false,false,true,false,WR,1,0,false,LH_MCSLOCK,100000,0,TOP,0.9,16,true,WR,0,false,10000000,8,YCSB,false,0.9, 44173, 0, 18978,0,0,0,0, 20210, 15.0593,395852, 0.91729, 0.337157, 0, 0, 0, 1.80454, 3.69886, 3.45033, 0, 0, 0, 0, 0, 0, 745155, 0, 0
50000,0,true,SILO,false,false,true,false,WR,1,0,false,LH_MCSLOCK,100000,0,TOP,0.9,16,true,WR,0,false,10000000,16,YCSB,false,0.9, 154847, 0, 19013,0,0,0,0, 20775, 32.1205,770179, 2.72266, 0.669863, 0, 0, 0, 2.1371, 5.49884, 11.9964, 0, 0, 0, 0, 0, 0, 1546160, 0, 0
50000,0,true,SILO,false,false,true,false,WR,1,0,false,LH_MCSLOCK,100000,0,TOP,0.9,16,true,WR,0,false,10000000,32,YCSB,false,0.9, 489116, 0, 24007,0,0,0,0, 27933, 84.7364,1.14578e+06, 11.8955, 1.66703, 0, 0, 0, 5.29196, 12.4564, 38.0196, 0, 0, 0, 0, 0, 0, 3034034, 0, 0
50000,0,true,WAIT_DIE,false,false,true,false,WR,1,0,false,LH_MCSLOCK,100000,0,TOP,0.9,16,true,WR,0,false,10000000,1,YCSB,false,0.9, 0, 0, 13755,0,0,0,0, 13755, 1.3756,72695.8, 0, 0.0640717, 0, 0, 0, 0.257684, 0.810472, 0.00675378, 0, 0, 0, 0, 2733444, 0, 100000, 0, 0
50000,0,true,WAIT_DIE,false,false,true,false,WR,1,0,false,LH_MCSLOCK,100000,0,TOP,0.9,16,true,WR,0,false,10000000,2,YCSB,false,0.9, 3007, 0, 24732,0,0,0,0, 24919, 4.82945,80260, 0.0360564, 0.162411, 0, 0, 0, 1.03857, 2.60365, 0.267558, 0, 0, 0, 0, 25201846, 0.0146097, 193806, 0, 1402
50000,0,true,WAIT_DIE,false,false,true,false,WR,1,0,false,LH_MCSLOCK,100000,0,TOP,0.9,16,true,WR,0,false,10000000,4,YCSB,false,0.9, 16795, 0, 23752,0,0,0,0, 24274, 9.45555,164788, 0.202891, 0.367703, 0, 0, 0, 1.38461, 4.97639, 1.36302, 0, 0, 0, 0, 40841853, 0.0828292, 389541, 0, 8120
50000,0,true,WAIT_DIE,false,false,true,false,WR,1,0,false,LH_MCSLOCK,100000,0,TOP,0.9,16,true,WR,0,false,10000000,8,YCSB,false,0.9, 65729, 0, 24641,0,0,0,0, 25673, 19.9582,311623, 0.800915, 0.805533, 0, 0, 0, 2.08522, 8.67893, 5.20539, 0, 0, 0, 0, 81932611, 0.383285, 777427, 0, 33117
50000,0,true,WAIT_DIE,false,false,true,false,WR,1,0,false,LH_MCSLOCK,100000,0,TOP,0.9,16,true,WR,0,false,10000000,16,YCSB,false,0.9, 231732, 0, 24800,0,0,0,0, 26951, 42.1966,593698, 3.36443, 1.84649, 0, 0, 0, 2.3162, 13.0725, 18.1651, 0, 0, 0, 0, 148971601, 1.35623, 1565754, 0, 111970
50000,0,true,WAIT_DIE,false,false,true,false,WR,1,0,false,LH_MCSLOCK,100000,0,TOP,0.9,16,true,WR,0,false,10000000,32,YCSB,false,0.9, 830220, 0, 31168,0,0,0,0, 37548, 118.26,852291, 20.0862, 4.71781, 0, 0, 0, 3.4641, 25.5986, 64.9373, 0, 0, 0, 0, 329228705, 7.74678, 3149739, 0, 357153
50000,0,true,NO_WAIT,false,false,true,false,WR,1,0,false,LH_MCSLOCK,100000,0,TOP,0.9,16,true,WR,0,false,10000000,1,YCSB,false,0.9, 0, 0, 13649,0,0,0,0, 13649, 1.365,73260.1, 0, 0.0639346, 0, 0, 0, 0.25367, 0.808024, 0.00306878, 0, 0, 0, 0, 0, 0, 100000, 0, 0
50000,0,true,NO_WAIT,false,false,true,false,WR,1,0,false,LH_MCSLOCK,100000,0,TOP,0.9,16,true,WR,0,false,10000000,2,YCSB,false,0.9, 4578, 0, 27923,0,0,0,0, 28407, 5.65038,70404.9, 0.0962745, 0.168851, 0, 0, 0, 1.27057, 3.07748, 0.368754, 0, 0, 0, 0, 0, 0, 198907, 0, 0
50000,0,true,NO_WAIT,false,false,true,false,WR,1,0,false,LH_MCSLOCK,100000,0,TOP,0.9,16,true,WR,0,false,10000000,4,YCSB,false,0.9, 23918, 0, 22417,0,0,0,0, 23940, 9.15317,167084, 0.582233, 0.342402, 0, 0, 0, 1.42066, 4.11982, 1.86129, 0, 0, 0, 0, 0, 0, 382338, 0, 0
50000,0,true,NO_WAIT,false,false,true,false,WR,1,0,false,LH_MCSLOCK,100000,0,TOP,0.9,16,true,WR,0,false,10000000,8,YCSB,false,0.9, 99378, 0, 22905,0,0,0,0, 27102, 21.0357,295196, 3.25615, 0.814806, 0, 0, 0, 1.84568, 7.71342, 7.70712, 0, 0, 0, 0, 0, 0, 776209, 0, 0
50000,0,true,NO_WAIT,false,false,true,false,WR,1,0,false,LH_MCSLOCK,100000,0,TOP,0.9,16,true,WR,0,false,10000000,16,YCSB,false,0.9, 354831, 0, 22160,0,0,0,0, 31304, 49.2955,511174, 14.3946, 1.71366, 0, 0, 0, 2.21766, 12.3807, 27.4465, 0, 0, 0, 0, 0, 0, 1574910, 0, 0
50000,0,true,NO_WAIT,false,false,true,false,WR,1,0,false,LH_MCSLOCK,100000,0,TOP,0.9,16,true,WR,0,false,10000000,32,YCSB,false,0.9, 1286525, 0, 24828,0,0,0,0, 45494, 142.832,703510, 64.8664, 4.19151, 0, 0, 0, 3.49123, 24.1259, 98.3546, 0, 0, 0, 0, 0, 0, 3140109, 0, 0
50000,0,true,BAMBOO,false,false,true,true,WR,1,0,false,LH_MCSLOCK,100000,0,TOP,0.9,16,true,WR,0,false,10000000,1,YCSB,false,0.9, 0, 0, 12421,0,0,0,0, 12421, 1.24213,80506.9, 0, 0.0288804, 0.00154154, 0, 0, 0.256997, 0.504128, 0.00305977, 0, 0, 0, 0, 0, 0, 100000, 0, 0
50000,0,true,BAMBOO,false,false,true,false,WR,1,0,false,LH_MCSLOCK,100000,0,TOP,0.9,16,true,WR,0,false,10000000,1,YCSB,false,0.9, 0, 0, 12439,0,0,0,0, 12439, 1.24398,80386.8, 0, 0.0289904, 0.00152534, 0, 0, 0.258099, 0.51285, 0.00305878, 0, 0, 0, 0, 0, 0, 100000, 0, 0
50000,0,true,BAMBOO,false,false,true,true,WR,1,0,false,LH_MCSLOCK,100000,0,TOP,0.9,16,true,WR,0,false,10000000,2,YCSB,false,0.9, 24, 0, 30106,0,0,0,0, 30109, 5.91547,66424.8, 0.000552911, 0.268665, 0.0117093, 0, 0, 1.31066, 3.67259, 0.00730976, 0, 0, 0, 0, 0, 5.869e-05, 196467, 0, 69
50000,0,true,BAMBOO,false,false,true,false,WR,1,0,false,LH_MCSLOCK,100000,0,TOP,0.9,16,true,WR,0,false,10000000,2,YCSB,false,0.9, 695, 0, 27221,0,0,0,0, 27286, 5.36166,73295.2, 0.0128885, 0.269859, 0.0073297, 0, 0, 1.03363, 3.33122, 0.0595217, 0, 0, 0, 0, 0, 2.278e-05, 196492, 0, 25
50000,0,true,BAMBOO,false,false,true,true,WR,1,0,false,LH_MCSLOCK,100000,0,TOP,0.9,16,true,WR,0,false,10000000,4,YCSB,false,0.9, 395, 0, 24396,0,0,0,0, 24420, 9.35417,163800, 0.00907878, 0.601841, 0.0572395, 0, 0, 1.59038, 5.91841, 0.0414625, 0, 0, 0, 0, 0, 0.000573706, 383053, 0, 560
50000,0,true,BAMBOO,false,false,true,false,WR,1,0,false,LH_MCSLOCK,100000,0,TOP,0.9,16,true,WR,0,false,10000000,4,YCSB,false,0.9, 3989, 0, 25458,0,0,0,0, 25642, 10.1774,155992, 0.073035, 0.598398, 0.045492, 0, 0, 1.69455, 6.21536, 0.3253, 0, 0, 0, 0, 0, 0.000215474, 396899, 0, 259
50000,0,true,BAMBOO,false,false,true,true,WR,1,0,false,LH_MCSLOCK,100000,0,TOP,0.9,16,true,WR,0,false,10000000,8,YCSB,false,0.9, 3528, 0, 19404,0,0,0,0, 19483, 14.868,410596, 0.0607001, 1.42027, 0.198368, 0, 0, 1.60297, 9.69315, 0.295892, 0, 0, 0, 0, 0, 0.00325059, 763091, 0, 3610
50000,0,true,BAMBOO,false,false,true,false,WR,1,0,false,LH_MCSLOCK,100000,0,TOP,0.9,16,true,WR,0,false,10000000,8,YCSB,false,0.9, 17029, 0, 21156,0,0,0,0, 21539, 16.3078,371416, 0.28992, 1.27419, 0.087665, 0, 0, 1.70613, 9.83407, 1.34277, 0, 0, 0, 0, 0, 0.00145711, 757121, 0, 1781
50000,0,true,BAMBOO,false,false,true,true,WR,1,0,false,LH_MCSLOCK,100000,0,TOP,0.9,16,true,WR,0,false,10000000,16,YCSB,false,0.9, 24770, 0, 19323,0,0,0,0, 19600, 30.2822,816309, 0.427812, 3.43174, 0.702065, 0, 0, 2.50106, 19.0086, 1.96545, 0, 0, 0, 0, 0, 0.0185642, 1544979, 0, 19757
50000,0,true,BAMBOO,false,false,true,false,WR,1,0,false,LH_MCSLOCK,100000,0,TOP,0.9,16,true,WR,0,false,10000000,16,YCSB,false,0.9, 69563, 0, 20253,0,0,0,0, 21069, 32.816,759414, 1.26985, 2.84592, 0.321199, 0, 0, 2.57244, 17.6062, 5.42417, 0, 0, 0, 0, 0, 0.00727448, 1557558, 0, 9326
50000,0,true,BAMBOO,false,false,true,true,WR,1,0,false,LH_MCSLOCK,100000,0,TOP,0.9,16,true,WR,0,false,10000000,32,YCSB,false,0.9, 133773, 0, 28100,0,0,0,0, 29303, 89.3663,1.09203e+06, 3.66758, 16.91, 6.62794, 0, 0, 6.11863, 54.037, 10.5262, 0, 0, 0, 0, 0, 0.3959, 3049709, 0, 161667
50000,0,true,BAMBOO,false,false,true,false,WR,1,0,false,LH_MCSLOCK,100000,0,TOP,0.9,16,true,WR,0,false,10000000,32,YCSB,false,0.9, 251126, 0, 26553,0,0,0,0, 28743, 89.012,1.11332e+06, 6.78011, 13.334, 4.70973, 0, 0, 6.5165, 45.5422, 19.6341, 0, 0, 0, 0, 0, 0.150614, 3096850, 0, 88442
50000,0,true,WOUND_WAIT,false,false,true,false,WR,1,0,false,LH_MCSLOCK,100000,0,TOP,0.9,16,true,WR,0,false,10000000,1,YCSB,false,0.9, 0, 0, 13852,0,0,0,0, 13852, 1.38529,72187, 0, 0.0689538, 0, 0, 0, 0.253318, 0.822643, 0.00306829, 0, 0, 0, 0, 2249167, 0, 100000, 0, 0
50000,0,true,WOUND_WAIT,false,false,true,false,WR,1,0,false,LH_MCSLOCK,100000,0,TOP,0.9,16,true,WR,0,false,10000000,2,YCSB,false,0.9, 1334, 0, 28903,0,0,0,0, 29039, 5.48724,68871.8, 0.025678, 0.192104, 0, 0, 0, 1.20161, 3.1419, 0.109982, 0, 0, 0, 0, 28699424, 0.042932, 188958, 0, 2848
50000,0,true,WOUND_WAIT,false,false,true,false,WR,1,0,false,LH_MCSLOCK,100000,0,TOP,0.9,16,true,WR,0,false,10000000,4,YCSB,false,0.9, 6934, 0, 24683,0,0,0,0, 25049, 9.23298,159687, 0.134749, 0.394081, 0, 0, 0, 1.63069, 5.15389, 0.548807, 0, 0, 0, 0, 47699311, 0.196207, 368596, 0, 17830
50000,0,true,WOUND_WAIT,false,false,true,false,WR,1,0,false,LH_MCSLOCK,100000,0,TOP,0.9,16,true,WR,0,false,10000000,8,YCSB,false,0.9, 26665, 0, 19333,0,0,0,0, 19993, 15.0288,400137, 0.496039, 0.849562, 0, 0, 0, 1.71707, 7.22959, 2.08646, 0, 0, 0, 0, 89092036, 0.845716, 751697, 0, 85396
50000,0,true,WOUND_WAIT,false,false,true,false,WR,1,0,false,LH_MCSLOCK,100000,0,TOP,0.9,16,true,WR,0,false,10000000,16,YCSB,false,0.9, 87267, 0, 21403,0,0,0,0, 22630, 34.4761,707027, 1.86796, 2.14092, 0, 0, 0, 2.23281, 14.1775, 6.78481, 0, 0, 0, 0, 179772428, 4.50018, 1523470, 0, 364910
50000,0,true,WOUND_WAIT,false,false,true,false,WR,1,0,false,LH_MCSLOCK,100000,0,TOP,0.9,16,true,WR,0,false,10000000,32,YCSB,false,0.9, 256701, 0, 36239,0,0,0,0, 39245, 121.725,815410, 9.32058, 7.87111, 0, 0, 0, 5.96229, 36.3665, 20.0684, 0, 0, 0, 0, 435196898, 40.6952, 3101731, 0, 1563224
50000,0,true,SILO,false,false,true,false,WR,1,0,false,LH_MCSLOCK,100000,0,TOP,0.9,16,true,WR,0,false,10000000,1,YCSB,false,0.9, 0, 0, 14057,0,0,0,0, 14057, 1.4057,71138.7, 0, 0.0284146, 0, 0, 0, 0.26828, 0.617554, 0.00308809, 0, 0, 0, 0, 0, 0, 100000, 0, 0
50000,0,true,SILO,false,false,true,false,WR,1,0,false,LH_MCSLOCK,100000,0,TOP,0.9,16,true,WR,0,false,10000000,2,YCSB,false,0.9, 2148, 0, 28347,0,0,0,0, 28824, 5.48704,69385.3, 0.0908124, 0.0925373, 0, 0, 0, 1.18719, 2.51123, 0.173523, 0, 0, 0, 0, 0, 0, 190360, 0, 0
50000,0,true,SILO,false,false,true,false,WR,1,0,false,LH_MCSLOCK,100000,0,TOP,0.9,16,true,WR,0,false,10000000,4,YCSB,false,0.9, 11471, 0, 24049,0,0,0,0, 24950, 9.44518,160322, 0.340886, 0.188084, 0, 0, 0, 1.75522, 3.46775, 0.900953, 0, 0, 0, 0, 0, 0, 378568, 0, 0
50000,0,true,SILO,false,false,true,false,WR,1,0,false,LH_MCSLOCK,100000,0,TOP,0.9,16,true,WR,0,false,10000000,8,YCSB,false,0.9, 45786, 0, 19510,0,0,0,0, 20700, 16.0447,386475, 0.921743, 0.333803, 0, 0, 0, 1.68552, 4.10064, 3.57157, 0, 0, 0, 0, 0, 0, 775108, 0, 0
50000,0,true,SILO,false,false,true,false,WR,1,0,false,LH_MCSLOCK,100000,0,TOP,0.9,16,true,WR,0,false,10000000,16,YCSB,false,0.9, 152241, 0, 18175,0,0,0,0, 19750, 30.1536,810166, 2.40327, 0.633905, 0, 0, 0, 1.90493, 4.00663, 11.8204, 0, 0, 0, 0, 0, 0, 1526836, 0, 0
50000,0,true,SILO,false,false,true,false,WR,1,0,false,LH_MCSLOCK,100000,0,TOP,0.9,16,true,WR,0,false,10000000,32,YCSB,false,0.9, 470393, 0, 22282,0,0,0,0, 25527, 74.9627,1.25371e+06, 9.52161, 1.5284, 0, 0, 0, 4.35013, 9.02526, 36.6206, 0, 0, 0, 0, 0, 0, 2936915, 0, 0
50000,0,true,WAIT_DIE,false,false,true,false,WR,1,0,false,LH_MCSLOCK,100000,0,TOP,0.9,16,true,WR,0,false,10000000,1,YCSB,false,0.9, 0, 0, 13741,0,0,0,0, 13741, 1.37417,72770.9, 0, 0.0639422, 0, 0, 0, 0.254931, 0.810414, 0.00675027, 0, 0, 0, 0, 2701363, 0, 100000, 0, 0
50000,0,true,WAIT_DIE,false,false,true,false,WR,1,0,false,LH_MCSLOCK,100000,0,TOP,0.9,16,true,WR,0,false,10000000,2,YCSB,false,0.9, 2906, 0, 23344,0,0,0,0, 23496, 4.67099,85120.3, 0.0302, 0.170559, 0, 0, 0, 0.865619, 2.6143, 0.261429, 0, 0, 0, 0, 29222182, 0.0152646, 198798, 0, 1536
50000,0,true,WAIT_DIE,false,false,true,false,WR,1,0,false,LH_MCSLOCK,100000,0,TOP,0.9,16,true,WR,0,false,10000000,4,YCSB,false,0.9, 15531, 0, 20230,0,0,0,0, 20630, 7.62377,193893, 0.14769, 0.345945, 0, 0, 0, 0.817713, 3.80698, 1.26773, 0, 0, 0, 0, 45767145, 0.0643417, 369548, 0, 7503
50000,0,true,WAIT_DIE,false,false,true,false,WR,1,0,false,LH_MCSLOCK,100000,0,TOP,0.9,16,true,WR,0,false,10000000,8,YCSB,false,0.9, 65499, 0, 22028,0,0,0,0, 22945, 17.8519,348662, 0.713305, 0.792196, 0, 0, 0, 1.50842, 7.26905, 5.19454, 0, 0, 0, 0, 88076564, 0.316857, 778036, 0, 32824
50000,0,true,WAIT_DIE,false,false,true,false,WR,1,0,false,LH_MCSLOCK,100000,0,TOP,0.9,16,true,WR,0,false,10000000,16,YCSB,false,0.9, 236419, 0, 25391,0,0,0,0, 27723, 43.119,577164, 3.62416, 1.84419, 0, 0, 0, 2.27494, 13.5887, 18.5277, 0, 0, 0, 0, 155352378, 1.42219, 1555422, 0, 112400
50000,0,true,WAIT_DIE,false,false,true,false,WR,1,0,false,LH_MCSLOCK,100000,0,TOP,0.9,16,true,WR,0,false,10000000,32,YCSB,false,0.9, 908058, 0, 37256,0,0,0,0, 45597, 143.593,701867, 26.255, 5.09504, 0, 0, 0, 6.02882, 33.1639, 71.3816, 0, 0, 0, 0, 299372089, 12.138, 3149487, 0, 375710
50000,0,true,NO_WAIT,false,false,true,false,WR,1,0,false,LH_MCSLOCK,100000,0,TOP,0.9,16,true,WR,0,false,10000000,1,YCSB,false,0.9, 0, 0, 13701,0,0,0,0, 13701, 1.37018,72982.9, 0, 0.0636321, 0, 0, 0, 0.255016, 0.813442, 0.00306678, 0, 0, 0, 0, 0, 0, 100000, 0, 0
50000,0,true,NO_WAIT,false,false,true,false,WR,1,0,false,LH_MCSLOCK,100000,0,TOP,0.9,16,true,WR,0,false,10000000,2,YCSB,false,0.9, 4442, 0, 27041,0,0,0,0, 27481, 5.40467,72775.6, 0.0865972, 0.168378, 0, 0, 0, 1.12396, 2.95847, 0.352023, 0, 0, 0, 0, 0, 0, 196664, 0, 0
50000,0,true,NO_WAIT,false,false,true,false,WR,1,0,false,LH_MCSLOCK,100000,0,TOP,0.9,16,true,WR,0,false,10000000,4,YCSB,false,0.9, 24053, 0, 22391,0,0,0,0, 23950, 9.09679,167017, 0.591825, 0.355866, 0, 0, 0, 1.09274, 4.31711, 1.87673, 0, 0, 0, 0, 0, 0, 379829, 0, 0
50000,0,true,NO_WAIT,false,false,true,false,WR,1,0,false,LH_MCSLOCK,100000,0,TOP,0.9,16,true,WR,0,false,10000000,8,YCSB,false,0.9, 100152, 0, 23586,0,0,0,0, 27824, 21.6889,287536, 3.30263, 0.798334, 0, 0, 0, 1.96131, 8.17554, 7.76732, 0, 0, 0, 0, 0, 0, 779543, 0, 0
50000,0,true,NO_WAIT,false,false,true,false,WR,1,0,false,LH_MCSLOCK,100000,0,TOP,0.9,16,true,WR,0,false,10000000,16,YCSB,false,0.9, 352556, 0, 22024,0,0,0,0, 31152, 48.9042,513654, 14.3259, 1.7, 0, 0, 0, 2.19469, 12.1997, 27.3632, 0, 0, 0, 0, 0, 0, 1569990, 0, 0
50000,0,true,NO_WAIT,false,false,true,false,WR,1,0,false,LH_MCSLOCK,100000,0,TOP,0.9,16,true,WR,0,false,10000000,32,YCSB,false,0.9, 1349038, 0, 26348,0,0,0,0, 48760, 152.181,656373, 69.9335, 4.42237, 0, 0, 0, 4.06462, 27.1672, 103.26, 0, 0, 0, 0, 0, 0, 3121489, 0, 0
50000,0,true,BAMBOO,false,false,true,true,WR,1,0,false,LH_MCSLOCK,100000,0,TOP,0.9,16,true,WR,0,false,10000000,1,YCSB,false,0.9, 0, 0, 12298,0,0,0,0, 12298, 1.2298,81314, 0, 0.0289281, 0.00154163, 0, 0, 0.254583, 0.499745, 0.00306096, 0, 0, 0, 0, 0, 0, 100000, 0, 0
50000,0,true,BAMBOO,false,false,true,false,WR,1,0,false,LH_MCSLOCK,100000,0,TOP,0.9,16,true,WR,0,false,10000000,1,YCSB,false,0.9, 0, 0, 12020,0,0,0,0, 12020, 1.20201,83193.7, 0, 0.0286222, 0.00152579, 0, 0, 0.246784, 0.492482, 0.00306208, 0, 0, 0, 0, 0, 0, 100000, 0, 0
50000,0,true,BAMBOO,false,false,true,true,WR,1,0,false,LH_MCSLOCK,100000,0,TOP,0.9,16,true,WR,0,false,10000000,2,YCSB,false,0.9, 23, 0, 24960,0,0,0,0, 24962, 4.87387,80119, 0.000505296, 0.254653, 0.0105437, 0, 0, 0.898443, 3.05566, 0.00716754, 0, 0, 0, 0, 0, 5.8288e-05, 195245, 0, 69
50000,0,true,BAMBOO,false,false,true,false,WR,1,0,false,LH_MCSLOCK,100000,0,TOP,0.9,16,true,WR,0,false,10000000,2,YCSB,false,0.9, 684, 0, 28187,0,0,0,0, 28265, 5.34943,70758.2, 0.0146838, 0.252763, 0.00702536, 0, 0, 0.995845, 3.38899, 0.0594707, 0, 0, 0, 0, 0, 2.0254e-05, 189258, 0, 23
50000,0,true,BAMBOO,false,false,true,true,WR,1,0,false,LH_MCSLOCK,100000,0,TOP,0.9,16,true,WR,0,false,10000000,4,YCSB,false,0.9, 367, 0, 26131,0,0,0,0, 26153, 9.49564,152946, 0.0079848, 0.602822, 0.0732282, 0, 0, 1.81169, 5.98233, 0.0390091, 0, 0, 0, 0, 0, 0.00043257, 363080, 0, 489
50000,0,true,BAMBOO,false,false,true,false,WR,1,0,false,LH_MCSLOCK,100000,0,TOP,0.9,16,true,WR,0,false,10000000,4,YCSB,false,0.9, 3770, 0, 23521,0,0,0,0, 23700, 8.72751,168777, 0.0656465, 0.551419, 0.035839, 0, 0, 1.40407, 5.2508, 0.303753, 0, 0, 0, 0, 0, 0.000253185, 368251, 0, 308
50000,0,true,BAMBOO,false,false,true,true,WR,1,0,false,LH_MCSLOCK,100000,0,TOP,0.9,16,true,WR,0,false,10000000,8,YCSB,false,0.9, 3697, 0, 19775,0,0,0,0, 19859, 15.2159,402827, 0.064419, 1.44547, 0.230923, 0, 0, 1.9221, 9.6639, 0.312216, 0, 0, 0, 0, 0, 0.00325252, 766169, 0, 3687
50000,0,true,BAMBOO,false,false,true,false,WR,1,0,false,LH_MCSLOCK,100000,0,TOP,0.9,16,true,WR,0,false,10000000,8,YCSB,false,0.9, 17064, 0, 21546,0,0,0,0, 21927, 16.7706,364844, 0.291482, 1.32308, 0.168465, 0, 0, 1.92845, 9.98985, 1.34426, 0, 0, 0, 0, 0, 0.00133436, 764830, 0, 1674
50000,0,true,BAMBOO,false,false,true,true,WR,1,0,false,LH_MCSLOCK,100000,0,TOP,0.9,16,true,WR,0,false,10000000,16,YCSB,false,0.9, 23855, 0, 17437,0,0,0,0, 17676, 27.2561,905182, 0.368108, 3.0422, 0.63185, 0, 0, 2.35003, 16.4012, 1.89041, 0, 0, 0, 0, 0, 0.0147027, 1541986, 0, 18178
50000,0,true,BAMBOO,false,false,true,false,WR,1,0,false,LH_MCSLOCK,100000,0,TOP,0.9,16,true,WR,0,false,10000000,16,YCSB,false,0.9, 66999, 0, 18470,0,0,0,0, 19209, 29.6526,832955, 1.14023, 2.7788, 0.316865, 0, 0, 2.38899, 15.3088, 5.22904, 0, 0, 0, 0, 0, 0.00822892, 1543704, 0, 10501
50000,0,true,BAMBOO,false,false,true,true,WR,1,0,false,LH_MCSLOCK,100000,0,TOP,0.9,16,true,WR,0,false,10000000,32,YCSB,false,0.9, 132739, 0, 25143,0,0,0,0, 26188, 80.2951,1.22193e+06, 3.20407, 13.2397, 4.5235, 0, 0, 6.51372, 46.9604, 10.4561, 0, 0, 0, 0, 0, 0.274837, 3066087, 0, 148271
50000,0,true,BAMBOO,false,false,true,false,WR,1,0,false,LH_MCSLOCK,100000,0,TOP,0.9,16,true,WR,0,false,10000000,32,YCSB,false,0.9, 249333, 0, 22836,0,0,0,0, 24767, 77.3644,1.29208e+06, 6.02721, 10.1211, 2.37362, 0, 0, 3.85336, 37.9489, 19.497, 0, 0, 0, 0, 0, 0.109648, 3123790, 0, 79316
50000,0,true,WOUND_WAIT,false,false,true,false,WR,1,0,false,LH_MCSLOCK,100000,0,TOP,0.9,16,true,WR,0,false,10000000,1,YCSB,false,0.9, 0, 0, 13805,0,0,0,0, 13805, 1.38057,72434.1, 0, 0.0687089, 0, 0, 0, 0.254642, 0.817357, 0.00307651, 0, 0, 0, 0, 2324437, 0, 100000, 0, 0
50000,0,true,WOUND_WAIT,false,false,true,false,WR,1,0,false,LH_MCSLOCK,100000,0,TOP,0.9,16,true,WR,0,false,10000000,2,YCSB,false,0.9, 1304, 0, 23352,0,0,0,0, 23459, 4.51164,85253.7, 0.0205996, 0.176571, 0, 0, 0, 0.882252, 2.60052, 0.106612, 0, 0, 0, 0, 24667715, 0.036239, 192317, 0, 3037
50000,0,true,WOUND_WAIT,false,false,true,false,WR,1,0,false,LH_MCSLOCK,100000,0,TOP,0.9,16,true,WR,0,false,10000000,4,YCSB,false,0.9, 6694, 0, 23780,0,0,0,0, 24134, 8.65761,165739, 0.126796, 0.373377, 0, 0, 0, 1.44986, 4.75632, 0.52888, 0, 0, 0, 0, 48472196, 0.207943, 358727, 0, 17309
50000,0,true,WOUND_WAIT,false,false,true,false,WR,1,0,false,LH_MCSLOCK,100000,0,TOP,0.9,16,true,WR,0,false,10000000,8,YCSB,false,0.9, 28546, 0, 21226,0,0,0,0, 21973, 17.1189,364077, 0.581903, 0.951281, 0, 0, 0, 1.82673, 8.51644, 2.23682, 0, 0, 0, 0, 108213421, 0.967077, 779072, 0, 88682
50000,0,true,WOUND_WAIT,false,false,true,false,WR,1,0,false,LH_MCSLOCK,100000,0,TOP,0.9,16,true,WR,0,false,10000000,16,YCSB,false,0.9, 89021, 0, 23637,0,0,0,0, 24952, 38.4187,641248, 2.02257, 2.31754, 0, 0, 0, 2.82161, 16.4769, 6.92208, 0, 0, 0, 0, 188479244, 4.94324, 1539746, 0, 376735
50000,0,true,WOUND_WAIT,false,false,true,false,WR,1,0,false,LH_MCSLOCK,100000,0,TOP,0.9,16,true,WR,0,false,10000000,32,YCSB,false,0.9, 255310, 0, 36297,0,0,0,0, 39298, 122.081,814311, 9.31798, 7.94168, 0, 0, 0, 5.60417, 36.2088, 19.9003, 0, 0, 0, 0, 438405197, 41.9825, 3106618, 0, 1568341
50000,0,true,SILO,false,false,true,false,WR,1,0,false,LH_MCSLOCK,100000,0,TOP,0.9,16,true,WR,0,false,10000000,1,YCSB,false,0.9, 0, 0, 14011,0,0,0,0, 14011, 1.40111,71371.9, 0, 0.028975, 0, 0, 0, 0.264885, 0.610806, 0.00308192, 0, 0, 0, 0, 0, 0, 100000, 0, 0
50000,0,true,SILO,false,false,true,false,WR,1,0,false,LH_MCSLOCK,100000,0,TOP,0.9,16,true,WR,0,false,10000000,2,YCSB,false,0.9, 2061, 0, 17680,0,0,0,0, 17905, 3.30661,111698, 0.041558, 0.0684878, 0, 0, 0, 0.440549, 1.27422, 0.165425, 0, 0, 0, 0, 0, 0, 184670, 0, 0
50000,0,true,SILO,false,false,true,false,WR,1,0,false,LH_MCSLOCK,100000,0,TOP,0.9,16,true,WR,0,false,10000000,4,YCSB,false,0.9, 11352, 0, 21808,0,0,0,0, 22600, 8.53383,176994, 0.29858, 0.171212, 0, 0, 0, 1.50443, 2.90283, 0.896127, 0, 0, 0, 0, 0, 0, 377609, 0, 0
50000,0,true,SILO,false,false,true,false,WR,1,0,false,LH_MCSLOCK,100000,0,TOP,0.9,16,true,WR,0,false,10000000,8,YCSB,false,0.9, 45984, 0, 20653,0,0,0,0, 22021, 16.8542,363303, 1.04618, 0.362066, 0, 0, 0, 2.13142, 4.59959, 3.58435, 0, 0, 0, 0, 0, 0, 765399, 0, 0
50000,0,true,SILO,false,false,true,false,WR,1,0,false,LH_MCSLOCK,100000,0,TOP,0.9,16,true,WR,0,false,10000000,16,YCSB,false,0.9, 147591, 0, 17331,0,0,0,0, 18881, 28.6422,847451, 2.34882, 0.611948, 0, 0, 0, 1.94083, 4.07997, 11.4476, 0, 0, 0, 0, 0, 0, 1517055, 0, 0
50000,0,true,SILO,false,false,true,false,WR,1,0,false,LH_MCSLOCK,100000,0,TOP,0.9,16,true,WR,0,false,10000000,32,YCSB,false,0.9, 500069, 0, 23137,0,0,0,0, 26632, 82.1436,1.20168e+06, 10.7713, 1.64729, 0, 0, 0, 3.96894, 11.707, 38.9435, 0, 0, 0, 0, 0, 0, 3084693, 0, 0
50000,0,true,WAIT_DIE,false,false,true,false,WR,1,0,false,LH_MCSLOCK,100000,0,TOP,0.9,16,true,WR,0,false,10000000,1,YCSB,false,0.9, 0, 0, 13775,0,0,0,0, 13775, 1.37751,72594.9, 0, 0.0646674, 0, 0, 0, 0.256151, 0.812232, 0.00674441, 0, 0, 0, 0, 2721580, 0, 100000, 0, 0
50000,0,true,WAIT_DIE,false,false,true,false,WR,1,0,false,LH_MCSLOCK,100000,0,TOP,0.9,16,true,WR,0,false,10000000,2,YCSB,false,0.9, 3033, 0, 27444,0,0,0,0, 27614, 5.5186,72425.2, 0.0340532, 0.17315, 0, 0, 0, 1.23314, 3.05969, 0.267908, 0, 0, 0, 0, 20652792, 0.0158012, 199843, 0, 1444
50000,0,true,WAIT_DIE,false,false,true,false,WR,1,0,false,LH_MCSLOCK,100000,0,TOP,0.9,16,true,WR,0,false,10000000,4,YCSB,false,0.9, 16039, 0, 23838,0,0,0,0, 24237, 9.43133,165037, 0.155113, 0.365469, 0, 0, 0, 1.54888, 4.69728, 1.31168, 0, 0, 0, 0, 52021714, 0.086385, 389129, 0, 8167
50000,0,true,WAIT_DIE,false,false,true,false,WR,1,0,false,LH_MCSLOCK,100000,0,TOP,0.9,16,true,WR,0,false,10000000,8,YCSB,false,0.9, 65403, 0, 23721,0,0,0,0, 24695, 18.9875,323957, 0.747973, 0.817251, 0, 0, 0, 1.9047, 7.87122, 5.18981, 0, 0, 0, 0, 88653818, 0.346682, 768893, 0, 32340
50000,0,true,WAIT_DIE,false,false,true,false,WR,1,0,false,LH_MCSLOCK,100000,0,TOP,0.9,16,true,WR,0,false,10000000,16,YCSB,false,0.9, 234825, 0, 24809,0,0,0,0, 26955, 42.6484,593603, 3.39331, 1.7499, 0, 0, 0, 2.02331, 13.7352, 18.3246, 0, 0, 0, 0, 140013767, 1.36313, 1582263, 0, 113942
50000,0,true,WAIT_DIE,false,false,true,false,WR,1,0,false,LH_MCSLOCK,100000,0,TOP,0.9,16,true,WR,0,false,10000000,32,YCSB,false,0.9, 878630, 0, 34139,0,0,0,0, 41746, 131.722,766596, 23.9921, 4.90826, 0, 0, 0, 4.61673, 30.0877, 68.7729, 0, 0, 0, 0, 317145804, 10.1827, 3155544, 0, 363915
50000,0,true,NO_WAIT,false,false,true,false,WR,1,0,false,LH_MCSLOCK,100000,0,TOP,0.9,16,true,WR,0,false,10000000,1,YCSB,false,0.9, 0, 0, 13735,0,0,0,0, 13735, 1.37354,72804.7, 0, 0.0643021, 0, 0, 0, 0.254916, 0.811577, 0.0030566, 0, 0, 0, 0, 0, 0, 100000, 0, 0
50000,0,true,NO_WAIT,false,false,true,false,WR,1,0,false,LH_MCSLOCK,100000,0,TOP,0.9,16,true,WR,0,false,10000000,2,YCSB,false,0.9, 4419, 0, 25539,0,0,0,0, 25992, 5.03925,76947.1, 0.0877982, 0.159063, 0, 0, 0, 1.04007, 2.76844, 0.349368, 0, 0, 0, 0, 0, 0, 193878, 0, 0
50000,0,true,NO_WAIT,false,false,true,false,WR,1,0,false,LH_MCSLOCK,100000,0,TOP,0.9,16,true,WR,0,false,10000000,4,YCSB,false,0.9, 24781, 0, 24877,0,0,0,0, 26488, 10.3318,151016, 0.627869, 0.365303, 0, 0, 0, 1.60167, 4.90686, 1.93312, 0, 0, 0, 0, 0, 0, 390067, 0, 0
50000,0,true,NO_WAIT,false,false,true,false,WR,1,0,false,LH_MCSLOCK,100000,0,TOP,0.9,16,true,WR,0,false,10000000,8,YCSB,false,0.9, 101326, 0, 23693,0,0,0,0, 27957, 21.8957,286165, 3.33845, 0.80956, 0, 0, 0, 1.84993, 8.28667, 7.88404, 0, 0, 0, 0, 0, 0, 783223, 0, 0
50000,0,true,NO_WAIT,false,false,true,false,WR,1,0,false,LH_MCSLOCK,100000,0,TOP,0.9,16,true,WR,0,false,10000000,16,YCSB,false,0.9, 348241, 0, 21833,0,0,0,0, 30699, 48.1507,521214, 13.9044, 1.65311, 0, 0, 0, 2.04662, 11.9535, 26.9206, 0, 0, 0, 0, 0, 0, 1568551, 0, 0
50000,0,true,NO_WAIT,false,false,true,false,WR,1,0,false,LH_MCSLOCK,100000,0,TOP,0.9,16,true,WR,0,false,10000000,32,YCSB,false,0.9, 1164825, 0, 22555,0,0,0,0, 40370, 127.256,792776, 56.145, 3.90201, 0, 0, 0, 2.71003, 19.2345, 89.618, 0, 0, 0, 0, 0, 0, 3152683, 0, 0
50000,0,true,BAMBOO,false,false,true,true,WR,1,0,false,LH_MCSLOCK,100000,0,TOP,0.9,16,true,WR,0,false,10000000,1,YCSB,false,0.9, 0, 0, 12383,0,0,0,0, 12383, 1.23834,80753.4, 0, 0.0287961, 0.00154093, 0, 0, 0.259182, 0.502673, 0.00306112, 0, 0, 0, 0, 0, 0, 100000, 0, 0
50000,0,true,BAMBOO,false,false,true,false,WR,1,0,false,LH_MCSLOCK,100000,0,TOP,0.9,16,true,WR,0,false,10000000,1,YCSB,false,0.9, 0, 0, 12399,0,0,0,0, 12399, 1.23996,80647.9, 0, 0.0286954, 0.00152618, 0, 0, 0.255652, 0.513632, 0.00307899, 0, 0, 0, 0, 0, 0, 100000, 0, 0
50000,0,true,BAMBOO,false,false,true,true,WR,1,0,false,LH_MCSLOCK,100000,0,TOP,0.9,16,true,WR,0,false,10000000,2,YCSB,false,0.9, 19, 0, 28572,0,0,0,0, 28573, 5.44968,69993.8, 0.000321309, 0.260521, 0.0238637, 0, 0, 1.08774, 3.43683, 0.00694211, 0, 0, 0, 0, 0, 3.246e-05, 190722, 0, 44
50000,0,true,BAMBOO,false,false,true,false,WR,1,0,false,LH_MCSLOCK,100000,0,TOP,0.9,16,true,WR,0,false,10000000,2,YCSB,false,0.9, 627, 0, 25915,0,0,0,0, 25974, 4.7749,76998.5, 0.0108672, 0.246164, 0.0137746, 0, 0, 0.787602, 3.04411, 0.0543149, 0, 0, 0, 0, 0, 1.9647e-05, 183830, 0, 26
50000,0,true,BAMBOO,false,false,true,true,WR,1,0,false,LH_MCSLOCK,100000,0,TOP,0.9,16,true,WR,0,false,10000000,4,YCSB,false,0.9, 362, 0, 21961,0,0,0,0, 21981, 8.15821,181974, 0.00723285, 0.560281, 0.0666622, 0, 0, 1.38811, 5.08653, 0.0381253, 0, 0, 0, 0, 0, 0.000446637, 371146, 0, 555
50000,0,true,BAMBOO,false,false,true,false,WR,1,0,false,LH_MCSLOCK,100000,0,TOP,0.9,16,true,WR,0,false,10000000,4,YCSB,false,0.9, 3872, 0, 25791,0,0,0,0, 25978, 10.0132,153972, 0.0721685, 0.594827, 0.050848, 0, 0, 1.80055, 6.07998, 0.314494, 0, 0, 0, 0, 0, 0.000207344, 385437, 0, 267
50000,0,true,BAMBOO,false,false,true,true,WR,1,0,false,LH_MCSLOCK,100000,0,TOP,0.9,16,true,WR,0,false,10000000,8,YCSB,false,0.9, 3688, 0, 20866,0,0,0,0, 20951, 16.1675,381844, 0.0655365, 1.42701, 0.270736, 0, 0, 2.01274, 10.4432, 0.309871, 0, 0, 0, 0, 0, 0.00277805, 771685, 0, 3301
50000,0,true,BAMBOO,false,false,true,false,WR,1,0,false,LH_MCSLOCK,100000,0,TOP,0.9,16,true,WR,0,false,10000000,8,YCSB,false,0.9, 17593, 0, 21951,0,0,0,0, 22344, 17.3314,358030, 0.304694, 1.3367, 0.0996997, 0, 0, 2.13422, 10.2125, 1.38695, 0, 0, 0, 0, 0, 0.0160683, 775647, 0, 1963
50000,0,true,BAMBOO,false,false,true,true,WR,1,0,false,LH_MCSLOCK,100000,0,TOP,0.9,16,true,WR,0,false,10000000,16,YCSB,false,0.9, 23929, 0, 18979,0,0,0,0, 19251, 28.9499,831130, 0.408282, 3.52176, 0.678388, 0, 0, 2.22445, 18.2385, 1.9049, 0, 0, 0, 0, 0, 0.0237809, 1503821, 0, 22434
50000,0,true,BAMBOO,false,false,true,false,WR,1,0,false,LH_MCSLOCK,100000,0,TOP,0.9,16,true,WR,0,false,10000000,16,YCSB,false,0.9, 67558, 0, 22750,0,0,0,0, 23649, 35.9968,676581, 1.36686, 3.61613, 0.613286, 0, 0, 3.14661, 20.0578, 5.28899, 0, 0, 0, 0, 0, 0.0117914, 1522172, 0, 11276
50000,0,true,BAMBOO,false,false,true,true,WR,1,0,false,LH_MCSLOCK,100000,0,TOP,0.9,16,true,WR,0,false,10000000,32,YCSB,false,0.9, 132421, 0, 27104,0,0,0,0, 28234, 87.1044,1.13339e+06, 3.48362, 14.4637, 5.06791, 0, 0, 6.26944, 52.0281, 10.4788, 0, 0, 0, 0, 0, 0.286906, 3085103, 0, 139201
50000,0,true,BAMBOO,false,false,true,false,WR,1,0,false,LH_MCSLOCK,100000,0,TOP,0.9,16,true,WR,0,false,10000000,32,YCSB,false,0.9, 255214, 0, 26524,0,0,0,0, 28726, 89.634,1.11402e+06, 6.86615, 11.9402, 4.1118, 0, 0, 5.55463, 45.3478, 20.0357, 0, 0, 0, 0, 0, 0.0926446, 3120445, 0, 69091
50000,0,true,WOUND_WAIT,false,false,true,false,WR,1,0,false,LH_MCSLOCK,100000,0,TOP,0.9,16,true,WR,0,false,10000000,1,YCSB,false,0.9, 0, 0, 13896,0,0,0,0, 13896, 1.38965,71960.6, 0, 0.06885, 0, 0, 0, 0.256076, 0.821185, 0.00306498, 0, 0, 0, 0, 2272617, 0, 100000, 0, 0
50000,0,true,WOUND_WAIT,false,false,true,false,WR,1,0,false,LH_MCSLOCK,100000,0,TOP,0.9,16,true,WR,0,false,10000000,2,YCSB,false,0.9, 1259, 0, 19259,0,0,0,0, 19347, 3.62741,103375, 0.0163439, 0.167088, 0, 0, 0, 0.538408, 2.12024, 0.103456, 0, 0, 0, 0, 23277004, 0.0217457, 187491, 0, 2953
50000,0,true,WOUND_WAIT,false,false,true,false,WR,1,0,false,LH_MCSLOCK,100000,0,TOP,0.9,16,true,WR,0,false,10000000,4,YCSB,false,0.9, 6807, 0, 22316,0,0,0,0, 22662, 8.16334,176508, 0.124438, 0.385927, 0, 0, 0, 1.23823, 4.5913, 0.537491, 0, 0, 0, 0, 46205794, 0.136178, 360223, 0, 17288
50000,0,true,WOUND_WAIT,false,false,true,false,WR,1,0,false,LH_MCSLOCK,100000,0,TOP,0.9,16,true,WR,0,false,10000000,8,YCSB,false,0.9, 28821, 0, 22556,0,0,0,0, 23331, 18.2166,342897, 0.604204, 0.940635, 0, 0, 0, 2.06043, 9.34601, 2.24851, 0, 0, 0, 0, 97135838, 0.948416, 780802, 0, 88629
50000,0,true,WOUND_WAIT,false,false,true,false,WR,1,0,false,LH_MCSLOCK,100000,0,TOP,0.9,16,true,WR,0,false,10000000,16,YCSB,false,0.9, 88041, 0, 21516,0,0,0,0, 22744, 34.7518,703488, 1.87598, 2.14275, 0, 0, 0, 2.1668, 14.2286, 6.84035, 0, 0, 0, 0, 171402653, 4.64634, 1527968, 0, 365077
50000,0,true,WOUND_WAIT,false,false,true,false,WR,1,0,false,LH_MCSLOCK,100000,0,TOP,0.9,16,true,WR,0,false,10000000,32,YCSB,false,0.9, 258523, 0, 40320,0,0,0,0, 43588, 135.035,734166, 10.1192, 7.7208, 0, 0, 0, 7.28458, 38.6672, 20.279, 0, 0, 0, 0, 431313649, 49.0869, 3098054, 0, 1570958
50000,0,true,SILO,false,false,true,false,WR,1,0,false,LH_MCSLOCK,100000,0,TOP,0.9,16,true,WR,0,false,10000000,1,YCSB,false,0.9, 0, 0, 14025,0,0,0,0, 14025, 1.40252,71300.1, 0, 0.0283504, 0, 0, 0, 0.265599, 0.614475, 0.00308225, 0, 0, 0, 0, 0, 0, 100000, 0, 0
50000,0,true,SILO,false,false,true,false,WR,1,0,false,LH_MCSLOCK,100000,0,TOP,0.9,16,true,WR,0,false,10000000,2,YCSB,false,0.9, 2139, 0, 21524,0,0,0,0, 21836, 4.32861,91589.2, 0.0619489, 0.0880871, 0, 0, 0, 0.694954, 1.80403, 0.173621, 0, 0, 0, 0, 0, 0, 198227, 0, 0
50000,0,true,SILO,false,false,true,false,WR,1,0,false,LH_MCSLOCK,100000,0,TOP,0.9,16,true,WR,0,false,10000000,4,YCSB,false,0.9, 11713, 0, 23122,0,0,0,0, 23968, 9.25133,166886, 0.326359, 0.190605, 0, 0, 0, 1.53008, 3.46464, 0.919573, 0, 0, 0, 0, 0, 0, 385979, 0, 0
50000,0,true,SILO,false,false,true,false,WR,1,0,false,LH_MCSLOCK,100000,0,TOP,0.9,16,true,WR,0,false,10000000,8,YCSB,false,0.9, 44475, 0, 19206,0,0,0,0, 20456, 15.3322,391096, 0.936342, 0.357308, 0, 0, 0, 1.75244, 3.84645, 3.48245, 0, 0, 0, 0, 0, 0, 749545, 0, 0
50000,0,true,SILO,false,false,true,false,WR,1,0,false,LH_MCSLOCK,100000,0,TOP,0.9,16,true,WR,0,false,10000000,16,YCSB,false,0.9, 153220, 0, 18471,0,0,0,0, 20125, 31.1959,795068, 2.56234, 0.644702, 0, 0, 0, 1.86037, 4.92996, 11.8549, 0, 0, 0, 0, 0, 0, 1550179, 0, 0
50000,0,true,SILO,false,false,true,false,WR,1,0,false,LH_MCSLOCK,100000,0,TOP,0.9,16,true,WR,0,false,10000000,32,YCSB,false,0.9, 471854, 0, 18769,0,0,0,0, 21038, 66.4404,1.52118e+06, 7.15906, 1.35793, 0, 0, 0, 3.28315, 5.01226, 36.6631, 0, 0, 0, 0, 0, 0, 3158366, 0, 0
50000,0,true,WAIT_DIE,false,false,true,false,WR,1,0,false,LH_MCSLOCK,100000,0,TOP,0.9,16,true,WR,0,false,10000000,1,YCSB,false,0.9, 0, 0, 13842,0,0,0,0, 13842, 1.38427,72240.1, 0, 0.0640622, 0, 0, 0, 0.259444, 0.815773, 0.0067617, 0, 0, 0, 0, 2726090, 0, 100000, 0, 0
50000,0,true,WAIT_DIE,false,false,true,false,WR,1,0,false,LH_MCSLOCK,100000,0,TOP,0.9,16,true,WR,0,false,10000000,2,YCSB,false,0.9, 2999, 0, 23922,0,0,0,0, 24109, 4.60379,82956, 0.0355572, 0.165651, 0, 0, 0, 0.921851, 2.53442, 0.264164, 0, 0, 0, 0, 21868500, 0.0132454, 190956, 0, 1407
50000,0,true,WAIT_DIE,false,false,true,false,WR,1,0,false,LH_MCSLOCK,100000,0,TOP,0.9,16,true,WR,0,false,10000000,4,YCSB,false,0.9, 15975, 0, 22295,0,0,0,0, 22700, 8.83662,176213, 0.157475, 0.363626, 0, 0, 0, 1.12554, 4.52177, 1.30295, 0, 0, 0, 0, 47012824, 0.0758933, 389282, 0, 8033
50000,0,true,WAIT_DIE,false,false,true,false,WR,1,0,false,LH_MCSLOCK,100000,0,TOP,0.9,16,true,WR,0,false,10000000,8,YCSB,false,0.9, 64957, 0, 25039,0,0,0,0, 26122, 19.7255,306267, 0.817045, 0.833014, 0, 0, 0, 1.93493, 8.50806, 5.16877, 0, 0, 0, 0, 96572439, 0.388565, 755157, 0, 32644
50000,0,true,WAIT_DIE,false,false,true,false,WR,1,0,false,LH_MCSLOCK,100000,0,TOP,0.9,16,true,WR,0,false,10000000,16,YCSB,false,0.9, 234712, 0, 24893,0,0,0,0, 27055, 42.6609,591415, 3.40643, 1.80365, 0, 0, 0, 2.26401, 13.3828, 18.3632, 0, 0, 0, 0, 151126673, 1.37659, 1576895, 0, 112811
50000,0,true,WAIT_DIE,false,false,true,false,WR,1,0,false,LH_MCSLOCK,100000,0,TOP,0.9,16,true,WR,0,false,10000000,32,YCSB,false,0.9, 856578, 0, 33751,0,0,0,0, 40860, 128.937,783227, 22.4233, 4.88924, 0, 0, 0, 4.00978, 30.1059, 67.3688, 0, 0, 0, 0, 324948651, 9.54877, 3155855, 0, 363271
50000,0,true,NO_WAIT,false,false,true,false,WR,1,0,false,LH_MCSLOCK,100000,0,TOP,0.9,16,true,WR,0,false,10000000,1,YCSB,false,0.9, 0, 0, 13731,0,0,0,0, 13731, 1.37319,72822.9, 0, 0.0636207, 0, 0, 0, 0.255774, 0.813982, 0.00306532, 0, 0, 0, 0, 0, 0, 100000, 0, 0
50000,0,true,NO_WAIT,false,false,true,false,WR,1,0,false,LH_MCSLOCK,100000,0,TOP,0.9,16,true,WR,0,false,10000000,2,YCSB,false,0.9, 4164, 0, 23852,0,0,0,0, 24243, 4.53088,82498.3, 0.0729981, 0.157544, 0, 0, 0, 0.827577, 2.51335, 0.330804, 0, 0, 0, 0, 0, 0, 186895, 0, 0
50000,0,true,NO_WAIT,false,false,true,false,WR,1,0,false,LH_MCSLOCK,100000,0,TOP,0.9,16,true,WR,0,false,10000000,4,YCSB,false,0.9, 24253, 0, 22226,0,0,0,0, 23694, 9.29449,168822, 0.575383, 0.350978, 0, 0, 0, 1.44614, 4.20045, 1.88434, 0, 0, 0, 0, 0, 0, 392279, 0, 0
50000,0,true,NO_WAIT,false,false,true,false,WR,1,0,false,LH_MCSLOCK,100000,0,TOP,0.9,16,true,WR,0,false,10000000,8,YCSB,false,0.9, 100579, 0, 22979,0,0,0,0, 27221, 21.1729,293909, 3.29816, 0.77695, 0, 0, 0, 1.73533, 7.96705, 7.7851, 0, 0, 0, 0, 0, 0, 777862, 0, 0
50000,0,true,NO_WAIT,false,false,true,false,WR,1,0,false,LH_MCSLOCK,100000,0,TOP,0.9,16,true,WR,0,false,10000000,16,YCSB,false,0.9, 378144, 0, 24459,0,0,0,0, 34686, 54.6014,461316, 16.0948, 1.90464, 0, 0, 0, 2.55225, 14.829, 29.3138, 0, 0, 0, 0, 0, 0, 1574281, 0, 0
50000,0,true,NO_WAIT,false,false,true,false,WR,1,0,false,LH_MCSLOCK,100000,0,TOP,0.9,16,true,WR,0,false,10000000,32,YCSB,false,0.9, 1297265, 0, 25254,0,0,0,0, 46124, 145.534,693899, 65.8372, 4.21411, 0, 0, 0, 3.75938, 24.857, 99.622, 0, 0, 0, 0, 0, 0, 3155814, 0, 0
50000,0,true,BAMBOO,false,false,true,true,WR,1,0,false,LH_MCSLOCK,100000,0,TOP,0.9,16,true,WR,0,false,10000000,1,YCSB,false,0.9, 0, 0, 12358,0,0,0,0, 12358, 1.23587,80914.9, 0, 0.0288667, 0.0015409, 0, 0, 0.258204, 0.497976, 0.00307421, 0, 0, 0, 0, 0, 0, 100000, 0, 0
50000,0,true,BAMBOO,false,false,true,false,WR,1,0,false,LH_MCSLOCK,100000,0,TOP,0.9,16,true,WR,0,false,10000000,1,YCSB,false,0.9, 0, 0, 12387,0,0,0,0, 12387, 1.23879,80723.6, 0, 0.0300765, 0.00152608, 0, 0, 0.256482, 0.512605, 0.00305954, 0, 0, 0, 0, 0, 0, 100000, 0, 0
50000,0,true,BAMBOO,false,false,true,true,WR,1,0,false,LH_MCSLOCK,100000,0,TOP,0.9,16,true,WR,0,false,10000000,2,YCSB,false,0.9, 14, 0, 31617,0,0,0,0, 31620, 5.63572,63250.1, 0.000502731, 0.262571, 0.0160406, 0, 0, 1.18549, 3.51139, 0.00687435, 0, 0, 0, 0, 0, 3.3164e-05, 178230, 0, 40
50000,0,true,BAMBOO,false,false,true,false,WR,1,0,false,LH_MCSLOCK,100000,0,TOP,0.9,16,true,WR,0,false,10000000,2,YCSB,false,0.9, 699, 0, 22017,0,0,0,0, 22071, 4.34393,90616.6, 0.0106179, 0.263355, 0.0078438, 0, 0, 0.579573, 2.77613, 0.0596297, 0, 0, 0, 0, 0, 4.2776e-05, 196816, 0, 45
50000,0,true,BAMBOO,false,false,true,true,WR,1,0,false,LH_MCSLOCK,100000,0,TOP,0.9,16,true,WR,0,false,10000000,4,YCSB,false,0.9, 383, 0, 24838,0,0,0,0, 24860, 9.82395,160898, 0.00863034, 0.631986, 0.0800706, 0, 0, 1.71067, 6.26889, 0.040179, 0, 0, 0, 0, 0, 0.000427201, 395163, 0, 539
50000,0,true,BAMBOO,false,false,true,false,WR,1,0,false,LH_MCSLOCK,100000,0,TOP,0.9,16,true,WR,0,false,10000000,4,YCSB,false,0.9, 3611, 0, 25013,0,0,0,0, 25190, 9.1577,158789, 0.0643839, 0.55279, 0.0519077, 0, 0, 1.49503, 5.70365, 0.292544, 0, 0, 0, 0, 0, 0.000206001, 363535, 0, 235
50000,0,true,BAMBOO,false,false,true,true,WR,1,0,false,LH_MCSLOCK,100000,0,TOP,0.9,16,true,WR,0,false,10000000,8,YCSB,false,0.9, 3526, 0, 23201,0,0,0,0, 23307, 17.2867,343236, 0.0787963, 1.68842, 0.477272, 0, 0, 2.27605, 11.1858, 0.296066, 0, 0, 0, 0, 0, 0.00289995, 741676, 0, 3137
50000,0,true,BAMBOO,false,false,true,false,WR,1,0,false,LH_MCSLOCK,100000,0,TOP,0.9,16,true,WR,0,false,10000000,8,YCSB,false,0.9, 16921, 0, 23058,0,0,0,0, 23463, 17.8042,340961, 0.306863, 1.3945, 0.13834, 0, 0, 2.0535, 10.5394, 1.33781, 0, 0, 0, 0, 0, 0.00171208, 758817, 0, 1925
50000,0,true,BAMBOO,false,false,true,true,WR,1,0,false,LH_MCSLOCK,100000,0,TOP,0.9,16,true,WR,0,false,10000000,16,YCSB,false,0.9, 23751, 0, 21315,0,0,0,0, 21625, 32.9659,739864, 0.472042, 3.85145, 1.06168, 0, 0, 3.41747, 20.4758, 1.89125, 0, 0, 0, 0, 0, 0.0190512, 1524393, 0, 18795
50000,0,true,BAMBOO,false,false,true,false,WR,1,0,false,LH_MCSLOCK,100000,0,TOP,0.9,16,true,WR,0,false,10000000,16,YCSB,false,0.9, 67825, 0, 20074,0,0,0,0, 20860, 32.3629,767031, 1.21842, 3.68743, 0.935176, 0, 0, 2.25703, 17.59, 5.29639, 0, 0, 0, 0, 0, 0.0106871, 1551460, 0, 11567
50000,0,true,BAMBOO,false,false,true,true,WR,1,0,false,LH_MCSLOCK,100000,0,TOP,0.9,16,true,WR,0,false,10000000,32,YCSB,false,0.9, 122966, 0, 17099,0,0,0,0, 17765, 54.152,1.80133e+06, 2.0266, 9.56256, 3.37586, 0, 0, 1.89023, 29.6892, 9.69184, 0, 0, 0, 0, 0, 0.130062, 3048311, 0, 122897
50000,0,true,BAMBOO,false,false,true,false,WR,1,0,false,LH_MCSLOCK,100000,0,TOP,0.9,16,true,WR,0,false,10000000,32,YCSB,false,0.9, 247638, 0, 25525,0,0,0,0, 27633, 84.669,1.15807e+06, 6.45539, 11.6856, 3.41995, 0, 0, 6.02585, 42.3286, 19.4569, 0, 0, 0, 0, 0, 0.130809, 3064145, 0, 82493
50000,0,true,WOUND_WAIT,false,false,true,false,WR,1,0,false,LH_MCSLOCK,100000,0,TOP,0.9,16,true,WR,0,false,10000000,1,YCSB,false,0.9, 0, 0, 13760,0,0,0,0, 13760, 1.37609,72669.5, 0, 0.0686866, 0, 0, 0, 0.257548, 0.812025, 0.00306413, 0, 0, 0, 0, 2601942, 0, 100000, 0, 0
50000,0,true,WOUND_WAIT,false,false,true,false,WR,1,0,false,LH_MCSLOCK,100000,0,TOP,0.9,16,true,WR,0,false,10000000,2,YCSB,false,0.9, 1295, 0, 26746,0,0,0,0, 26869, 5.07318,74434.6, 0.0231726, 0.189129, 0, 0, 0, 1.06115, 2.90318, 0.107279, 0, 0, 0, 0, 31913755, 0.033871, 188810, 0, 3032
50000,0,true,WOUND_WAIT,false,false,true,false,WR,1,0,false,LH_MCSLOCK,100000,0,TOP,0.9,16,true,WR,0,false,10000000,4,YCSB,false,0.9, 7156, 0, 20787,0,0,0,0, 21098, 8.15862,189590, 0.120144, 0.380459, 0, 0, 0, 1.121, 4.53077, 0.565113, 0, 0, 0, 0, 45919345, 0.254071, 386699, 0, 18530
50000,0,true,WOUND_WAIT,false,false,true,false,WR,1,0,false,LH_MCSLOCK,100000,0,TOP,0.9,16,true,WR,0,false,10000000,8,YCSB,false,0.9, 28608, 0, 22474,0,0,0,0, 23247, 18.0377,344129, 0.599406, 0.893763, 0, 0, 0, 2.12243, 9.09575, 2.23471, 0, 0, 0, 0, 82970793, 1.02934, 775913, 0, 86800
50000,0,true,WOUND_WAIT,false,false,true,false,WR,1,0,false,LH_MCSLOCK,100000,0,TOP,0.9,16,true,WR,0,false,10000000,16,YCSB,false,0.9, 86879, 0, 21496,0,0,0,0, 22704, 34.65,704725, 1.8429, 2.20267, 0, 0, 0, 2.44734, 14.1881, 6.76602, 0, 0, 0, 0, 173469684, 4.48373, 1526171, 0, 367012
50000,0,true,WOUND_WAIT,false,false,true,false,WR,1,0,false,LH_MCSLOCK,100000,0,TOP,0.9,16,true,WR,0,false,10000000,32,YCSB,false,0.9, 257170, 0, 35004,0,0,0,0, 37911, 117.791,844090, 9.02919, 7.54982, 0, 0, 0, 5.63663, 35.145, 20.0912, 0, 0, 0, 0, 419709303, 38.7394, 3107058, 0, 1559063
50000,0,true,SILO,false,false,true,false,WR,1,0,false,LH_MCSLOCK,100000,0,TOP,0.9,16,true,WR,0,false,10000000,1,YCSB,false,0.9, 0, 0, 14085,0,0,0,0, 14085, 1.40858,70993.5, 0, 0.0283418, 0, 0, 0, 0.265299, 0.61521, 0.00307832, 0, 0, 0, 0, 0, 0, 100000, 0, 0
50000,0,true,SILO,false,false,true,false,WR,1,0,false,LH_MCSLOCK,100000,0,TOP,0.9,16,true,WR,0,false,10000000,2,YCSB,false,0.9, 2039, 0, 23555,0,0,0,0, 23943, 4.55764,83531.3, 0.0738388, 0.0787095, 0, 0, 0, 0.884046, 1.98012, 0.164871, 0, 0, 0, 0, 0, 0, 190353, 0, 0
50000,0,true,SILO,false,false,true,false,WR,1,0,false,LH_MCSLOCK,100000,0,TOP,0.9,16,true,WR,0,false,10000000,4,YCSB,false,0.9, 11850, 0, 25135,0,0,0,0, 26072, 10.1566,153421, 0.364734, 0.20487, 0, 0, 0, 1.90386, 3.84839, 0.935273, 0, 0, 0, 0, 0, 0, 389561, 0, 0
50000,0,true,SILO,false,false,true,false,WR,1,0,false,LH_MCSLOCK,100000,0,TOP,0.9,16,true,WR,0,false,10000000,8,YCSB,false,0.9, 45463, 0, 19013,0,0,0,0, 20188, 15.6025,396277, 0.907676, 0.325385, 0, 0, 0, 1.83199, 3.97029, 3.5438, 0, 0, 0, 0, 0, 0, 772862, 0, 0
50000,0,true,SILO,false,false,true,false,WR,1,0,false,LH_MCSLOCK,100000,0,TOP,0.9,16,true,WR,0,false,10000000,16,YCSB,false,0.9, 151450, 0, 17407,0,0,0,0, 18913, 29.2261,846015, 2.32579, 0.608397, 0, 0, 0, 1.71357, 3.94494, 11.7094, 0, 0, 0, 0, 0, 0, 1545356, 0, 0
50000,0,true,SILO,false,false,true,false,WR,1,0,false,LH_MCSLOCK,100000,0,TOP,0.9,16,true,WR,0,false,10000000,32,YCSB,false,0.9, 477382, 0, 20346,0,0,0,0, 23035, 71.0219,1.38932e+06, 8.28202, 1.44997, 0, 0, 0, 3.62774, 7.07509, 37.1042, 0, 0, 0, 0, 0, 0, 3083506, 0, 0
50000,0,true,WAIT_DIE,false,false,true,false,WR,1,0,false,LH_MCSLOCK,100000,0,TOP,0.9,16,true,WR,0,false,10000000,1,YCSB,false,0.9, 0, 0, 13866,0,0,0,0, 13866, 1.38669,72114, 0, 0.0659269, 0, 0, 0, 0.257772, 0.819978, 0.00674425, 0, 0, 0, 0, 2726910, 0, 100000, 0, 0
50000,0,true,WAIT_DIE,false,false,true,false,WR,1,0,false,LH_MCSLOCK,100000,0,TOP,0.9,16,true,WR,0,false,10000000,2,YCSB,false,0.9, 2928, 0, 25345,0,0,0,0, 25513, 4.92332,78390.6, 0.0324162, 0.159876, 0, 0, 0, 1.10415, 2.72299, 0.258203, 0, 0, 0, 0, 18035068, 0.0161038, 192971, 0, 1436
50000,0,true,WAIT_DIE,false,false,true,false,WR,1,0,false,LH_MCSLOCK,100000,0,TOP,0.9,16,true,WR,0,false,10000000,4,YCSB,false,0.9, 16195, 0, 21579,0,0,0,0, 22001, 8.50344,181813, 0.162833, 0.355609, 0, 0, 0, 1.24467, 4.13442, 1.32105, 0, 0, 0, 0, 46424269, 0.0737667, 386508, 0, 7968
50000,0,true,WAIT_DIE,false,false,true,false,WR,1,0,false,LH_MCSLOCK,100000,0,TOP,0.9,16,true,WR,0,false,10000000,8,YCSB,false,0.9, 65445, 0, 22644,0,0,0,0, 23593, 18.3543,339098, 0.737337, 0.77943, 0, 0, 0, 1.80455, 7.57317, 5.18147, 0, 0, 0, 0, 79831254, 0.325393, 777990, 0, 32900
50000,0,true,WAIT_DIE,false,false,true,false,WR,1,0,false,LH_MCSLOCK,100000,0,TOP,0.9,16,true,WR,0,false,10000000,16,YCSB,false,0.9, 223779, 0, 23103,0,0,0,0, 24969, 39.2286,640819, 2.93012, 1.73298, 0, 0, 0, 1.77411, 12.1006, 17.5377, 0, 0, 0, 0, 143989885, 1.1551, 1571151, 0, 108413
50000,0,true,WAIT_DIE,false,false,true,false,WR,1,0,false,LH_MCSLOCK,100000,0,TOP,0.9,16,true,WR,0,false,10000000,32,YCSB,false,0.9, 810650, 0, 30389,0,0,0,0, 36489, 114.344,877035, 19.1069, 4.52983, 0, 0, 0, 3.48692, 24.2589, 63.3841, 0, 0, 0, 0, 300269106, 7.23379, 3133870, 0, 350087
50000,0,true,NO_WAIT,false,false,true,false,WR,1,0,false,LH_MCSLOCK,100000,0,TOP,0.9,16,true,WR,0,false,10000000,1,YCSB,false,0.9, 0, 0, 13804,0,0,0,0, 13804, 1.38046,72439.7, 0, 0.0648328, 0, 0, 0, 0.256389, 0.818803, 0.00308118, 0, 0, 0, 0, 0, 0, 100000, 0, 0
50000,0,true,NO_WAIT,false,false,true,false,WR,1,0,false,LH_MCSLOCK,100000,0,TOP,0.9,16,true,WR,0,false,10000000,2,YCSB,false,0.9, 4462, 0, 27284,0,0,0,0, 27753, 5.36298,72063.6, 0.090521, 0.171201, 0, 0, 0, 1.10806, 2.9453, 0.354745, 0, 0, 0, 0, 0, 0, 193238, 0, 0
50000,0,true,NO_WAIT,false,false,true,false,WR,1,0,false,LH_MCSLOCK,100000,0,TOP,0.9,16,true,WR,0,false,10000000,4,YCSB,false,0.9, 24086, 0, 25495,0,0,0,0, 27172, 10.1021,147214, 0.623067, 0.358736, 0, 0, 0, 1.59843, 4.80365, 1.87691, 0, 0, 0, 0, 0, 0, 371792, 0, 0
50000,0,true,NO_WAIT,false,false,true,false,WR,1,0,false,LH_MCSLOCK,100000,0,TOP,0.9,16,true,WR,0,false,10000000,8,YCSB,false,0.9, 100172, 0, 23712,0,0,0,0, 27970, 21.7811,286036, 3.31428, 0.783966, 0, 0, 0, 1.91762, 8.33251, 7.76498, 0, 0, 0, 0, 0, 0, 778772, 0, 0
50000,0,true,NO_WAIT,false,false,true,false,WR,1,0,false,LH_MCSLOCK,100000,0,TOP,0.9,16,true,WR,0,false,10000000,16,YCSB,false,0.9, 336054, 0, 20894,0,0,0,0, 29299, 45.9651,546127, 13.1834, 1.6888, 0, 0, 0, 1.76742, 11.4274, 26.0463, 0, 0, 0, 0, 0, 0, 1568926, 0, 0
50000,0,true,NO_WAIT,false,false,true,false,WR,1,0,false,LH_MCSLOCK,100000,0,TOP,0.9,16,true,WR,0,false,10000000,32,YCSB,false,0.9, 1314297, 0, 26139,0,0,0,0, 47941, 149.991,667609, 68.1942, 4.31391, 0, 0, 0, 3.73337, 27.0741, 101.923, 0, 0, 0, 0, 0, 0, 3129233, 0, 0
50000,0,true,BAMBOO,false,false,true,true,WR,1,0,false,LH_MCSLOCK,100000,0,TOP,0.9,16,true,WR,0,false,10000000,1,YCSB,false,0.9, 0, 0, 12390,0,0,0,0, 12390, 1.23909,80704.4, 0, 0.0289308, 0.0015419, 0, 0, 0.256608, 0.505047, 0.0030595, 0, 0, 0, 0, 0, 0, 100000, 0, 0
50000,0,true,BAMBOO,false,false,true,false,WR,1,0,false,LH_MCSLOCK,100000,0,TOP,0.9,16,true,WR,0,false,10000000,1,YCSB,false,0.9, 0, 0, 12409,0,0,0,0, 12409, 1.24096,80582.7, 0, 0.0288172, 0.00152537, 0, 0, 0.256222, 0.513274, 0.00305822, 0, 0, 0, 0, 0, 0, 100000, 0, 0
50000,0,true,BAMBOO,false,false,true,true,WR,1,0,false,LH_MCSLOCK,100000,0,TOP,0.9,16,true,WR,0,false,10000000,2,YCSB,false,0.9, 18, 0, 31641,0,0,0,0, 31645, 5.84729,63199.5, 0.000715888, 0.264924, 0.0180217, 0, 0, 1.27871, 3.66074, 0.00748873, 0, 0, 0, 0, 0, 3.9386e-05, 184773, 0, 44
50000,0,true,BAMBOO,false,false,true,false,WR,1,0,false,LH_MCSLOCK,100000,0,TOP,0.9,16,true,WR,0,false,10000000,2,YCSB,false,0.9, 668, 0, 26932,0,0,0,0, 26993, 5.02745,74090.8, 0.0114526, 0.248179, 0.00708968, 0, 0, 0.877466, 3.15572, 0.0620665, 0, 0, 0, 0, 0, 2.8132e-05, 186244, 0, 31
50000,0,true,BAMBOO,false,false,true,true,WR,1,0,false,LH_MCSLOCK,100000,0,TOP,0.9,16,true,WR,0,false,10000000,4,YCSB,false,0.9, 387, 0, 24175,0,0,0,0, 24197, 8.9404,165308, 0.0081959, 0.565725, 0.0536297, 0, 0, 1.58117, 5.65915, 0.0405675, 0, 0, 0, 0, 0, 0.000424694, 369479, 0, 511
50000,0,true,BAMBOO,false,false,true,false,WR,1,0,false,LH_MCSLOCK,100000,0,TOP,0.9,16,true,WR,0,false,10000000,4,YCSB,false,0.9, 3861, 0, 24764,0,0,0,0, 24946, 9.46409,160342, 0.0689678, 0.58169, 0.0401606, 0, 0, 1.60488, 5.78889, 0.311193, 0, 0, 0, 0, 0, 0.0118096, 379372, 0, 310
50000,0,true,BAMBOO,false,false,true,true,WR,1,0,false,LH_MCSLOCK,100000,0,TOP,0.9,16,true,WR,0,false,10000000,8,YCSB,false,0.9, 3810, 0, 21313,0,0,0,0, 21411, 16.6585,373625, 0.0761631, 1.4738, 0.220882, 0, 0, 2.17897, 10.6886, 0.320424, 0, 0, 0, 0, 0, 0.00308519, 778004, 0, 3439
50000,0,true,BAMBOO,false,false,true,false,WR,1,0,false,LH_MCSLOCK,100000,0,TOP,0.9,16,true,WR,0,false,10000000,8,YCSB,false,0.9, 17193, 0, 22999,0,0,0,0, 23411, 17.7398,341713, 0.312378, 1.45669, 0.22244, 0, 0, 2.22956, 10.5617, 1.35789, 0, 0, 0, 0, 0, 0.00150299, 757739, 0, 1724
50000,0,true,BAMBOO,false,false,true,true,WR,1,0,false,LH_MCSLOCK,100000,0,TOP,0.9,16,true,WR,0,false,10000000,16,YCSB,false,0.9, 24138, 0, 18361,0,0,0,0, 18629, 27.9987,858853, 0.402469, 3.65138, 0.821879, 0, 0, 2.36695, 17.2607, 1.91342, 0, 0, 0, 0, 0, 0.0237692, 1502922, 0, 22820
50000,0,true,BAMBOO,false,false,true,false,WR,1,0,false,LH_MCSLOCK,100000,0,TOP,0.9,16,true,WR,0,false,10000000,16,YCSB,false,0.9, 67184, 0, 18051,0,0,0,0, 18789, 29.3388,851564, 1.15204, 3.04511, 0.608367, 0, 0, 2.28628, 15.1582, 5.24238, 0, 0, 0, 0, 0, 0.00759092, 1561491, 0, 9967
50000,0,true,BAMBOO,false,false,true,true,WR,1,0,false,LH_MCSLOCK,100000,0,TOP,0.9,16,true,WR,0,false,10000000,32,YCSB,false,0.9, 128377, 0, 26428,0,0,0,0, 27461, 84.7989,1.16532e+06, 3.18628, 13.6014, 5.37559, 0, 0, 6.63498, 50.2254, 10.1564, 0, 0, 0, 0, 0, 0.174896, 3088054, 0, 114400
50000,0,true,BAMBOO,false,false,true,false,WR,1,0,false,LH_MCSLOCK,100000,0,TOP,0.9,16,true,WR,0,false,10000000,32,YCSB,false,0.9, 250993, 0, 28060,0,0,0,0, 30403, 93.4756,1.05257e+06, 7.2, 12.0386, 3.39908, 0, 0, 7.02122, 48.2827, 19.6756, 0, 0, 0, 0, 0, 0.134845, 3074666, 0, 78417
50000,0,true,WOUND_WAIT,false,false,true,false,WR,1,0,false,LH_MCSLOCK,100000,0,TOP,0.9,16,true,WR,0,false,10000000,1,YCSB,false,0.9, 0, 0, 13937,0,0,0,0, 13937, 1.39374,71749.2, 0, 0.0695777, 0, 0, 0, 0.256404, 0.824359, 0.00307591, 0, 0, 0, 0, 2291430, 0, 100000, 0, 0
50000,0,true,WOUND_WAIT,false,false,true,false,WR,1,0,false,LH_MCSLOCK,100000,0,TOP,0.9,16,true,WR,0,false,10000000,2,YCSB,false,0.9, 1236, 0, 21263,0,0,0,0, 21355, 3.98132,93652.4, 0.0172444, 0.165742, 0, 0, 0, 0.755491, 2.26155, 0.101964, 0, 0, 0, 0, 20738695, 0.0234788, 186430, 0, 2802
50000,0,true,WOUND_WAIT,false,false,true,false,WR,1,0,false,LH_MCSLOCK,100000,0,TOP,0.9,16,true,WR,0,false,10000000,4,YCSB,false,0.9, 6605, 0, 23174,0,0,0,0, 23531, 8.22994,169985, 0.124693, 0.375994, 0, 0, 0, 1.33802, 4.54943, 0.52021, 0, 0, 0, 0, 49017573, 0.169895, 349742, 0, 17056
50000,0,true,WOUND_WAIT,false,false,true,false,WR,1,0,false,LH_MCSLOCK,100000,0,TOP,0.9,16,true,WR,0,false,10000000,8,YCSB,false,0.9, 27254, 0, 22035,0,0,0,0, 22827, 16.9698,350469, 0.588204, 0.910716, 0, 0, 0, 1.85684, 8.62816, 2.13479, 0, 0, 0, 0, 91770065, 0.794094, 743425, 0, 83948
50000,0,true,WOUND_WAIT,false,false,true,false,WR,1,0,false,LH_MCSLOCK,100000,0,TOP,0.9,16,true,WR,0,false,10000000,16,YCSB,false,0.9, 90030, 0, 27133,0,0,0,0, 28607, 43.9063,559299, 2.26128, 2.59759, 0, 0, 0, 3.77564, 18.4895, 7.01891, 0, 0, 0, 0, 228556783, 6.42358, 1534798, 0, 386065
50000,0,true,WOUND_WAIT,false,false,true,false,WR,1,0,false,LH_MCSLOCK,100000,0,TOP,0.9,16,true,WR,0,false,10000000,32,YCSB,false,0.9, 256902, 0, 35690,0,0,0,0, 38652, 120.508,827925, 9.22933, 7.57386, 0, 0, 0, 4.67644, 36.649, 20.0339, 0, 0, 0, 0, 395026344, 40.799, 3117849, 0, 1559883
50000,0,true,SILO,false,false,true,false,WR,1,0,false,LH_MCSLOCK,100000,0,TOP,0.9,16,true,WR,0,false,10000000,1,YCSB,false,0.9, 0, 0, 13869,0,0,0,0, 13869, 1.38697,72099.4, 0, 0.0287735, 0, 0, 0, 0.258587, 0.605795, 0.00308406, 0, 0, 0, 0, 0, 0, 100000, 0, 0
50000,0,true,SILO,false,false,true,false,WR,1,0,false,LH_MCSLOCK,100000,0,TOP,0.9,16,true,WR,0,false,10000000,2,YCSB,false,0.9, 2171, 0, 26824,0,0,0,0, 27311, 5.45056,73228.5, 0.0973377, 0.0888181, 0, 0, 0, 1.16805, 2.47778, 0.174796, 0, 0, 0, 0, 0, 0, 199568, 0, 0
50000,0,true,SILO,false,false,true,false,WR,1,0,false,LH_MCSLOCK,100000,0,TOP,0.9,16,true,WR,0,false,10000000,4,YCSB,false,0.9, 11533, 0, 22594,0,0,0,0, 23392, 8.97819,170998, 0.306249, 0.188016, 0, 0, 0, 1.59518, 3.17306, 0.90765, 0, 0, 0, 0, 0, 0, 383813, 0, 0
50000,0,true,SILO,false,false,true,false,WR,1,0,false,LH_MCSLOCK,100000,0,TOP,0.9,16,true,WR,0,false,10000000,8,YCSB,false,0.9, 43452, 0, 19888,0,0,0,0, 21189, 15.4426,377570, 0.947441, 0.334779, 0, 0, 0, 1.92736, 3.97944, 3.39135, 0, 0, 0, 0, 0, 0, 728836, 0, 0
50000,0,true,SILO,false,false,true,false,WR,1,0,false,LH_MCSLOCK,100000,0,TOP,0.9,16,true,WR,0,false,10000000,16,YCSB,false,0.9, 152058, 0, 17446,0,0,0,0, 18965, 29.511,843704, 2.362, 0.612227, 0, 0, 0, 1.92865, 4.07753, 11.7657, 0, 0, 0, 0, 0, 0, 1556158, 0, 0
50000,0,true,SILO,false,false,true,false,WR,1,0,false,LH_MCSLOCK,100000,0,TOP,0.9,16,true,WR,0,false,10000000,32,YCSB,false,0.9, 500676, 0, 22317,0,0,0,0, 25501, 79.9738,1.25498e+06, 9.97645, 1.53316, 0, 0, 0, 3.30633, 10.3907, 38.9745, 0, 0, 0, 0, 0, 0, 3136421, 0, 0
50000,0,true,WAIT_DIE,false,false,true,false,WR,1,0,false,LH_MCSLOCK,100000,0,TOP,0.9,16,true,WR,0,false,10000000,1,YCSB,false,0.9, 0, 0, 13717,0,0,0,0, 13717, 1.37177,72898.5, 0, 0.0645163, 0, 0, 0, 0.254814, 0.809951, 0.00674294, 0, 0, 0, 0, 2725138, 0, 100000, 0, 0
50000,0,true,WAIT_DIE,false,false,true,false,WR,1,0,false,LH_MCSLOCK,100000,0,TOP,0.9,16,true,WR,0,false,10000000,2,YCSB,false,0.9, 2820, 0, 23016,0,0,0,0, 23142, 4.51497,86420.1, 0.0246819, 0.168695, 0, 0, 0, 0.76506, 2.5683, 0.256392, 0, 0, 0, 0, 29863078, 0.0149177, 195092, 0, 1448
50000,0,true,WAIT_DIE,false,false,true,false,WR,1,0,false,LH_MCSLOCK,100000,0,TOP,0.9,16,true,WR,0,false,10000000,4,YCSB,false,0.9, 15844, 0, 23354,0,0,0,0, 23714, 9.20371,168675, 0.139689, 0.380034, 0, 0, 0, 1.22133, 4.81825, 1.29977, 0, 0, 0, 0, 50216041, 0.0826134, 388108, 0, 8103
50000,0,true,WAIT_DIE,false,false,true,false,WR,1,0,false,LH_MCSLOCK,100000,0,TOP,0.9,16,true,WR,0,false,10000000,8,YCSB,false,0.9, 67163, 0, 24061,0,0,0,0, 25153, 19.63,318067, 0.850702, 0.800803, 0, 0, 0, 2.02128, 8.34026, 5.30211, 0, 0, 0, 0, 77520250, 0.382882, 780458, 0, 33221
50000,0,true,WAIT_DIE,false,false,true,false,WR,1,0,false,LH_MCSLOCK,100000,0,TOP,0.9,16,true,WR,0,false,10000000,16,YCSB,false,0.9, 223817, 0, 22906,0,0,0,0, 24770, 38.9624,645964, 2.93066, 1.736, 0, 0, 0, 1.8667, 11.9155, 17.5141, 0, 0, 0, 0, 141411579, 1.14152, 1573018, 0, 108122
50000,0,true,WAIT_DIE,false,false,true,false,WR,1,0,false,LH_MCSLOCK,100000,0,TOP,0.9,16,true,WR,0,false,10000000,32,YCSB,false,0.9, 891182, 0, 34906,0,0,0,0, 43123, 134.596,742124, 25.637, 5.21899, 0, 0, 0, 5.27354, 30.4971, 69.7389, 0, 0, 0, 0, 362814695, 10.8258, 3121471, 0, 361091
50000,0,true,NO_WAIT,false,false,true,false,WR,1,0,false,LH_MCSLOCK,100000,0,TOP,0.9,16,true,WR,0,false,10000000,1,YCSB,false,0.9, 0, 0, 13695,0,0,0,0, 13695, 1.36955,73016.8, 0, 0.0643757, 0, 0, 0, 0.254529, 0.810476, 0.00306505, 0, 0, 0, 0, 0, 0, 100000, 0, 0
50000,0,true,NO_WAIT,false,false,true,false,WR,1,0,false,LH_MCSLOCK,100000,0,TOP,0.9,16,true,WR,0,false,10000000,2,YCSB,false,0.9, 4497, 0, 24878,0,0,0,0, 25314, 5.00566,79005.8, 0.0862335, 0.160791, 0, 0, 0, 1.05444, 2.7383, 0.356882, 0, 0, 0, 0, 0, 0, 197738, 0, 0
50000,0,true,NO_WAIT,false,false,true,false,WR,1,0,false,LH_MCSLOCK,100000,0,TOP,0.9,16,true,WR,0,false,10000000,4,YCSB,false,0.9, 24314, 0, 20613,0,0,0,0, 22104, 8.63334,180967, 0.581876, 0.317296, 0, 0, 0, 1.1786, 3.87349, 1.88258, 0, 0, 0, 0, 0, 0, 390587, 0, 0
50000,0,true,NO_WAIT,false,false,true,false,WR,1,0,false,LH_MCSLOCK,100000,0,TOP,0.9,16,true,WR,0,false,10000000,8,YCSB,false,0.9, 105015, 0, 25040,0,0,0,0, 29575, 23.2483,270510, 3.56376, 0.864032, 0, 0, 0, 2.13303, 8.95269, 8.15413, 0, 0, 0, 0, 0, 0, 786111, 0, 0
50000,0,true,NO_WAIT,false,false,true,false,WR,1,0,false,LH_MCSLOCK,100000,0,TOP,0.9,16,true,WR,0,false,10000000,16,YCSB,false,0.9, 362834, 0, 23158,0,0,0,0, 32841, 51.2196,487244, 15.0978, 1.7739, 0, 0, 0, 2.24202, 13.1093, 28.1676, 0, 0, 0, 0, 0, 0, 1559777, 0, 0
50000,0,true,NO_WAIT,false,false,true,false,WR,1,0,false,LH_MCSLOCK,100000,0,TOP,0.9,16,true,WR,0,false,10000000,32,YCSB,false,0.9, 1359463, 0, 27374,0,0,0,0, 50436, 157.591,634570, 72.0418, 4.60533, 0, 0, 0, 5.03574, 28.2717, 105.872, 0, 0, 0, 0, 0, 0, 3125073, 0, 0
